Date,Node_ID,Node_Type,Product_ID,Opening_Inventory,Incoming_Quantity,Outgoing_Quantity,Closing_Inventory,Safety_Stock,Inventory_Risk
2026-06-01,W01,Warehouse,P001,701,33,52,682,154,LOW
2026-06-02,W01,Warehouse,P001,682,64,46,700,154,LOW
2026-06-03,W01,Warehouse,P001,700,16,3,713,154,LOW
2026-06-04,W01,Warehouse,P001,713,30,9,734,154,LOW
2026-06-05,W01,Warehouse,P001,734,26,46,714,154,LOW
2026-06-06,W01,Warehouse,P001,714,52,14,752,154,LOW
2026-06-07,W01,Warehouse,P001,752,1,16,737,154,LOW
2026-06-08,W01,Warehouse,P001,737,41,56,722,154,LOW
2026-06-09,W01,Warehouse,P001,722,32,20,734,154,LOW
2026-06-10,W01,Warehouse,P001,734,50,5,779,154,LOW
2026-06-11,W01,Warehouse,P001,779,21,2,798,154,LOW
2026-06-12,W01,Warehouse,P001,798,52,35,815,154,LOW
2026-06-13,W01,Warehouse,P001,815,58,49,824,154,LOW
2026-06-14,W01,Warehouse,P001,824,40,71,793,154,LOW
2026-06-15,W01,Warehouse,P001,793,90,8,875,154,LOW
2026-06-16,W01,Warehouse,P001,875,100,17,958,154,LOW
2026-06-17,W01,Warehouse,P001,958,29,50,937,154,LOW
2026-06-18,W01,Warehouse,P001,937,3,33,907,154,LOW
2026-06-19,W01,Warehouse,P001,907,21,43,885,154,LOW
2026-06-20,W01,Warehouse,P001,885,89,81,893,154,LOW
2026-06-21,W01,Warehouse,P001,893,23,48,868,154,LOW
2026-06-22,W01,Warehouse,P001,868,51,35,884,154,LOW
2026-06-23,W01,Warehouse,P001,884,69,87,866,154,LOW
2026-06-24,W01,Warehouse,P001,866,43,5,904,154,LOW
2026-06-25,W01,Warehouse,P001,904,103,83,924,154,LOW
2026-06-26,W01,Warehouse,P001,924,37,46,915,154,LOW
2026-06-27,W01,Warehouse,P001,915,98,45,968,154,LOW
2026-06-28,W01,Warehouse,P001,968,58,88,938,154,LOW
2026-06-29,W01,Warehouse,P001,938,96,47,987,154,LOW
2026-06-30,W01,Warehouse,P001,987,19,42,964,154,LOW
2026-06-01,W01,Warehouse,P002,420,35,11,444,92,LOW
2026-06-02,W01,Warehouse,P002,444,29,28,445,92,LOW
2026-06-03,W01,Warehouse,P002,445,4,25,424,92,LOW
2026-06-04,W01,Warehouse,P002,424,39,9,454,92,LOW
2026-06-05,W01,Warehouse,P002,454,30,31,453,92,LOW
2026-06-06,W01,Warehouse,P002,453,2,28,427,92,LOW
2026-06-07,W01,Warehouse,P002,427,13,16,424,92,LOW
2026-06-08,W01,Warehouse,P002,424,34,0,458,92,LOW
2026-06-09,W01,Warehouse,P002,458,0,20,438,92,LOW
2026-06-10,W01,Warehouse,P002,438,51,0,489,92,LOW
2026-06-11,W01,Warehouse,P002,489,48,3,534,92,LOW
2026-06-12,W01,Warehouse,P002,534,32,22,544,92,LOW
2026-06-13,W01,Warehouse,P002,544,31,4,571,92,LOW
2026-06-14,W01,Warehouse,P002,571,53,15,609,92,LOW
2026-06-15,W01,Warehouse,P002,609,58,39,628,92,LOW
2026-06-16,W01,Warehouse,P002,628,43,19,652,92,LOW
2026-06-17,W01,Warehouse,P002,652,52,64,640,92,LOW
2026-06-18,W01,Warehouse,P002,640,73,58,655,92,LOW
2026-06-19,W01,Warehouse,P002,655,17,38,634,92,LOW
2026-06-20,W01,Warehouse,P002,634,31,60,605,92,LOW
2026-06-21,W01,Warehouse,P002,605,71,52,624,92,LOW
2026-06-22,W01,Warehouse,P002,624,12,19,617,92,LOW
2026-06-23,W01,Warehouse,P002,617,54,45,626,92,LOW
2026-06-24,W01,Warehouse,P002,626,27,8,645,92,LOW
2026-06-25,W01,Warehouse,P002,645,10,43,612,92,LOW
2026-06-26,W01,Warehouse,P002,612,34,29,617,92,LOW
2026-06-27,W01,Warehouse,P002,617,62,1,678,92,LOW
2026-06-28,W01,Warehouse,P002,678,63,18,723,92,LOW
2026-06-29,W01,Warehouse,P002,723,83,68,738,92,LOW
2026-06-30,W01,Warehouse,P002,738,46,23,761,92,LOW
2026-06-01,W01,Warehouse,P003,205,5,3,207,45,LOW
2026-06-02,W01,Warehouse,P003,207,24,3,228,45,LOW
2026-06-03,W01,Warehouse,P003,228,12,10,230,45,LOW
2026-06-04,W01,Warehouse,P003,230,19,19,230,45,LOW
2026-06-05,W01,Warehouse,P003,230,15,17,228,45,LOW
2026-06-06,W01,Warehouse,P003,228,15,9,234,45,LOW
2026-06-07,W01,Warehouse,P003,234,4,4,234,45,LOW
2026-06-08,W01,Warehouse,P003,234,12,1,245,45,LOW
2026-06-09,W01,Warehouse,P003,245,9,11,243,45,LOW
2026-06-10,W01,Warehouse,P003,243,14,19,238,45,LOW
2026-06-11,W01,Warehouse,P003,238,28,16,250,45,LOW
2026-06-12,W01,Warehouse,P003,250,2,10,242,45,LOW
2026-06-13,W01,Warehouse,P003,242,21,14,249,45,LOW
2026-06-14,W01,Warehouse,P003,249,14,10,253,45,LOW
2026-06-15,W01,Warehouse,P003,253,12,14,251,45,LOW
2026-06-16,W01,Warehouse,P003,251,5,12,244,45,LOW
2026-06-17,W01,Warehouse,P003,244,6,16,234,45,LOW
2026-06-18,W01,Warehouse,P003,234,25,11,248,45,LOW
2026-06-19,W01,Warehouse,P003,248,12,22,238,45,LOW
2026-06-20,W01,Warehouse,P003,238,19,9,248,45,LOW
2026-06-21,W01,Warehouse,P003,248,0,0,248,45,LOW
2026-06-22,W01,Warehouse,P003,248,6,5,249,45,LOW
2026-06-23,W01,Warehouse,P003,249,22,12,259,45,LOW
2026-06-24,W01,Warehouse,P003,259,31,13,277,45,LOW
2026-06-25,W01,Warehouse,P003,277,30,14,293,45,LOW
2026-06-26,W01,Warehouse,P003,293,12,20,285,45,LOW
2026-06-27,W01,Warehouse,P003,285,15,7,293,45,LOW
2026-06-28,W01,Warehouse,P003,293,17,19,291,45,LOW
2026-06-29,W01,Warehouse,P003,291,13,20,284,45,LOW
2026-06-30,W01,Warehouse,P003,284,34,11,307,45,LOW
2026-06-01,W01,Warehouse,P004,152,5,6,151,33,LOW
2026-06-02,W01,Warehouse,P004,151,15,2,164,33,LOW
2026-06-03,W01,Warehouse,P004,164,19,6,177,33,LOW
2026-06-04,W01,Warehouse,P004,177,18,13,182,33,LOW
2026-06-05,W01,Warehouse,P004,182,17,16,183,33,LOW
2026-06-06,W01,Warehouse,P004,183,4,10,177,33,LOW
2026-06-07,W01,Warehouse,P004,177,2,5,174,33,LOW
2026-06-08,W01,Warehouse,P004,174,0,11,163,33,LOW
2026-06-09,W01,Warehouse,P004,163,12,11,164,33,LOW
2026-06-10,W01,Warehouse,P004,164,3,5,162,33,LOW
2026-06-11,W01,Warehouse,P004,162,13,13,162,33,LOW
2026-06-12,W01,Warehouse,P004,162,17,1,178,33,LOW
2026-06-13,W01,Warehouse,P004,178,8,0,186,33,LOW
2026-06-14,W01,Warehouse,P004,186,18,2,202,33,LOW
2026-06-15,W01,Warehouse,P004,202,20,3,219,33,LOW
2026-06-16,W01,Warehouse,P004,219,0,18,201,33,LOW
2026-06-17,W01,Warehouse,P004,201,10,8,203,33,LOW
2026-06-18,W01,Warehouse,P004,203,16,5,214,33,LOW
2026-06-19,W01,Warehouse,P004,214,17,9,222,33,LOW
2026-06-20,W01,Warehouse,P004,222,7,8,221,33,LOW
2026-06-21,W01,Warehouse,P004,221,0,6,215,33,LOW
2026-06-22,W01,Warehouse,P004,215,15,2,228,33,LOW
2026-06-23,W01,Warehouse,P004,228,3,14,217,33,LOW
2026-06-24,W01,Warehouse,P004,217,11,2,226,33,LOW
2026-06-25,W01,Warehouse,P004,226,20,17,229,33,LOW
2026-06-26,W01,Warehouse,P004,229,0,4,225,33,LOW
2026-06-27,W01,Warehouse,P004,225,10,16,219,33,LOW
2026-06-28,W01,Warehouse,P004,219,1,16,204,33,LOW
2026-06-29,W01,Warehouse,P004,204,7,2,209,33,LOW
2026-06-30,W01,Warehouse,P004,209,22,1,230,33,LOW
2026-06-01,W01,Warehouse,P005,301,4,28,277,66,LOW
2026-06-02,W01,Warehouse,P005,277,17,12,282,66,LOW
2026-06-03,W01,Warehouse,P005,282,24,17,289,66,LOW
2026-06-04,W01,Warehouse,P005,289,22,0,311,66,LOW
2026-06-05,W01,Warehouse,P005,311,20,8,323,66,LOW
2026-06-06,W01,Warehouse,P005,323,32,16,339,66,LOW
2026-06-07,W01,Warehouse,P005,339,5,29,315,66,LOW
2026-06-08,W01,Warehouse,P005,315,11,8,318,66,LOW
2026-06-09,W01,Warehouse,P005,318,36,24,330,66,LOW
2026-06-10,W01,Warehouse,P005,330,35,21,344,66,LOW
2026-06-11,W01,Warehouse,P005,344,39,3,380,66,LOW
2026-06-12,W01,Warehouse,P005,380,28,11,397,66,LOW
2026-06-13,W01,Warehouse,P005,397,19,9,407,66,LOW
2026-06-14,W01,Warehouse,P005,407,10,17,400,66,LOW
2026-06-15,W01,Warehouse,P005,400,45,25,420,66,LOW
2026-06-16,W01,Warehouse,P005,420,18,18,420,66,LOW
2026-06-17,W01,Warehouse,P005,420,27,10,437,66,LOW
2026-06-18,W01,Warehouse,P005,437,28,29,436,66,LOW
2026-06-19,W01,Warehouse,P005,436,13,25,424,66,LOW
2026-06-20,W01,Warehouse,P005,424,37,21,440,66,LOW
2026-06-21,W01,Warehouse,P005,440,16,24,432,66,LOW
2026-06-22,W01,Warehouse,P005,432,42,9,465,66,LOW
2026-06-23,W01,Warehouse,P005,465,33,31,467,66,LOW
2026-06-24,W01,Warehouse,P005,467,18,17,468,66,LOW
2026-06-25,W01,Warehouse,P005,468,51,16,503,66,LOW
2026-06-26,W01,Warehouse,P005,503,37,7,533,66,LOW
2026-06-27,W01,Warehouse,P005,533,61,31,563,66,LOW
2026-06-28,W01,Warehouse,P005,563,53,33,583,66,LOW
2026-06-29,W01,Warehouse,P005,583,25,19,589,66,LOW
2026-06-30,W01,Warehouse,P005,589,51,49,591,66,LOW
2026-06-01,W01,Warehouse,P006,190,2,16,176,41,LOW
2026-06-02,W01,Warehouse,P006,176,18,1,193,41,LOW
2026-06-03,W01,Warehouse,P006,193,2,13,182,41,LOW
2026-06-04,W01,Warehouse,P006,182,18,7,193,41,LOW
2026-06-05,W01,Warehouse,P006,193,15,18,190,41,LOW
2026-06-06,W01,Warehouse,P006,190,7,4,193,41,LOW
2026-06-07,W01,Warehouse,P006,193,23,5,211,41,LOW
2026-06-08,W01,Warehouse,P006,211,12,9,214,41,LOW
2026-06-09,W01,Warehouse,P006,214,13,5,222,41,LOW
2026-06-10,W01,Warehouse,P006,222,18,15,225,41,LOW
2026-06-11,W01,Warehouse,P006,225,5,10,220,41,LOW
2026-06-12,W01,Warehouse,P006,220,1,4,217,41,LOW
2026-06-13,W01,Warehouse,P006,217,26,10,233,41,LOW
2026-06-14,W01,Warehouse,P006,233,18,20,231,41,LOW
2026-06-15,W01,Warehouse,P006,231,19,18,232,41,LOW
2026-06-16,W01,Warehouse,P006,232,20,11,241,41,LOW
2026-06-17,W01,Warehouse,P006,241,18,6,253,41,LOW
2026-06-18,W01,Warehouse,P006,253,27,4,276,41,LOW
2026-06-19,W01,Warehouse,P006,276,30,23,283,41,LOW
2026-06-20,W01,Warehouse,P006,283,4,19,268,41,LOW
2026-06-21,W01,Warehouse,P006,268,32,14,286,41,LOW
2026-06-22,W01,Warehouse,P006,286,11,24,273,41,LOW
2026-06-23,W01,Warehouse,P006,273,17,3,287,41,LOW
2026-06-24,W01,Warehouse,P006,287,8,19,276,41,LOW
2026-06-25,W01,Warehouse,P006,276,15,5,286,41,LOW
2026-06-26,W01,Warehouse,P006,286,27,3,310,41,LOW
2026-06-27,W01,Warehouse,P006,310,8,14,304,41,LOW
2026-06-28,W01,Warehouse,P006,304,1,11,294,41,LOW
2026-06-29,W01,Warehouse,P006,294,32,27,299,41,LOW
2026-06-30,W01,Warehouse,P006,299,32,9,322,41,LOW
2026-06-01,W01,Warehouse,P007,287,2,22,267,63,LOW
2026-06-02,W01,Warehouse,P007,267,12,19,260,63,LOW
2026-06-03,W01,Warehouse,P007,260,3,17,246,63,LOW
2026-06-04,W01,Warehouse,P007,246,17,22,241,63,LOW
2026-06-05,W01,Warehouse,P007,241,3,9,235,63,LOW
2026-06-06,W01,Warehouse,P007,235,28,8,255,63,LOW
2026-06-07,W01,Warehouse,P007,255,20,4,271,63,LOW
2026-06-08,W01,Warehouse,P007,271,24,7,288,63,LOW
2026-06-09,W01,Warehouse,P007,288,20,24,284,63,LOW
2026-06-10,W01,Warehouse,P007,284,23,13,294,63,LOW
2026-06-11,W01,Warehouse,P007,294,6,9,291,63,LOW
2026-06-12,W01,Warehouse,P007,291,30,6,315,63,LOW
2026-06-13,W01,Warehouse,P007,315,25,15,325,63,LOW
2026-06-14,W01,Warehouse,P007,325,12,22,315,63,LOW
2026-06-15,W01,Warehouse,P007,315,14,8,321,63,LOW
2026-06-16,W01,Warehouse,P007,321,21,24,318,63,LOW
2026-06-17,W01,Warehouse,P007,318,33,19,332,63,LOW
2026-06-18,W01,Warehouse,P007,332,27,25,334,63,LOW
2026-06-19,W01,Warehouse,P007,334,11,8,337,63,LOW
2026-06-20,W01,Warehouse,P007,337,20,20,337,63,LOW
2026-06-21,W01,Warehouse,P007,337,27,5,359,63,LOW
2026-06-22,W01,Warehouse,P007,359,34,12,381,63,LOW
2026-06-23,W01,Warehouse,P007,381,41,27,395,63,LOW
2026-06-24,W01,Warehouse,P007,395,48,24,419,63,LOW
2026-06-25,W01,Warehouse,P007,419,27,7,439,63,LOW
2026-06-26,W01,Warehouse,P007,439,21,36,424,63,LOW
2026-06-27,W01,Warehouse,P007,424,20,2,442,63,LOW
2026-06-28,W01,Warehouse,P007,442,13,26,429,63,LOW
2026-06-29,W01,Warehouse,P007,429,33,41,421,63,LOW
2026-06-30,W01,Warehouse,P007,421,48,22,447,63,LOW
2026-06-01,W01,Warehouse,P008,221,14,17,218,48,LOW
2026-06-02,W01,Warehouse,P008,218,1,12,207,48,LOW
2026-06-03,W01,Warehouse,P008,207,11,15,203,48,LOW
2026-06-04,W01,Warehouse,P008,203,20,13,210,48,LOW
2026-06-05,W01,Warehouse,P008,210,17,14,213,48,LOW
2026-06-06,W01,Warehouse,P008,213,15,4,224,48,LOW
2026-06-07,W01,Warehouse,P008,224,7,16,215,48,LOW
2026-06-08,W01,Warehouse,P008,215,16,4,227,48,LOW
2026-06-09,W01,Warehouse,P008,227,24,21,230,48,LOW
2026-06-10,W01,Warehouse,P008,230,17,5,242,48,LOW
2026-06-11,W01,Warehouse,P008,242,28,5,265,48,LOW
2026-06-12,W01,Warehouse,P008,265,14,22,257,48,LOW
2026-06-13,W01,Warehouse,P008,257,16,6,267,48,LOW
2026-06-14,W01,Warehouse,P008,267,2,9,260,48,LOW
2026-06-15,W01,Warehouse,P008,260,21,18,263,48,LOW
2026-06-16,W01,Warehouse,P008,263,7,4,266,48,LOW
2026-06-17,W01,Warehouse,P008,266,23,4,285,48,LOW
2026-06-18,W01,Warehouse,P008,285,2,13,274,48,LOW
2026-06-19,W01,Warehouse,P008,274,19,6,287,48,LOW
2026-06-20,W01,Warehouse,P008,287,7,6,288,48,LOW
2026-06-21,W01,Warehouse,P008,288,12,0,300,48,LOW
2026-06-22,W01,Warehouse,P008,300,0,11,289,48,LOW
2026-06-23,W01,Warehouse,P008,289,0,8,281,48,LOW
2026-06-24,W01,Warehouse,P008,281,20,0,301,48,LOW
2026-06-25,W01,Warehouse,P008,301,22,18,305,48,LOW
2026-06-26,W01,Warehouse,P008,305,21,18,308,48,LOW
2026-06-27,W01,Warehouse,P008,308,30,2,336,48,LOW
2026-06-28,W01,Warehouse,P008,336,7,10,333,48,LOW
2026-06-29,W01,Warehouse,P008,333,28,28,333,48,LOW
2026-06-30,W01,Warehouse,P008,333,37,19,351,48,LOW
2026-06-01,W01,Warehouse,P009,787,40,32,795,173,LOW
2026-06-02,W01,Warehouse,P009,795,5,36,764,173,LOW
2026-06-03,W01,Warehouse,P009,764,48,15,797,173,LOW
2026-06-04,W01,Warehouse,P009,797,76,64,809,173,LOW
2026-06-05,W01,Warehouse,P009,809,30,73,766,173,LOW
2026-06-06,W01,Warehouse,P009,766,10,69,707,173,LOW
2026-06-07,W01,Warehouse,P009,707,67,15,759,173,LOW
2026-06-08,W01,Warehouse,P009,759,61,23,797,173,LOW
2026-06-09,W01,Warehouse,P009,797,79,12,864,173,LOW
2026-06-10,W01,Warehouse,P009,864,26,26,864,173,LOW
2026-06-11,W01,Warehouse,P009,864,21,28,857,173,LOW
2026-06-12,W01,Warehouse,P009,857,64,53,868,173,LOW
2026-06-13,W01,Warehouse,P009,868,59,16,911,173,LOW
2026-06-14,W01,Warehouse,P009,911,22,83,850,173,LOW
2026-06-15,W01,Warehouse,P009,850,26,8,868,173,LOW
2026-06-16,W01,Warehouse,P009,868,49,0,917,173,LOW
2026-06-17,W01,Warehouse,P009,917,39,77,879,173,LOW
2026-06-18,W01,Warehouse,P009,879,29,61,847,173,LOW
2026-06-19,W01,Warehouse,P009,847,51,29,869,173,LOW
2026-06-20,W01,Warehouse,P009,869,71,51,889,173,LOW
2026-06-21,W01,Warehouse,P009,889,35,19,905,173,LOW
2026-06-22,W01,Warehouse,P009,905,103,15,993,173,LOW
2026-06-23,W01,Warehouse,P009,993,118,46,1065,173,LOW
2026-06-24,W01,Warehouse,P009,1065,132,37,1160,173,LOW
2026-06-25,W01,Warehouse,P009,1160,81,71,1170,173,LOW
2026-06-26,W01,Warehouse,P009,1170,49,25,1194,173,LOW
2026-06-27,W01,Warehouse,P009,1194,77,78,1193,173,LOW
2026-06-28,W01,Warehouse,P009,1193,38,91,1140,173,LOW
2026-06-29,W01,Warehouse,P009,1140,90,18,1212,173,LOW
2026-06-30,W01,Warehouse,P009,1212,141,5,1348,173,LOW
2026-06-01,W01,Warehouse,P010,211,16,9,218,46,LOW
2026-06-02,W01,Warehouse,P010,218,17,16,219,46,LOW
2026-06-03,W01,Warehouse,P010,219,18,13,224,46,LOW
2026-06-04,W01,Warehouse,P010,224,23,15,232,46,LOW
2026-06-05,W01,Warehouse,P010,232,23,9,246,46,LOW
2026-06-06,W01,Warehouse,P010,246,6,5,247,46,LOW
2026-06-07,W01,Warehouse,P010,247,18,12,253,46,LOW
2026-06-08,W01,Warehouse,P010,253,2,5,250,46,LOW
2026-06-09,W01,Warehouse,P010,250,29,18,261,46,LOW
2026-06-10,W01,Warehouse,P010,261,24,5,280,46,LOW
2026-06-11,W01,Warehouse,P010,280,2,8,274,46,LOW
2026-06-12,W01,Warehouse,P010,274,29,13,290,46,LOW
2026-06-13,W01,Warehouse,P010,290,28,14,304,46,LOW
2026-06-14,W01,Warehouse,P010,304,18,18,304,46,LOW
2026-06-15,W01,Warehouse,P010,304,36,13,327,46,LOW
2026-06-16,W01,Warehouse,P010,327,23,29,321,46,LOW
2026-06-17,W01,Warehouse,P010,321,14,26,309,46,LOW
2026-06-18,W01,Warehouse,P010,309,20,26,303,46,LOW
2026-06-19,W01,Warehouse,P010,303,17,18,302,46,LOW
2026-06-20,W01,Warehouse,P010,302,11,19,294,46,LOW
2026-06-21,W01,Warehouse,P010,294,11,17,288,46,LOW
2026-06-22,W01,Warehouse,P010,288,28,12,304,46,LOW
2026-06-23,W01,Warehouse,P010,304,16,9,311,46,LOW
2026-06-24,W01,Warehouse,P010,311,27,18,320,46,LOW
2026-06-25,W01,Warehouse,P010,320,20,0,340,46,LOW
2026-06-26,W01,Warehouse,P010,340,4,0,344,46,LOW
2026-06-27,W01,Warehouse,P010,344,36,28,352,46,LOW
2026-06-28,W01,Warehouse,P010,352,2,1,353,46,LOW
2026-06-29,W01,Warehouse,P010,353,34,18,369,46,LOW
2026-06-30,W01,Warehouse,P010,369,14,22,361,46,LOW
2026-06-01,W01,Warehouse,P011,165,4,3,166,36,LOW
2026-06-02,W01,Warehouse,P011,166,7,14,159,36,LOW
2026-06-03,W01,Warehouse,P011,159,14,2,171,36,LOW
2026-06-04,W01,Warehouse,P011,171,11,15,167,36,LOW
2026-06-05,W01,Warehouse,P011,167,19,12,174,36,LOW
2026-06-06,W01,Warehouse,P011,174,2,4,172,36,LOW
2026-06-07,W01,Warehouse,P011,172,4,2,174,36,LOW
2026-06-08,W01,Warehouse,P011,174,3,5,172,36,LOW
2026-06-09,W01,Warehouse,P011,172,11,6,177,36,LOW
2026-06-10,W01,Warehouse,P011,177,9,4,182,36,LOW
2026-06-11,W01,Warehouse,P011,182,3,17,168,36,LOW
2026-06-12,W01,Warehouse,P011,168,12,3,177,36,LOW
2026-06-13,W01,Warehouse,P011,177,17,14,180,36,LOW
2026-06-14,W01,Warehouse,P011,180,21,2,199,36,LOW
2026-06-15,W01,Warehouse,P011,199,15,18,196,36,LOW
2026-06-16,W01,Warehouse,P011,196,19,4,211,36,LOW
2026-06-17,W01,Warehouse,P011,211,23,8,226,36,LOW
2026-06-18,W01,Warehouse,P011,226,13,12,227,36,LOW
2026-06-19,W01,Warehouse,P011,227,21,2,246,36,LOW
2026-06-20,W01,Warehouse,P011,246,16,19,243,36,LOW
2026-06-21,W01,Warehouse,P011,243,16,6,253,36,LOW
2026-06-22,W01,Warehouse,P011,253,1,13,241,36,LOW
2026-06-23,W01,Warehouse,P011,241,21,13,249,36,LOW
2026-06-24,W01,Warehouse,P011,249,30,14,265,36,LOW
2026-06-25,W01,Warehouse,P011,265,16,1,280,36,LOW
2026-06-26,W01,Warehouse,P011,280,19,4,295,36,LOW
2026-06-27,W01,Warehouse,P011,295,26,4,317,36,LOW
2026-06-28,W01,Warehouse,P011,317,35,9,343,36,LOW
2026-06-29,W01,Warehouse,P011,343,18,4,357,36,LOW
2026-06-30,W01,Warehouse,P011,357,9,32,334,36,LOW
2026-06-01,W01,Warehouse,P012,110,3,5,108,24,LOW
2026-06-02,W01,Warehouse,P012,108,12,6,114,24,LOW
2026-06-03,W01,Warehouse,P012,114,0,3,111,24,LOW
2026-06-04,W01,Warehouse,P012,111,5,3,113,24,LOW
2026-06-05,W01,Warehouse,P012,113,3,5,111,24,LOW
2026-06-06,W01,Warehouse,P012,111,4,3,112,24,LOW
2026-06-07,W01,Warehouse,P012,112,5,3,114,24,LOW
2026-06-08,W01,Warehouse,P012,114,3,4,113,24,LOW
2026-06-09,W01,Warehouse,P012,113,13,5,121,24,LOW
2026-06-10,W01,Warehouse,P012,121,8,11,118,24,LOW
2026-06-11,W01,Warehouse,P012,118,8,2,124,24,LOW
2026-06-12,W01,Warehouse,P012,124,5,5,124,24,LOW
2026-06-13,W01,Warehouse,P012,124,7,1,130,24,LOW
2026-06-14,W01,Warehouse,P012,130,1,4,127,24,LOW
2026-06-15,W01,Warehouse,P012,127,13,8,132,24,LOW
2026-06-16,W01,Warehouse,P012,132,13,2,143,24,LOW
2026-06-17,W01,Warehouse,P012,143,7,8,142,24,LOW
2026-06-18,W01,Warehouse,P012,142,7,5,144,24,LOW
2026-06-19,W01,Warehouse,P012,144,6,0,150,24,LOW
2026-06-20,W01,Warehouse,P012,150,15,13,152,24,LOW
2026-06-21,W01,Warehouse,P012,152,1,6,147,24,LOW
2026-06-22,W01,Warehouse,P012,147,9,10,146,24,LOW
2026-06-23,W01,Warehouse,P012,146,17,5,158,24,LOW
2026-06-24,W01,Warehouse,P012,158,14,14,158,24,LOW
2026-06-25,W01,Warehouse,P012,158,15,4,169,24,LOW
2026-06-26,W01,Warehouse,P012,169,17,6,180,24,LOW
2026-06-27,W01,Warehouse,P012,180,0,13,167,24,LOW
2026-06-28,W01,Warehouse,P012,167,16,5,178,24,LOW
2026-06-29,W01,Warehouse,P012,178,9,6,181,24,LOW
2026-06-30,W01,Warehouse,P012,181,2,17,166,24,LOW
2026-06-01,W01,Warehouse,P013,74,0,3,71,16,LOW
2026-06-02,W01,Warehouse,P013,71,0,4,67,16,LOW
2026-06-03,W01,Warehouse,P013,67,7,3,71,16,LOW
2026-06-04,W01,Warehouse,P013,71,4,5,70,16,LOW
2026-06-05,W01,Warehouse,P013,70,7,6,71,16,LOW
2026-06-06,W01,Warehouse,P013,71,1,3,69,16,LOW
2026-06-07,W01,Warehouse,P013,69,6,1,74,16,LOW
2026-06-08,W01,Warehouse,P013,74,6,0,80,16,LOW
2026-06-09,W01,Warehouse,P013,80,8,4,84,16,LOW
2026-06-10,W01,Warehouse,P013,84,7,6,85,16,LOW
2026-06-11,W01,Warehouse,P013,85,2,3,84,16,LOW
2026-06-12,W01,Warehouse,P013,84,8,1,91,16,LOW
2026-06-13,W01,Warehouse,P013,91,9,2,98,16,LOW
2026-06-14,W01,Warehouse,P013,98,6,4,100,16,LOW
2026-06-15,W01,Warehouse,P013,100,8,8,100,16,LOW
2026-06-16,W01,Warehouse,P013,100,4,1,103,16,LOW
2026-06-17,W01,Warehouse,P013,103,5,6,102,16,LOW
2026-06-18,W01,Warehouse,P013,102,9,7,104,16,LOW
2026-06-19,W01,Warehouse,P013,104,4,9,99,16,LOW
2026-06-20,W01,Warehouse,P013,99,0,1,98,16,LOW
2026-06-21,W01,Warehouse,P013,98,0,8,90,16,LOW
2026-06-22,W01,Warehouse,P013,90,1,5,86,16,LOW
2026-06-23,W01,Warehouse,P013,86,8,6,88,16,LOW
2026-06-24,W01,Warehouse,P013,88,10,0,98,16,LOW
2026-06-25,W01,Warehouse,P013,98,4,4,98,16,LOW
2026-06-26,W01,Warehouse,P013,98,8,5,101,16,LOW
2026-06-27,W01,Warehouse,P013,101,6,3,104,16,LOW
2026-06-28,W01,Warehouse,P013,104,1,4,101,16,LOW
2026-06-29,W01,Warehouse,P013,101,3,5,99,16,LOW
2026-06-30,W01,Warehouse,P013,99,9,4,104,16,LOW
2026-06-01,W01,Warehouse,P014,180,12,0,192,39,LOW
2026-06-02,W01,Warehouse,P014,192,15,8,199,39,LOW
2026-06-03,W01,Warehouse,P014,199,2,4,197,39,LOW
2026-06-04,W01,Warehouse,P014,197,18,17,198,39,LOW
2026-06-05,W01,Warehouse,P014,198,12,18,192,39,LOW
2026-06-06,W01,Warehouse,P014,192,4,5,191,39,LOW
2026-06-07,W01,Warehouse,P014,191,21,3,209,39,LOW
2026-06-08,W01,Warehouse,P014,209,17,4,222,39,LOW
2026-06-09,W01,Warehouse,P014,222,8,10,220,39,LOW
2026-06-10,W01,Warehouse,P014,220,9,19,210,39,LOW
2026-06-11,W01,Warehouse,P014,210,25,10,225,39,LOW
2026-06-12,W01,Warehouse,P014,225,14,1,238,39,LOW
2026-06-13,W01,Warehouse,P014,238,6,0,244,39,LOW
2026-06-14,W01,Warehouse,P014,244,25,5,264,39,LOW
2026-06-15,W01,Warehouse,P014,264,11,21,254,39,LOW
2026-06-16,W01,Warehouse,P014,254,22,15,261,39,LOW
2026-06-17,W01,Warehouse,P014,261,1,14,248,39,LOW
2026-06-18,W01,Warehouse,P014,248,17,7,258,39,LOW
2026-06-19,W01,Warehouse,P014,258,23,23,258,39,LOW
2026-06-20,W01,Warehouse,P014,258,8,8,258,39,LOW
2026-06-21,W01,Warehouse,P014,258,10,20,248,39,LOW
2026-06-22,W01,Warehouse,P014,248,2,21,229,39,LOW
2026-06-23,W01,Warehouse,P014,229,21,10,240,39,LOW
2026-06-24,W01,Warehouse,P014,240,17,21,236,39,LOW
2026-06-25,W01,Warehouse,P014,236,22,6,252,39,LOW
2026-06-26,W01,Warehouse,P014,252,1,16,237,39,LOW
2026-06-27,W01,Warehouse,P014,237,4,2,239,39,LOW
2026-06-28,W01,Warehouse,P014,239,28,10,257,39,LOW
2026-06-29,W01,Warehouse,P014,257,20,5,272,39,LOW
2026-06-30,W01,Warehouse,P014,272,3,1,274,39,LOW
2026-06-01,W01,Warehouse,P015,234,10,0,244,51,LOW
2026-06-02,W01,Warehouse,P015,244,12,7,249,51,LOW
2026-06-03,W01,Warehouse,P015,249,16,14,251,51,LOW
2026-06-04,W01,Warehouse,P015,251,9,11,249,51,LOW
2026-06-05,W01,Warehouse,P015,249,2,7,244,51,LOW
2026-06-06,W01,Warehouse,P015,244,29,23,250,51,LOW
2026-06-07,W01,Warehouse,P015,250,15,23,242,51,LOW
2026-06-08,W01,Warehouse,P015,242,15,3,254,51,LOW
2026-06-09,W01,Warehouse,P015,254,26,10,270,51,LOW
2026-06-10,W01,Warehouse,P015,270,20,17,273,51,LOW
2026-06-11,W01,Warehouse,P015,273,10,19,264,51,LOW
2026-06-12,W01,Warehouse,P015,264,16,9,271,51,LOW
2026-06-13,W01,Warehouse,P015,271,9,20,260,51,LOW
2026-06-14,W01,Warehouse,P015,260,7,3,264,51,LOW
2026-06-15,W01,Warehouse,P015,264,29,8,285,51,LOW
2026-06-16,W01,Warehouse,P015,285,22,20,287,51,LOW
2026-06-17,W01,Warehouse,P015,287,29,17,299,51,LOW
2026-06-18,W01,Warehouse,P015,299,26,24,301,51,LOW
2026-06-19,W01,Warehouse,P015,301,34,1,334,51,LOW
2026-06-20,W01,Warehouse,P015,334,30,5,359,51,LOW
2026-06-21,W01,Warehouse,P015,359,39,1,397,51,LOW
2026-06-22,W01,Warehouse,P015,397,12,7,402,51,LOW
2026-06-23,W01,Warehouse,P015,402,30,0,432,51,LOW
2026-06-24,W01,Warehouse,P015,432,0,21,411,51,LOW
2026-06-25,W01,Warehouse,P015,411,49,21,439,51,LOW
2026-06-26,W01,Warehouse,P015,439,24,28,435,51,LOW
2026-06-27,W01,Warehouse,P015,435,29,16,448,51,LOW
2026-06-28,W01,Warehouse,P015,448,32,0,480,51,LOW
2026-06-29,W01,Warehouse,P015,480,14,32,462,51,LOW
2026-06-30,W01,Warehouse,P015,462,19,2,479,51,LOW
2026-06-01,W02,Warehouse,P001,663,10,57,616,145,LOW
2026-06-02,W02,Warehouse,P001,616,25,1,640,145,LOW
2026-06-03,W02,Warehouse,P001,640,58,33,665,145,LOW
2026-06-04,W02,Warehouse,P001,665,37,59,643,145,LOW
2026-06-05,W02,Warehouse,P001,643,25,36,632,145,LOW
2026-06-06,W02,Warehouse,P001,632,58,38,652,145,LOW
2026-06-07,W02,Warehouse,P001,652,16,44,624,145,LOW
2026-06-08,W02,Warehouse,P001,624,57,7,674,145,LOW
2026-06-09,W02,Warehouse,P001,674,13,45,642,145,LOW
2026-06-10,W02,Warehouse,P001,642,9,56,595,145,LOW
2026-06-11,W02,Warehouse,P001,595,8,57,546,145,LOW
2026-06-12,W02,Warehouse,P001,546,45,23,568,145,LOW
2026-06-13,W02,Warehouse,P001,568,19,19,568,145,LOW
2026-06-14,W02,Warehouse,P001,568,53,42,579,145,LOW
2026-06-15,W02,Warehouse,P001,579,15,30,564,145,LOW
2026-06-16,W02,Warehouse,P001,564,69,14,619,145,LOW
2026-06-17,W02,Warehouse,P001,619,53,10,662,145,LOW
2026-06-18,W02,Warehouse,P001,662,68,11,719,145,LOW
2026-06-19,W02,Warehouse,P001,719,26,32,713,145,LOW
2026-06-20,W02,Warehouse,P001,713,32,12,733,145,LOW
2026-06-21,W02,Warehouse,P001,733,58,1,790,145,LOW
2026-06-22,W02,Warehouse,P001,790,96,4,882,145,LOW
2026-06-23,W02,Warehouse,P001,882,36,81,837,145,LOW
2026-06-24,W02,Warehouse,P001,837,16,6,847,145,LOW
2026-06-25,W02,Warehouse,P001,847,78,6,919,145,LOW
2026-06-26,W02,Warehouse,P001,919,102,41,980,145,LOW
2026-06-27,W02,Warehouse,P001,980,106,24,1062,145,LOW
2026-06-28,W02,Warehouse,P001,1062,18,102,978,145,LOW
2026-06-29,W02,Warehouse,P001,978,92,88,982,145,LOW
2026-06-30,W02,Warehouse,P001,982,39,39,982,145,LOW
2026-06-01,W02,Warehouse,P002,783,55,35,803,172,LOW
2026-06-02,W02,Warehouse,P002,803,24,30,797,172,LOW
2026-06-03,W02,Warehouse,P002,797,60,2,855,172,LOW
2026-06-04,W02,Warehouse,P002,855,35,24,866,172,LOW
2026-06-05,W02,Warehouse,P002,866,7,10,863,172,LOW
2026-06-06,W02,Warehouse,P002,863,53,8,908,172,LOW
2026-06-07,W02,Warehouse,P002,908,38,50,896,172,LOW
2026-06-08,W02,Warehouse,P002,896,97,8,985,172,LOW
2026-06-09,W02,Warehouse,P002,985,53,10,1028,172,LOW
2026-06-10,W02,Warehouse,P002,1028,54,49,1033,172,LOW
2026-06-11,W02,Warehouse,P002,1033,103,45,1091,172,LOW
2026-06-12,W02,Warehouse,P002,1091,127,15,1203,172,LOW
2026-06-13,W02,Warehouse,P002,1203,7,0,1210,172,LOW
2026-06-14,W02,Warehouse,P002,1210,53,23,1240,172,LOW
2026-06-15,W02,Warehouse,P002,1240,14,29,1225,172,LOW
2026-06-16,W02,Warehouse,P002,1225,149,97,1277,172,LOW
2026-06-17,W02,Warehouse,P002,1277,2,116,1163,172,LOW
2026-06-18,W02,Warehouse,P002,1163,29,47,1145,172,LOW
2026-06-19,W02,Warehouse,P002,1145,46,46,1145,172,LOW
2026-06-20,W02,Warehouse,P002,1145,108,81,1172,172,LOW
2026-06-21,W02,Warehouse,P002,1172,86,73,1185,172,LOW
2026-06-22,W02,Warehouse,P002,1185,107,21,1271,172,LOW
2026-06-23,W02,Warehouse,P002,1271,62,13,1320,172,LOW
2026-06-24,W02,Warehouse,P002,1320,116,57,1379,172,LOW
2026-06-25,W02,Warehouse,P002,1379,109,77,1411,172,LOW
2026-06-26,W02,Warehouse,P002,1411,48,19,1440,172,LOW
2026-06-27,W02,Warehouse,P002,1440,175,42,1573,172,LOW
2026-06-28,W02,Warehouse,P002,1573,21,48,1546,172,LOW
2026-06-29,W02,Warehouse,P002,1546,174,40,1680,172,LOW
2026-06-30,W02,Warehouse,P002,1680,207,77,1810,172,LOW
2026-06-01,W02,Warehouse,P003,533,56,34,555,117,LOW
2026-06-02,W02,Warehouse,P003,555,3,28,530,117,LOW
2026-06-03,W02,Warehouse,P003,530,27,10,547,117,LOW
2026-06-04,W02,Warehouse,P003,547,37,5,579,117,LOW
2026-06-05,W02,Warehouse,P003,579,50,46,583,117,LOW
2026-06-06,W02,Warehouse,P003,583,6,27,562,117,LOW
2026-06-07,W02,Warehouse,P003,562,45,3,604,117,LOW
2026-06-08,W02,Warehouse,P003,604,29,15,618,117,LOW
2026-06-09,W02,Warehouse,P003,618,3,49,572,117,LOW
2026-06-10,W02,Warehouse,P003,572,31,42,561,117,LOW
2026-06-11,W02,Warehouse,P003,561,41,49,553,117,LOW
2026-06-12,W02,Warehouse,P003,553,68,33,588,117,LOW
2026-06-13,W02,Warehouse,P003,588,25,24,589,117,LOW
2026-06-14,W02,Warehouse,P003,589,60,24,625,117,LOW
2026-06-15,W02,Warehouse,P003,625,40,12,653,117,LOW
2026-06-16,W02,Warehouse,P003,653,80,42,691,117,LOW
2026-06-17,W02,Warehouse,P003,691,28,40,679,117,LOW
2026-06-18,W02,Warehouse,P003,679,33,10,702,117,LOW
2026-06-19,W02,Warehouse,P003,702,76,61,717,117,LOW
2026-06-20,W02,Warehouse,P003,717,74,26,765,117,LOW
2026-06-21,W02,Warehouse,P003,765,24,3,786,117,LOW
2026-06-22,W02,Warehouse,P003,786,71,25,832,117,LOW
2026-06-23,W02,Warehouse,P003,832,92,72,852,117,LOW
2026-06-24,W02,Warehouse,P003,852,13,77,788,117,LOW
2026-06-25,W02,Warehouse,P003,788,13,38,763,117,LOW
2026-06-26,W02,Warehouse,P003,763,45,72,736,117,LOW
2026-06-27,W02,Warehouse,P003,736,60,63,733,117,LOW
2026-06-28,W02,Warehouse,P003,733,54,60,727,117,LOW
2026-06-29,W02,Warehouse,P003,727,76,61,742,117,LOW
2026-06-30,W02,Warehouse,P003,742,37,28,751,117,LOW
2026-06-01,W02,Warehouse,P004,587,71,43,615,129,LOW
2026-06-02,W02,Warehouse,P004,615,69,35,649,129,LOW
2026-06-03,W02,Warehouse,P004,649,75,46,678,129,LOW
2026-06-04,W02,Warehouse,P004,678,62,11,729,129,LOW
2026-06-05,W02,Warehouse,P004,729,51,52,728,129,LOW
2026-06-06,W02,Warehouse,P004,728,69,68,729,129,LOW
2026-06-07,W02,Warehouse,P004,729,29,21,737,129,LOW
2026-06-08,W02,Warehouse,P004,737,89,71,755,129,LOW
2026-06-09,W02,Warehouse,P004,755,16,28,743,129,LOW
2026-06-10,W02,Warehouse,P004,743,87,14,816,129,LOW
2026-06-11,W02,Warehouse,P004,816,79,9,886,129,LOW
2026-06-12,W02,Warehouse,P004,886,19,69,836,129,LOW
2026-06-13,W02,Warehouse,P004,836,63,46,853,129,LOW
2026-06-14,W02,Warehouse,P004,853,90,26,917,129,LOW
2026-06-15,W02,Warehouse,P004,917,57,55,919,129,LOW
2026-06-16,W02,Warehouse,P004,919,84,30,973,129,LOW
2026-06-17,W02,Warehouse,P004,973,76,43,1006,129,LOW
2026-06-18,W02,Warehouse,P004,1006,67,86,987,129,LOW
2026-06-19,W02,Warehouse,P004,987,48,65,970,129,LOW
2026-06-20,W02,Warehouse,P004,970,113,73,1010,129,LOW
2026-06-21,W02,Warehouse,P004,1010,124,58,1076,129,LOW
2026-06-22,W02,Warehouse,P004,1076,37,106,1007,129,LOW
2026-06-23,W02,Warehouse,P004,1007,80,24,1063,129,LOW
2026-06-24,W02,Warehouse,P004,1063,41,27,1077,129,LOW
2026-06-25,W02,Warehouse,P004,1077,111,9,1179,129,LOW
2026-06-26,W02,Warehouse,P004,1179,108,64,1223,129,LOW
2026-06-27,W02,Warehouse,P004,1223,11,74,1160,129,LOW
2026-06-28,W02,Warehouse,P004,1160,109,84,1185,129,LOW
2026-06-29,W02,Warehouse,P004,1185,78,39,1224,129,LOW
2026-06-30,W02,Warehouse,P004,1224,25,1,1248,129,LOW
2026-06-01,W02,Warehouse,P005,245,10,15,240,53,LOW
2026-06-02,W02,Warehouse,P005,240,1,23,218,53,LOW
2026-06-03,W02,Warehouse,P005,218,15,6,227,53,LOW
2026-06-04,W02,Warehouse,P005,227,26,4,249,53,LOW
2026-06-05,W02,Warehouse,P005,249,29,6,272,53,LOW
2026-06-06,W02,Warehouse,P005,272,12,11,273,53,LOW
2026-06-07,W02,Warehouse,P005,273,33,6,300,53,LOW
2026-06-08,W02,Warehouse,P005,300,35,10,325,53,LOW
2026-06-09,W02,Warehouse,P005,325,11,20,316,53,LOW
2026-06-10,W02,Warehouse,P005,316,27,10,333,53,LOW
2026-06-11,W02,Warehouse,P005,333,5,13,325,53,LOW
2026-06-12,W02,Warehouse,P005,325,21,1,345,53,LOW
2026-06-13,W02,Warehouse,P005,345,3,31,317,53,LOW
2026-06-14,W02,Warehouse,P005,317,1,12,306,53,LOW
2026-06-15,W02,Warehouse,P005,306,29,9,326,53,LOW
2026-06-16,W02,Warehouse,P005,326,19,2,343,53,LOW
2026-06-17,W02,Warehouse,P005,343,33,21,355,53,LOW
2026-06-18,W02,Warehouse,P005,355,37,30,362,53,LOW
2026-06-19,W02,Warehouse,P005,362,15,1,376,53,LOW
2026-06-20,W02,Warehouse,P005,376,16,5,387,53,LOW
2026-06-21,W02,Warehouse,P005,387,25,5,407,53,LOW
2026-06-22,W02,Warehouse,P005,407,46,24,429,53,LOW
2026-06-23,W02,Warehouse,P005,429,13,38,404,53,LOW
2026-06-24,W02,Warehouse,P005,404,38,17,425,53,LOW
2026-06-25,W02,Warehouse,P005,425,7,14,418,53,LOW
2026-06-26,W02,Warehouse,P005,418,30,31,417,53,LOW
2026-06-27,W02,Warehouse,P005,417,13,30,400,53,LOW
2026-06-28,W02,Warehouse,P005,400,14,9,405,53,LOW
2026-06-29,W02,Warehouse,P005,405,22,6,421,53,LOW
2026-06-30,W02,Warehouse,P005,421,21,15,427,53,LOW
2026-06-01,W02,Warehouse,P006,704,24,54,674,154,LOW
2026-06-02,W02,Warehouse,P006,674,27,46,655,154,LOW
2026-06-03,W02,Warehouse,P006,655,58,43,670,154,LOW
2026-06-04,W02,Warehouse,P006,670,22,55,637,154,LOW
2026-06-05,W02,Warehouse,P006,637,18,17,638,154,LOW
2026-06-06,W02,Warehouse,P006,638,69,21,686,154,LOW
2026-06-07,W02,Warehouse,P006,686,59,2,743,154,LOW
2026-06-08,W02,Warehouse,P006,743,56,64,735,154,LOW
2026-06-09,W02,Warehouse,P006,735,64,42,757,154,LOW
2026-06-10,W02,Warehouse,P006,757,79,22,814,154,LOW
2026-06-11,W02,Warehouse,P006,814,38,5,847,154,LOW
2026-06-12,W02,Warehouse,P006,847,73,60,860,154,LOW
2026-06-13,W02,Warehouse,P006,860,80,64,876,154,LOW
2026-06-14,W02,Warehouse,P006,876,13,57,832,154,LOW
2026-06-15,W02,Warehouse,P006,832,79,16,895,154,LOW
2026-06-16,W02,Warehouse,P006,895,52,81,866,154,LOW
2026-06-17,W02,Warehouse,P006,866,44,64,846,154,LOW
2026-06-18,W02,Warehouse,P006,846,55,55,846,154,LOW
2026-06-19,W02,Warehouse,P006,846,65,54,857,154,LOW
2026-06-20,W02,Warehouse,P006,857,83,76,864,154,LOW
2026-06-21,W02,Warehouse,P006,864,31,79,816,154,LOW
2026-06-22,W02,Warehouse,P006,816,64,48,832,154,LOW
2026-06-23,W02,Warehouse,P006,832,34,34,832,154,LOW
2026-06-24,W02,Warehouse,P006,832,67,30,869,154,LOW
2026-06-25,W02,Warehouse,P006,869,31,70,830,154,LOW
2026-06-26,W02,Warehouse,P006,830,42,53,819,154,LOW
2026-06-27,W02,Warehouse,P006,819,3,6,816,154,LOW
2026-06-28,W02,Warehouse,P006,816,86,11,891,154,LOW
2026-06-29,W02,Warehouse,P006,891,88,80,899,154,LOW
2026-06-30,W02,Warehouse,P006,899,53,78,874,154,LOW
2026-06-01,W02,Warehouse,P007,636,33,59,610,139,LOW
2026-06-02,W02,Warehouse,P007,610,18,26,602,139,LOW
2026-06-03,W02,Warehouse,P007,602,29,47,584,139,LOW
2026-06-04,W02,Warehouse,P007,584,3,48,539,139,LOW
2026-06-05,W02,Warehouse,P007,539,1,16,524,139,LOW
2026-06-06,W02,Warehouse,P007,524,38,7,555,139,LOW
2026-06-07,W02,Warehouse,P007,555,33,54,534,139,LOW
2026-06-08,W02,Warehouse,P007,534,54,1,587,139,LOW
2026-06-09,W02,Warehouse,P007,587,43,34,596,139,LOW
2026-06-10,W02,Warehouse,P007,596,5,38,563,139,LOW
2026-06-11,W02,Warehouse,P007,563,36,38,561,139,LOW
2026-06-12,W02,Warehouse,P007,561,20,14,567,139,LOW
2026-06-13,W02,Warehouse,P007,567,51,40,578,139,LOW
2026-06-14,W02,Warehouse,P007,578,11,12,577,139,LOW
2026-06-15,W02,Warehouse,P007,577,42,47,572,139,LOW
2026-06-16,W02,Warehouse,P007,572,14,12,574,139,LOW
2026-06-17,W02,Warehouse,P007,574,57,39,592,139,LOW
2026-06-18,W02,Warehouse,P007,592,66,46,612,139,LOW
2026-06-19,W02,Warehouse,P007,612,72,11,673,139,LOW
2026-06-20,W02,Warehouse,P007,673,22,15,680,139,LOW
2026-06-21,W02,Warehouse,P007,680,4,52,632,139,LOW
2026-06-22,W02,Warehouse,P007,632,52,5,679,139,LOW
2026-06-23,W02,Warehouse,P007,679,16,12,683,139,LOW
2026-06-24,W02,Warehouse,P007,683,34,30,687,139,LOW
2026-06-25,W02,Warehouse,P007,687,24,63,648,139,LOW
2026-06-26,W02,Warehouse,P007,648,17,35,630,139,LOW
2026-06-27,W02,Warehouse,P007,630,34,24,640,139,LOW
2026-06-28,W02,Warehouse,P007,640,66,62,644,139,LOW
2026-06-29,W02,Warehouse,P007,644,0,29,615,139,LOW
2026-06-30,W02,Warehouse,P007,615,9,26,598,139,LOW
2026-06-01,W02,Warehouse,P008,315,24,12,327,69,LOW
2026-06-02,W02,Warehouse,P008,327,12,9,330,69,LOW
2026-06-03,W02,Warehouse,P008,330,12,10,332,69,LOW
2026-06-04,W02,Warehouse,P008,332,15,22,325,69,LOW
2026-06-05,W02,Warehouse,P008,325,3,1,327,69,LOW
2026-06-06,W02,Warehouse,P008,327,20,21,326,69,LOW
2026-06-07,W02,Warehouse,P008,326,10,6,330,69,LOW
2026-06-08,W02,Warehouse,P008,330,25,12,343,69,LOW
2026-06-09,W02,Warehouse,P008,343,30,4,369,69,LOW
2026-06-10,W02,Warehouse,P008,369,5,19,355,69,LOW
2026-06-11,W02,Warehouse,P008,355,17,25,347,69,LOW
2026-06-12,W02,Warehouse,P008,347,21,12,356,69,LOW
2026-06-13,W02,Warehouse,P008,356,7,5,358,69,LOW
2026-06-14,W02,Warehouse,P008,358,33,7,384,69,LOW
2026-06-15,W02,Warehouse,P008,384,24,31,377,69,LOW
2026-06-16,W02,Warehouse,P008,377,42,9,410,69,LOW
2026-06-17,W02,Warehouse,P008,410,5,31,384,69,LOW
2026-06-18,W02,Warehouse,P008,384,32,12,404,69,LOW
2026-06-19,W02,Warehouse,P008,404,29,7,426,69,LOW
2026-06-20,W02,Warehouse,P008,426,37,30,433,69,LOW
2026-06-21,W02,Warehouse,P008,433,16,20,429,69,LOW
2026-06-22,W02,Warehouse,P008,429,17,1,445,69,LOW
2026-06-23,W02,Warehouse,P008,445,7,42,410,69,LOW
2026-06-24,W02,Warehouse,P008,410,23,6,427,69,LOW
2026-06-25,W02,Warehouse,P008,427,2,14,415,69,LOW
2026-06-26,W02,Warehouse,P008,415,50,15,450,69,LOW
2026-06-27,W02,Warehouse,P008,450,55,22,483,69,LOW
2026-06-28,W02,Warehouse,P008,483,45,37,491,69,LOW
2026-06-29,W02,Warehouse,P008,491,1,0,492,69,LOW
2026-06-30,W02,Warehouse,P008,492,56,45,503,69,LOW
2026-06-01,W02,Warehouse,P009,380,6,24,362,83,LOW
2026-06-02,W02,Warehouse,P009,362,41,34,369,83,LOW
2026-06-03,W02,Warehouse,P009,369,13,29,353,83,LOW
2026-06-04,W02,Warehouse,P009,353,28,32,349,83,LOW
2026-06-05,W02,Warehouse,P009,349,6,20,335,83,LOW
2026-06-06,W02,Warehouse,P009,335,1,11,325,83,LOW
2026-06-07,W02,Warehouse,P009,325,0,14,311,83,LOW
2026-06-08,W02,Warehouse,P009,311,30,20,321,83,LOW
2026-06-09,W02,Warehouse,P009,321,12,13,320,83,LOW
2026-06-10,W02,Warehouse,P009,320,14,23,311,83,LOW
2026-06-11,W02,Warehouse,P009,311,10,2,319,83,LOW
2026-06-12,W02,Warehouse,P009,319,19,25,313,83,LOW
2026-06-13,W02,Warehouse,P009,313,18,6,325,83,LOW
2026-06-14,W02,Warehouse,P009,325,1,30,296,83,LOW
2026-06-15,W02,Warehouse,P009,296,28,4,320,83,LOW
2026-06-16,W02,Warehouse,P009,320,2,4,318,83,LOW
2026-06-17,W02,Warehouse,P009,318,14,25,307,83,LOW
2026-06-18,W02,Warehouse,P009,307,6,24,289,83,LOW
2026-06-19,W02,Warehouse,P009,289,0,20,269,83,LOW
2026-06-20,W02,Warehouse,P009,269,9,24,254,83,LOW
2026-06-21,W02,Warehouse,P009,254,14,6,262,83,LOW
2026-06-22,W02,Warehouse,P009,262,7,21,248,83,LOW
2026-06-23,W02,Warehouse,P009,248,12,8,252,83,LOW
2026-06-24,W02,Warehouse,P009,252,22,13,261,83,LOW
2026-06-25,W02,Warehouse,P009,261,21,11,271,83,LOW
2026-06-26,W02,Warehouse,P009,271,2,0,273,83,LOW
2026-06-27,W02,Warehouse,P009,273,1,15,259,83,LOW
2026-06-28,W02,Warehouse,P009,259,16,18,257,83,LOW
2026-06-29,W02,Warehouse,P009,257,28,4,281,83,LOW
2026-06-30,W02,Warehouse,P009,281,33,26,288,83,LOW
2026-06-01,W02,Warehouse,P010,547,41,28,560,120,LOW
2026-06-02,W02,Warehouse,P010,560,12,9,563,120,LOW
2026-06-03,W02,Warehouse,P010,563,1,36,528,120,LOW
2026-06-04,W02,Warehouse,P010,528,28,9,547,120,LOW
2026-06-05,W02,Warehouse,P010,547,9,3,553,120,LOW
2026-06-06,W02,Warehouse,P010,553,44,37,560,120,LOW
2026-06-07,W02,Warehouse,P010,560,44,6,598,120,LOW
2026-06-08,W02,Warehouse,P010,598,3,6,595,120,LOW
2026-06-09,W02,Warehouse,P010,595,55,43,607,120,LOW
2026-06-10,W02,Warehouse,P010,607,22,3,626,120,LOW
2026-06-11,W02,Warehouse,P010,626,24,50,600,120,LOW
2026-06-12,W02,Warehouse,P010,600,10,47,563,120,LOW
2026-06-13,W02,Warehouse,P010,563,32,7,588,120,LOW
2026-06-14,W02,Warehouse,P010,588,68,30,626,120,LOW
2026-06-15,W02,Warehouse,P010,626,52,5,673,120,LOW
2026-06-16,W02,Warehouse,P010,673,31,42,662,120,LOW
2026-06-17,W02,Warehouse,P010,662,52,4,710,120,LOW
2026-06-18,W02,Warehouse,P010,710,53,67,696,120,LOW
2026-06-19,W02,Warehouse,P010,696,68,14,750,120,LOW
2026-06-20,W02,Warehouse,P010,750,84,51,783,120,LOW
2026-06-21,W02,Warehouse,P010,783,5,10,778,120,LOW
2026-06-22,W02,Warehouse,P010,778,89,16,851,120,LOW
2026-06-23,W02,Warehouse,P010,851,10,38,823,120,LOW
2026-06-24,W02,Warehouse,P010,823,53,46,830,120,LOW
2026-06-25,W02,Warehouse,P010,830,67,82,815,120,LOW
2026-06-26,W02,Warehouse,P010,815,76,2,889,120,LOW
2026-06-27,W02,Warehouse,P010,889,9,0,898,120,LOW
2026-06-28,W02,Warehouse,P010,898,44,31,911,120,LOW
2026-06-29,W02,Warehouse,P010,911,105,33,983,120,LOW
2026-06-30,W02,Warehouse,P010,983,3,86,900,120,LOW
2026-06-01,W02,Warehouse,P011,42,1,3,40,10,LOW
2026-06-02,W02,Warehouse,P011,40,3,3,40,10,LOW
2026-06-03,W02,Warehouse,P011,40,4,0,44,10,LOW
2026-06-04,W02,Warehouse,P011,44,3,1,46,10,LOW
2026-06-05,W02,Warehouse,P011,46,3,2,47,10,LOW
2026-06-06,W02,Warehouse,P011,47,2,1,48,10,LOW
2026-06-07,W02,Warehouse,P011,48,5,2,51,10,LOW
2026-06-08,W02,Warehouse,P011,51,5,1,55,10,LOW
2026-06-09,W02,Warehouse,P011,55,5,1,59,10,LOW
2026-06-10,W02,Warehouse,P011,59,3,4,58,10,LOW
2026-06-11,W02,Warehouse,P011,58,2,1,59,10,LOW
2026-06-12,W02,Warehouse,P011,59,6,4,61,10,LOW
2026-06-13,W02,Warehouse,P011,61,2,1,62,10,LOW
2026-06-14,W02,Warehouse,P011,62,1,0,63,10,LOW
2026-06-15,W02,Warehouse,P011,63,3,1,65,10,LOW
2026-06-16,W02,Warehouse,P011,65,6,1,70,10,LOW
2026-06-17,W02,Warehouse,P011,70,5,3,72,10,LOW
2026-06-18,W02,Warehouse,P011,72,5,0,77,10,LOW
2026-06-19,W02,Warehouse,P011,77,4,4,77,10,LOW
2026-06-20,W02,Warehouse,P011,77,3,6,74,10,LOW
2026-06-21,W02,Warehouse,P011,74,4,2,76,10,LOW
2026-06-22,W02,Warehouse,P011,76,0,1,75,10,LOW
2026-06-23,W02,Warehouse,P011,75,4,2,77,10,LOW
2026-06-24,W02,Warehouse,P011,77,7,5,79,10,LOW
2026-06-25,W02,Warehouse,P011,79,1,4,76,10,LOW
2026-06-26,W02,Warehouse,P011,76,4,0,80,10,LOW
2026-06-27,W02,Warehouse,P011,80,6,4,82,10,LOW
2026-06-28,W02,Warehouse,P011,82,0,3,79,10,LOW
2026-06-29,W02,Warehouse,P011,79,6,2,83,10,LOW
2026-06-30,W02,Warehouse,P011,83,3,0,86,10,LOW
2026-06-01,W02,Warehouse,P012,203,5,19,189,44,LOW
2026-06-02,W02,Warehouse,P012,189,14,3,200,44,LOW
2026-06-03,W02,Warehouse,P012,200,12,3,209,44,LOW
2026-06-04,W02,Warehouse,P012,209,11,2,218,44,LOW
2026-06-05,W02,Warehouse,P012,218,16,11,223,44,LOW
2026-06-06,W02,Warehouse,P012,223,17,9,231,44,LOW
2026-06-07,W02,Warehouse,P012,231,8,5,234,44,LOW
2026-06-08,W02,Warehouse,P012,234,6,9,231,44,LOW
2026-06-09,W02,Warehouse,P012,231,12,15,228,44,LOW
2026-06-10,W02,Warehouse,P012,228,1,6,223,44,LOW
2026-06-11,W02,Warehouse,P012,223,23,20,226,44,LOW
2026-06-12,W02,Warehouse,P012,226,26,6,246,44,LOW
2026-06-13,W02,Warehouse,P012,246,4,4,246,44,LOW
2026-06-14,W02,Warehouse,P012,246,3,22,227,44,LOW
2026-06-15,W02,Warehouse,P012,227,24,17,234,44,LOW
2026-06-16,W02,Warehouse,P012,234,21,7,248,44,LOW
2026-06-17,W02,Warehouse,P012,248,14,20,242,44,LOW
2026-06-18,W02,Warehouse,P012,242,24,12,254,44,LOW
2026-06-19,W02,Warehouse,P012,254,25,8,271,44,LOW
2026-06-20,W02,Warehouse,P012,271,13,22,262,44,LOW
2026-06-21,W02,Warehouse,P012,262,12,19,255,44,LOW
2026-06-22,W02,Warehouse,P012,255,14,7,262,44,LOW
2026-06-23,W02,Warehouse,P012,262,7,15,254,44,LOW
2026-06-24,W02,Warehouse,P012,254,14,9,259,44,LOW
2026-06-25,W02,Warehouse,P012,259,23,0,282,44,LOW
2026-06-26,W02,Warehouse,P012,282,3,26,259,44,LOW
2026-06-27,W02,Warehouse,P012,259,21,13,267,44,LOW
2026-06-28,W02,Warehouse,P012,267,0,15,252,44,LOW
2026-06-29,W02,Warehouse,P012,252,13,14,251,44,LOW
2026-06-30,W02,Warehouse,P012,251,1,13,239,44,LOW
2026-06-01,W02,Warehouse,P013,96,6,2,100,21,LOW
2026-06-02,W02,Warehouse,P013,100,0,9,91,21,LOW
2026-06-03,W02,Warehouse,P013,91,7,5,93,21,LOW
2026-06-04,W02,Warehouse,P013,93,8,6,95,21,LOW
2026-06-05,W02,Warehouse,P013,95,1,4,92,21,LOW
2026-06-06,W02,Warehouse,P013,92,9,2,99,21,LOW
2026-06-07,W02,Warehouse,P013,99,11,0,110,21,LOW
2026-06-08,W02,Warehouse,P013,110,4,3,111,21,LOW
2026-06-09,W02,Warehouse,P013,111,8,1,118,21,LOW
2026-06-10,W02,Warehouse,P013,118,3,7,114,21,LOW
2026-06-11,W02,Warehouse,P013,114,3,9,108,21,LOW
2026-06-12,W02,Warehouse,P013,108,11,3,116,21,LOW
2026-06-13,W02,Warehouse,P013,116,7,3,120,21,LOW
2026-06-14,W02,Warehouse,P013,120,5,8,117,21,LOW
2026-06-15,W02,Warehouse,P013,117,4,1,120,21,LOW
2026-06-16,W02,Warehouse,P013,120,3,11,112,21,LOW
2026-06-17,W02,Warehouse,P013,112,3,4,111,21,LOW
2026-06-18,W02,Warehouse,P013,111,8,1,118,21,LOW
2026-06-19,W02,Warehouse,P013,118,3,1,120,21,LOW
2026-06-20,W02,Warehouse,P013,120,13,11,122,21,LOW
2026-06-21,W02,Warehouse,P013,122,11,2,131,21,LOW
2026-06-22,W02,Warehouse,P013,131,9,8,132,21,LOW
2026-06-23,W02,Warehouse,P013,132,13,2,143,21,LOW
2026-06-24,W02,Warehouse,P013,143,12,2,153,21,LOW
2026-06-25,W02,Warehouse,P013,153,10,13,150,21,LOW
2026-06-26,W02,Warehouse,P013,150,1,2,149,21,LOW
2026-06-27,W02,Warehouse,P013,149,14,0,163,21,LOW
2026-06-28,W02,Warehouse,P013,163,13,8,168,21,LOW
2026-06-29,W02,Warehouse,P013,168,7,13,162,21,LOW
2026-06-30,W02,Warehouse,P013,162,16,5,173,21,LOW
2026-06-01,W02,Warehouse,P014,54,0,0,54,11,LOW
2026-06-02,W02,Warehouse,P014,54,0,4,50,11,LOW
2026-06-03,W02,Warehouse,P014,50,3,3,50,11,LOW
2026-06-04,W02,Warehouse,P014,50,1,4,47,11,LOW
2026-06-05,W02,Warehouse,P014,47,3,3,47,11,LOW
2026-06-06,W02,Warehouse,P014,47,2,2,47,11,LOW
2026-06-07,W02,Warehouse,P014,47,2,1,48,11,LOW
2026-06-08,W02,Warehouse,P014,48,3,1,50,11,LOW
2026-06-09,W02,Warehouse,P014,50,5,3,52,11,LOW
2026-06-10,W02,Warehouse,P014,52,4,3,53,11,LOW
2026-06-11,W02,Warehouse,P014,53,2,4,51,11,LOW
2026-06-12,W02,Warehouse,P014,51,1,2,50,11,LOW
2026-06-13,W02,Warehouse,P014,50,0,1,49,11,LOW
2026-06-14,W02,Warehouse,P014,49,3,1,51,11,LOW
2026-06-15,W02,Warehouse,P014,51,5,3,53,11,LOW
2026-06-16,W02,Warehouse,P014,53,2,2,53,11,LOW
2026-06-17,W02,Warehouse,P014,53,3,3,53,11,LOW
2026-06-18,W02,Warehouse,P014,53,1,2,52,11,LOW
2026-06-19,W02,Warehouse,P014,52,3,0,55,11,LOW
2026-06-20,W02,Warehouse,P014,55,5,2,58,11,LOW
2026-06-21,W02,Warehouse,P014,58,1,3,56,11,LOW
2026-06-22,W02,Warehouse,P014,56,4,4,56,11,LOW
2026-06-23,W02,Warehouse,P014,56,0,2,54,11,LOW
2026-06-24,W02,Warehouse,P014,54,1,2,53,11,LOW
2026-06-25,W02,Warehouse,P014,53,3,2,54,11,LOW
2026-06-26,W02,Warehouse,P014,54,5,2,57,11,LOW
2026-06-27,W02,Warehouse,P014,57,2,0,59,11,LOW
2026-06-28,W02,Warehouse,P014,59,2,4,57,11,LOW
2026-06-29,W02,Warehouse,P014,57,3,4,56,11,LOW
2026-06-30,W02,Warehouse,P014,56,3,2,57,11,LOW
2026-06-01,W02,Warehouse,P015,106,5,5,106,23,LOW
2026-06-02,W02,Warehouse,P015,106,0,0,106,23,LOW
2026-06-03,W02,Warehouse,P015,106,6,5,107,23,LOW
2026-06-04,W02,Warehouse,P015,107,7,4,110,23,LOW
2026-06-05,W02,Warehouse,P015,110,3,7,106,23,LOW
2026-06-06,W02,Warehouse,P015,106,7,0,113,23,LOW
2026-06-07,W02,Warehouse,P015,113,6,7,112,23,LOW
2026-06-08,W02,Warehouse,P015,112,10,3,119,23,LOW
2026-06-09,W02,Warehouse,P015,119,12,7,124,23,LOW
2026-06-10,W02,Warehouse,P015,124,6,7,123,23,LOW
2026-06-11,W02,Warehouse,P015,123,13,2,134,23,LOW
2026-06-12,W02,Warehouse,P015,134,2,5,131,23,LOW
2026-06-13,W02,Warehouse,P015,131,1,10,122,23,LOW
2026-06-14,W02,Warehouse,P015,122,14,7,129,23,LOW
2026-06-15,W02,Warehouse,P015,129,15,0,144,23,LOW
2026-06-16,W02,Warehouse,P015,144,11,6,149,23,LOW
2026-06-17,W02,Warehouse,P015,149,4,4,149,23,LOW
2026-06-18,W02,Warehouse,P015,149,9,8,150,23,LOW
2026-06-19,W02,Warehouse,P015,150,2,9,143,23,LOW
2026-06-20,W02,Warehouse,P015,143,15,0,158,23,LOW
2026-06-21,W02,Warehouse,P015,158,16,9,165,23,LOW
2026-06-22,W02,Warehouse,P015,165,6,11,160,23,LOW
2026-06-23,W02,Warehouse,P015,160,12,12,160,23,LOW
2026-06-24,W02,Warehouse,P015,160,1,0,161,23,LOW
2026-06-25,W02,Warehouse,P015,161,12,4,169,23,LOW
2026-06-26,W02,Warehouse,P015,169,5,6,168,23,LOW
2026-06-27,W02,Warehouse,P015,168,15,2,181,23,LOW
2026-06-28,W02,Warehouse,P015,181,21,7,195,23,LOW
2026-06-29,W02,Warehouse,P015,195,3,1,197,23,LOW
2026-06-30,W02,Warehouse,P015,197,20,2,215,23,LOW
2026-06-01,W03,Warehouse,P001,693,36,46,683,152,LOW
2026-06-02,W03,Warehouse,P001,683,43,17,709,152,LOW
2026-06-03,W03,Warehouse,P001,709,9,49,669,152,LOW
2026-06-04,W03,Warehouse,P001,669,40,3,706,152,LOW
2026-06-05,W03,Warehouse,P001,706,15,39,682,152,LOW
2026-06-06,W03,Warehouse,P001,682,14,26,670,152,LOW
2026-06-07,W03,Warehouse,P001,670,10,53,627,152,LOW
2026-06-08,W03,Warehouse,P001,627,49,48,628,152,LOW
2026-06-09,W03,Warehouse,P001,628,4,23,609,152,LOW
2026-06-10,W03,Warehouse,P001,609,20,37,592,152,LOW
2026-06-11,W03,Warehouse,P001,592,60,13,639,152,LOW
2026-06-12,W03,Warehouse,P001,639,60,36,663,152,LOW
2026-06-13,W03,Warehouse,P001,663,67,5,725,152,LOW
2026-06-14,W03,Warehouse,P001,725,89,31,783,152,LOW
2026-06-15,W03,Warehouse,P001,783,27,14,796,152,LOW
2026-06-16,W03,Warehouse,P001,796,97,69,824,152,LOW
2026-06-17,W03,Warehouse,P001,824,13,36,801,152,LOW
2026-06-18,W03,Warehouse,P001,801,73,47,827,152,LOW
2026-06-19,W03,Warehouse,P001,827,19,29,817,152,LOW
2026-06-20,W03,Warehouse,P001,817,37,23,831,152,LOW
2026-06-21,W03,Warehouse,P001,831,98,16,913,152,LOW
2026-06-22,W03,Warehouse,P001,913,80,82,911,152,LOW
2026-06-23,W03,Warehouse,P001,911,89,72,928,152,LOW
2026-06-24,W03,Warehouse,P001,928,18,12,934,152,LOW
2026-06-25,W03,Warehouse,P001,934,90,69,955,152,LOW
2026-06-26,W03,Warehouse,P001,955,88,39,1004,152,LOW
2026-06-27,W03,Warehouse,P001,1004,65,1,1068,152,LOW
2026-06-28,W03,Warehouse,P001,1068,38,56,1050,152,LOW
2026-06-29,W03,Warehouse,P001,1050,16,13,1053,152,LOW
2026-06-30,W03,Warehouse,P001,1053,5,22,1036,152,LOW
2026-06-01,W03,Warehouse,P002,328,40,22,346,72,LOW
2026-06-02,W03,Warehouse,P002,346,40,8,378,72,LOW
2026-06-03,W03,Warehouse,P002,378,28,32,374,72,LOW
2026-06-04,W03,Warehouse,P002,374,16,24,366,72,LOW
2026-06-05,W03,Warehouse,P002,366,31,29,368,72,LOW
2026-06-06,W03,Warehouse,P002,368,44,22,390,72,LOW
2026-06-07,W03,Warehouse,P002,390,27,33,384,72,LOW
2026-06-08,W03,Warehouse,P002,384,32,13,403,72,LOW
2026-06-09,W03,Warehouse,P002,403,31,21,413,72,LOW
2026-06-10,W03,Warehouse,P002,413,11,21,403,72,LOW
2026-06-11,W03,Warehouse,P002,403,31,36,398,72,LOW
2026-06-12,W03,Warehouse,P002,398,28,6,420,72,LOW
2026-06-13,W03,Warehouse,P002,420,51,24,447,72,LOW
2026-06-14,W03,Warehouse,P002,447,15,33,429,72,LOW
2026-06-15,W03,Warehouse,P002,429,20,15,434,72,LOW
2026-06-16,W03,Warehouse,P002,434,45,37,442,72,LOW
2026-06-17,W03,Warehouse,P002,442,28,16,454,72,LOW
2026-06-18,W03,Warehouse,P002,454,48,7,495,72,LOW
2026-06-19,W03,Warehouse,P002,495,45,28,512,72,LOW
2026-06-20,W03,Warehouse,P002,512,54,21,545,72,LOW
2026-06-21,W03,Warehouse,P002,545,56,0,601,72,LOW
2026-06-22,W03,Warehouse,P002,601,56,4,653,72,LOW
2026-06-23,W03,Warehouse,P002,653,52,12,693,72,LOW
2026-06-24,W03,Warehouse,P002,693,82,53,722,72,LOW
2026-06-25,W03,Warehouse,P002,722,9,64,667,72,LOW
2026-06-26,W03,Warehouse,P002,667,20,36,651,72,LOW
2026-06-27,W03,Warehouse,P002,651,6,6,651,72,LOW
2026-06-28,W03,Warehouse,P002,651,19,34,636,72,LOW
2026-06-29,W03,Warehouse,P002,636,42,53,625,72,LOW
2026-06-30,W03,Warehouse,P002,625,12,46,591,72,LOW
2026-06-01,W03,Warehouse,P003,500,0,14,486,110,LOW
2026-06-02,W03,Warehouse,P003,486,10,5,491,110,LOW
2026-06-03,W03,Warehouse,P003,491,35,44,482,110,LOW
2026-06-04,W03,Warehouse,P003,482,40,40,482,110,LOW
2026-06-05,W03,Warehouse,P003,482,35,2,515,110,LOW
2026-06-06,W03,Warehouse,P003,515,22,42,495,110,LOW
2026-06-07,W03,Warehouse,P003,495,2,4,493,110,LOW
2026-06-08,W03,Warehouse,P003,493,50,3,540,110,LOW
2026-06-09,W03,Warehouse,P003,540,64,40,564,110,LOW
2026-06-10,W03,Warehouse,P003,564,46,30,580,110,LOW
2026-06-11,W03,Warehouse,P003,580,6,24,562,110,LOW
2026-06-12,W03,Warehouse,P003,562,56,50,568,110,LOW
2026-06-13,W03,Warehouse,P003,568,31,47,552,110,LOW
2026-06-14,W03,Warehouse,P003,552,53,3,602,110,LOW
2026-06-15,W03,Warehouse,P003,602,46,36,612,110,LOW
2026-06-16,W03,Warehouse,P003,612,41,47,606,110,LOW
2026-06-17,W03,Warehouse,P003,606,66,33,639,110,LOW
2026-06-18,W03,Warehouse,P003,639,25,61,603,110,LOW
2026-06-19,W03,Warehouse,P003,603,72,41,634,110,LOW
2026-06-20,W03,Warehouse,P003,634,50,6,678,110,LOW
2026-06-21,W03,Warehouse,P003,678,33,13,698,110,LOW
2026-06-22,W03,Warehouse,P003,698,44,57,685,110,LOW
2026-06-23,W03,Warehouse,P003,685,19,67,637,110,LOW
2026-06-24,W03,Warehouse,P003,637,10,6,641,110,LOW
2026-06-25,W03,Warehouse,P003,641,77,6,712,110,LOW
2026-06-26,W03,Warehouse,P003,712,65,54,723,110,LOW
2026-06-27,W03,Warehouse,P003,723,29,4,748,110,LOW
2026-06-28,W03,Warehouse,P003,748,28,5,771,110,LOW
2026-06-29,W03,Warehouse,P003,771,64,68,767,110,LOW
2026-06-30,W03,Warehouse,P003,767,94,60,801,110,LOW
2026-06-01,W03,Warehouse,P004,677,65,59,683,148,LOW
2026-06-02,W03,Warehouse,P004,683,65,44,704,148,LOW
2026-06-03,W03,Warehouse,P004,704,87,22,769,148,LOW
2026-06-04,W03,Warehouse,P004,769,39,68,740,148,LOW
2026-06-05,W03,Warehouse,P004,740,28,22,746,148,LOW
2026-06-06,W03,Warehouse,P004,746,14,20,740,148,LOW
2026-06-07,W03,Warehouse,P004,740,54,65,729,148,LOW
2026-06-08,W03,Warehouse,P004,729,12,49,692,148,LOW
2026-06-09,W03,Warehouse,P004,692,65,61,696,148,LOW
2026-06-10,W03,Warehouse,P004,696,65,10,751,148,LOW
2026-06-11,W03,Warehouse,P004,751,45,71,725,148,LOW
2026-06-12,W03,Warehouse,P004,725,81,44,762,148,LOW
2026-06-13,W03,Warehouse,P004,762,91,50,803,148,LOW
2026-06-14,W03,Warehouse,P004,803,6,73,736,148,LOW
2026-06-15,W03,Warehouse,P004,736,15,27,724,148,LOW
2026-06-16,W03,Warehouse,P004,724,21,51,694,148,LOW
2026-06-17,W03,Warehouse,P004,694,2,44,652,148,LOW
2026-06-18,W03,Warehouse,P004,652,70,51,671,148,LOW
2026-06-19,W03,Warehouse,P004,671,25,60,636,148,LOW
2026-06-20,W03,Warehouse,P004,636,28,42,622,148,LOW
2026-06-21,W03,Warehouse,P004,622,39,4,657,148,LOW
2026-06-22,W03,Warehouse,P004,657,0,11,646,148,LOW
2026-06-23,W03,Warehouse,P004,646,74,61,659,148,LOW
2026-06-24,W03,Warehouse,P004,659,33,62,630,148,LOW
2026-06-25,W03,Warehouse,P004,630,3,60,573,148,LOW
2026-06-26,W03,Warehouse,P004,573,16,2,587,148,LOW
2026-06-27,W03,Warehouse,P004,587,55,22,620,148,LOW
2026-06-28,W03,Warehouse,P004,620,22,47,595,148,LOW
2026-06-29,W03,Warehouse,P004,595,24,44,575,148,LOW
2026-06-30,W03,Warehouse,P004,575,13,4,584,148,LOW
2026-06-01,W03,Warehouse,P005,171,6,10,167,37,LOW
2026-06-02,W03,Warehouse,P005,167,4,2,169,37,LOW
2026-06-03,W03,Warehouse,P005,169,15,7,177,37,LOW
2026-06-04,W03,Warehouse,P005,177,9,4,182,37,LOW
2026-06-05,W03,Warehouse,P005,182,0,0,182,37,LOW
2026-06-06,W03,Warehouse,P005,182,14,1,195,37,LOW
2026-06-07,W03,Warehouse,P005,195,5,17,183,37,LOW
2026-06-08,W03,Warehouse,P005,183,7,13,177,37,LOW
2026-06-09,W03,Warehouse,P005,177,7,15,169,37,LOW
2026-06-10,W03,Warehouse,P005,169,17,7,179,37,LOW
2026-06-11,W03,Warehouse,P005,179,15,7,187,37,LOW
2026-06-12,W03,Warehouse,P005,187,21,6,202,37,LOW
2026-06-13,W03,Warehouse,P005,202,20,12,210,37,LOW
2026-06-14,W03,Warehouse,P005,210,16,7,219,37,LOW
2026-06-15,W03,Warehouse,P005,219,22,15,226,37,LOW
2026-06-16,W03,Warehouse,P005,226,22,17,231,37,LOW
2026-06-17,W03,Warehouse,P005,231,4,20,215,37,LOW
2026-06-18,W03,Warehouse,P005,215,21,5,231,37,LOW
2026-06-19,W03,Warehouse,P005,231,27,12,246,37,LOW
2026-06-20,W03,Warehouse,P005,246,9,5,250,37,LOW
2026-06-21,W03,Warehouse,P005,250,11,0,261,37,LOW
2026-06-22,W03,Warehouse,P005,261,22,18,265,37,LOW
2026-06-23,W03,Warehouse,P005,265,22,14,273,37,LOW
2026-06-24,W03,Warehouse,P005,273,12,19,266,37,LOW
2026-06-25,W03,Warehouse,P005,266,28,2,292,37,LOW
2026-06-26,W03,Warehouse,P005,292,13,28,277,37,LOW
2026-06-27,W03,Warehouse,P005,277,29,26,280,37,LOW
2026-06-28,W03,Warehouse,P005,280,6,13,273,37,LOW
2026-06-29,W03,Warehouse,P005,273,4,23,254,37,LOW
2026-06-30,W03,Warehouse,P005,254,16,6,264,37,LOW
2026-06-01,W03,Warehouse,P006,643,7,47,603,141,LOW
2026-06-02,W03,Warehouse,P006,603,60,52,611,141,LOW
2026-06-03,W03,Warehouse,P006,611,73,49,635,141,LOW
2026-06-04,W03,Warehouse,P006,635,62,51,646,141,LOW
2026-06-05,W03,Warehouse,P006,646,79,29,696,141,LOW
2026-06-06,W03,Warehouse,P006,696,65,56,705,141,LOW
2026-06-07,W03,Warehouse,P006,705,10,48,667,141,LOW
2026-06-08,W03,Warehouse,P006,667,28,8,687,141,LOW
2026-06-09,W03,Warehouse,P006,687,14,7,694,141,LOW
2026-06-10,W03,Warehouse,P006,694,77,53,718,141,LOW
2026-06-11,W03,Warehouse,P006,718,9,44,683,141,LOW
2026-06-12,W03,Warehouse,P006,683,56,35,704,141,LOW
2026-06-13,W03,Warehouse,P006,704,53,63,694,141,LOW
2026-06-14,W03,Warehouse,P006,694,44,45,693,141,LOW
2026-06-15,W03,Warehouse,P006,693,49,27,715,141,LOW
2026-06-16,W03,Warehouse,P006,715,79,29,765,141,LOW
2026-06-17,W03,Warehouse,P006,765,75,45,795,141,LOW
2026-06-18,W03,Warehouse,P006,795,67,60,802,141,LOW
2026-06-19,W03,Warehouse,P006,802,73,45,830,141,LOW
2026-06-20,W03,Warehouse,P006,830,63,42,851,141,LOW
2026-06-21,W03,Warehouse,P006,851,35,61,825,141,LOW
2026-06-22,W03,Warehouse,P006,825,90,57,858,141,LOW
2026-06-23,W03,Warehouse,P006,858,82,70,870,141,LOW
2026-06-24,W03,Warehouse,P006,870,39,5,904,141,LOW
2026-06-25,W03,Warehouse,P006,904,38,67,875,141,LOW
2026-06-26,W03,Warehouse,P006,875,88,44,919,141,LOW
2026-06-27,W03,Warehouse,P006,919,88,6,1001,141,LOW
2026-06-28,W03,Warehouse,P006,1001,80,67,1014,141,LOW
2026-06-29,W03,Warehouse,P006,1014,63,72,1005,141,LOW
2026-06-30,W03,Warehouse,P006,1005,61,52,1014,141,LOW
2026-06-01,W03,Warehouse,P007,337,25,26,336,74,LOW
2026-06-02,W03,Warehouse,P007,336,10,9,337,74,LOW
2026-06-03,W03,Warehouse,P007,337,17,6,348,74,LOW
2026-06-04,W03,Warehouse,P007,348,14,11,351,74,LOW
2026-06-05,W03,Warehouse,P007,351,13,14,350,74,LOW
2026-06-06,W03,Warehouse,P007,350,21,24,347,74,LOW
2026-06-07,W03,Warehouse,P007,347,13,28,332,74,LOW
2026-06-08,W03,Warehouse,P007,332,19,23,328,74,LOW
2026-06-09,W03,Warehouse,P007,328,4,5,327,74,LOW
2026-06-10,W03,Warehouse,P007,327,18,11,334,74,LOW
2026-06-11,W03,Warehouse,P007,334,20,5,349,74,LOW
2026-06-12,W03,Warehouse,P007,349,20,23,346,74,LOW
2026-06-13,W03,Warehouse,P007,346,31,8,369,74,LOW
2026-06-14,W03,Warehouse,P007,369,15,18,366,74,LOW
2026-06-15,W03,Warehouse,P007,366,23,28,361,74,LOW
2026-06-16,W03,Warehouse,P007,361,17,24,354,74,LOW
2026-06-17,W03,Warehouse,P007,354,38,10,382,74,LOW
2026-06-18,W03,Warehouse,P007,382,38,12,408,74,LOW
2026-06-19,W03,Warehouse,P007,408,17,26,399,74,LOW
2026-06-20,W03,Warehouse,P007,399,30,21,408,74,LOW
2026-06-21,W03,Warehouse,P007,408,11,3,416,74,LOW
2026-06-22,W03,Warehouse,P007,416,47,35,428,74,LOW
2026-06-23,W03,Warehouse,P007,428,46,21,453,74,LOW
2026-06-24,W03,Warehouse,P007,453,49,21,481,74,LOW
2026-06-25,W03,Warehouse,P007,481,4,9,476,74,LOW
2026-06-26,W03,Warehouse,P007,476,16,17,475,74,LOW
2026-06-27,W03,Warehouse,P007,475,55,15,515,74,LOW
2026-06-28,W03,Warehouse,P007,515,39,13,541,74,LOW
2026-06-29,W03,Warehouse,P007,541,43,30,554,74,LOW
2026-06-30,W03,Warehouse,P007,554,10,25,539,74,LOW
2026-06-01,W03,Warehouse,P008,602,7,53,556,132,LOW
2026-06-02,W03,Warehouse,P008,556,48,51,553,132,LOW
2026-06-03,W03,Warehouse,P008,553,60,12,601,132,LOW
2026-06-04,W03,Warehouse,P008,601,53,6,648,132,LOW
2026-06-05,W03,Warehouse,P008,648,77,50,675,132,LOW
2026-06-06,W03,Warehouse,P008,675,57,66,666,132,LOW
2026-06-07,W03,Warehouse,P008,666,70,56,680,132,LOW
2026-06-08,W03,Warehouse,P008,680,8,1,687,132,LOW
2026-06-09,W03,Warehouse,P008,687,81,17,751,132,LOW
2026-06-10,W03,Warehouse,P008,751,39,3,787,132,LOW
2026-06-11,W03,Warehouse,P008,787,61,64,784,132,LOW
2026-06-12,W03,Warehouse,P008,784,82,45,821,132,LOW
2026-06-13,W03,Warehouse,P008,821,67,42,846,132,LOW
2026-06-14,W03,Warehouse,P008,846,46,46,846,132,LOW
2026-06-15,W03,Warehouse,P008,846,98,21,923,132,LOW
2026-06-16,W03,Warehouse,P008,923,54,55,922,132,LOW
2026-06-17,W03,Warehouse,P008,922,65,2,985,132,LOW
2026-06-18,W03,Warehouse,P008,985,35,63,957,132,LOW
2026-06-19,W03,Warehouse,P008,957,82,69,970,132,LOW
2026-06-20,W03,Warehouse,P008,970,119,65,1024,132,LOW
2026-06-21,W03,Warehouse,P008,1024,74,33,1065,132,LOW
2026-06-22,W03,Warehouse,P008,1065,49,87,1027,132,LOW
2026-06-23,W03,Warehouse,P008,1027,59,72,1014,132,LOW
2026-06-24,W03,Warehouse,P008,1014,15,12,1017,132,LOW
2026-06-25,W03,Warehouse,P008,1017,27,19,1025,132,LOW
2026-06-26,W03,Warehouse,P008,1025,77,64,1038,132,LOW
2026-06-27,W03,Warehouse,P008,1038,71,29,1080,132,LOW
2026-06-28,W03,Warehouse,P008,1080,77,12,1145,132,LOW
2026-06-29,W03,Warehouse,P008,1145,67,17,1195,132,LOW
2026-06-30,W03,Warehouse,P008,1195,11,19,1187,132,LOW
2026-06-01,W03,Warehouse,P009,272,3,12,263,59,LOW
2026-06-02,W03,Warehouse,P009,263,17,15,265,59,LOW
2026-06-03,W03,Warehouse,P009,265,14,4,275,59,LOW
2026-06-04,W03,Warehouse,P009,275,0,19,256,59,LOW
2026-06-05,W03,Warehouse,P009,256,31,7,280,59,LOW
2026-06-06,W03,Warehouse,P009,280,7,8,279,59,LOW
2026-06-07,W03,Warehouse,P009,279,7,6,280,59,LOW
2026-06-08,W03,Warehouse,P009,280,17,21,276,59,LOW
2026-06-09,W03,Warehouse,P009,276,24,25,275,59,LOW
2026-06-10,W03,Warehouse,P009,275,12,13,274,59,LOW
2026-06-11,W03,Warehouse,P009,274,12,1,285,59,LOW
2026-06-12,W03,Warehouse,P009,285,13,7,291,59,LOW
2026-06-13,W03,Warehouse,P009,291,17,4,304,59,LOW
2026-06-14,W03,Warehouse,P009,304,28,25,307,59,LOW
2026-06-15,W03,Warehouse,P009,307,36,2,341,59,LOW
2026-06-16,W03,Warehouse,P009,341,4,32,313,59,LOW
2026-06-17,W03,Warehouse,P009,313,33,18,328,59,LOW
2026-06-18,W03,Warehouse,P009,328,13,16,325,59,LOW
2026-06-19,W03,Warehouse,P009,325,21,27,319,59,LOW
2026-06-20,W03,Warehouse,P009,319,20,0,339,59,LOW
2026-06-21,W03,Warehouse,P009,339,29,25,343,59,LOW
2026-06-22,W03,Warehouse,P009,343,12,3,352,59,LOW
2026-06-23,W03,Warehouse,P009,352,6,29,329,59,LOW
2026-06-24,W03,Warehouse,P009,329,18,16,331,59,LOW
2026-06-25,W03,Warehouse,P009,331,39,2,368,59,LOW
2026-06-26,W03,Warehouse,P009,368,9,29,348,59,LOW
2026-06-27,W03,Warehouse,P009,348,23,0,371,59,LOW
2026-06-28,W03,Warehouse,P009,371,32,5,398,59,LOW
2026-06-29,W03,Warehouse,P009,398,38,31,405,59,LOW
2026-06-30,W03,Warehouse,P009,405,41,18,428,59,LOW
2026-06-01,W03,Warehouse,P010,240,8,21,227,52,LOW
2026-06-02,W03,Warehouse,P010,227,15,13,229,52,LOW
2026-06-03,W03,Warehouse,P010,229,3,13,219,52,LOW
2026-06-04,W03,Warehouse,P010,219,15,6,228,52,LOW
2026-06-05,W03,Warehouse,P010,228,21,2,247,52,LOW
2026-06-06,W03,Warehouse,P010,247,21,23,245,52,LOW
2026-06-07,W03,Warehouse,P010,245,17,2,260,52,LOW
2026-06-08,W03,Warehouse,P010,260,17,13,264,52,LOW
2026-06-09,W03,Warehouse,P010,264,18,7,275,52,LOW
2026-06-10,W03,Warehouse,P010,275,21,7,289,52,LOW
2026-06-11,W03,Warehouse,P010,289,20,16,293,52,LOW
2026-06-12,W03,Warehouse,P010,293,23,23,293,52,LOW
2026-06-13,W03,Warehouse,P010,293,31,22,302,52,LOW
2026-06-14,W03,Warehouse,P010,302,29,26,305,52,LOW
2026-06-15,W03,Warehouse,P010,305,9,8,306,52,LOW
2026-06-16,W03,Warehouse,P010,306,20,13,313,52,LOW
2026-06-17,W03,Warehouse,P010,313,27,0,340,52,LOW
2026-06-18,W03,Warehouse,P010,340,5,25,320,52,LOW
2026-06-19,W03,Warehouse,P010,320,32,9,343,52,LOW
2026-06-20,W03,Warehouse,P010,343,13,19,337,52,LOW
2026-06-21,W03,Warehouse,P010,337,20,5,352,52,LOW
2026-06-22,W03,Warehouse,P010,352,22,28,346,52,LOW
2026-06-23,W03,Warehouse,P010,346,31,27,350,52,LOW
2026-06-24,W03,Warehouse,P010,350,27,30,347,52,LOW
2026-06-25,W03,Warehouse,P010,347,10,1,356,52,LOW
2026-06-26,W03,Warehouse,P010,356,5,34,327,52,LOW
2026-06-27,W03,Warehouse,P010,327,25,7,345,52,LOW
2026-06-28,W03,Warehouse,P010,345,36,10,371,52,LOW
2026-06-29,W03,Warehouse,P010,371,27,9,389,52,LOW
2026-06-30,W03,Warehouse,P010,389,4,10,383,52,LOW
2026-06-01,W03,Warehouse,P011,197,5,10,192,43,LOW
2026-06-02,W03,Warehouse,P011,192,0,4,188,43,LOW
2026-06-03,W03,Warehouse,P011,188,13,7,194,43,LOW
2026-06-04,W03,Warehouse,P011,194,15,12,197,43,LOW
2026-06-05,W03,Warehouse,P011,197,23,15,205,43,LOW
2026-06-06,W03,Warehouse,P011,205,5,13,197,43,LOW
2026-06-07,W03,Warehouse,P011,197,15,11,201,43,LOW
2026-06-08,W03,Warehouse,P011,201,19,2,218,43,LOW
2026-06-09,W03,Warehouse,P011,218,10,17,211,43,LOW
2026-06-10,W03,Warehouse,P011,211,23,0,234,43,LOW
2026-06-11,W03,Warehouse,P011,234,13,6,241,43,LOW
2026-06-12,W03,Warehouse,P011,241,5,1,245,43,LOW
2026-06-13,W03,Warehouse,P011,245,16,16,245,43,LOW
2026-06-14,W03,Warehouse,P011,245,15,8,252,43,LOW
2026-06-15,W03,Warehouse,P011,252,23,16,259,43,LOW
2026-06-16,W03,Warehouse,P011,259,29,8,280,43,LOW
2026-06-17,W03,Warehouse,P011,280,8,12,276,43,LOW
2026-06-18,W03,Warehouse,P011,276,17,12,281,43,LOW
2026-06-19,W03,Warehouse,P011,281,29,1,309,43,LOW
2026-06-20,W03,Warehouse,P011,309,20,12,317,43,LOW
2026-06-21,W03,Warehouse,P011,317,8,19,306,43,LOW
2026-06-22,W03,Warehouse,P011,306,30,16,320,43,LOW
2026-06-23,W03,Warehouse,P011,320,3,2,321,43,LOW
2026-06-24,W03,Warehouse,P011,321,16,21,316,43,LOW
2026-06-25,W03,Warehouse,P011,316,12,9,319,43,LOW
2026-06-26,W03,Warehouse,P011,319,33,0,352,43,LOW
2026-06-27,W03,Warehouse,P011,352,3,5,350,43,LOW
2026-06-28,W03,Warehouse,P011,350,42,17,375,43,LOW
2026-06-29,W03,Warehouse,P011,375,7,11,371,43,LOW
2026-06-30,W03,Warehouse,P011,371,44,25,390,43,LOW
2026-06-01,W03,Warehouse,P012,201,5,4,202,44,LOW
2026-06-02,W03,Warehouse,P012,202,1,15,188,44,LOW
2026-06-03,W03,Warehouse,P012,188,3,5,186,44,LOW
2026-06-04,W03,Warehouse,P012,186,8,11,183,44,LOW
2026-06-05,W03,Warehouse,P012,183,13,14,182,44,LOW
2026-06-06,W03,Warehouse,P012,182,6,6,182,44,LOW
2026-06-07,W03,Warehouse,P012,182,8,0,190,44,LOW
2026-06-08,W03,Warehouse,P012,190,16,10,196,44,LOW
2026-06-09,W03,Warehouse,P012,196,11,18,189,44,LOW
2026-06-10,W03,Warehouse,P012,189,4,17,176,44,LOW
2026-06-11,W03,Warehouse,P012,176,14,3,187,44,LOW
2026-06-12,W03,Warehouse,P012,187,15,13,189,44,LOW
2026-06-13,W03,Warehouse,P012,189,8,6,191,44,LOW
2026-06-14,W03,Warehouse,P012,191,19,3,207,44,LOW
2026-06-15,W03,Warehouse,P012,207,0,13,194,44,LOW
2026-06-16,W03,Warehouse,P012,194,21,9,206,44,LOW
2026-06-17,W03,Warehouse,P012,206,3,10,199,44,LOW
2026-06-18,W03,Warehouse,P012,199,6,15,190,44,LOW
2026-06-19,W03,Warehouse,P012,190,14,6,198,44,LOW
2026-06-20,W03,Warehouse,P012,198,14,12,200,44,LOW
2026-06-21,W03,Warehouse,P012,200,16,7,209,44,LOW
2026-06-22,W03,Warehouse,P012,209,14,0,223,44,LOW
2026-06-23,W03,Warehouse,P012,223,10,8,225,44,LOW
2026-06-24,W03,Warehouse,P012,225,14,20,219,44,LOW
2026-06-25,W03,Warehouse,P012,219,25,10,234,44,LOW
2026-06-26,W03,Warehouse,P012,234,18,2,250,44,LOW
2026-06-27,W03,Warehouse,P012,250,14,17,247,44,LOW
2026-06-28,W03,Warehouse,P012,247,20,23,244,44,LOW
2026-06-29,W03,Warehouse,P012,244,13,21,236,44,LOW
2026-06-30,W03,Warehouse,P012,236,28,13,251,44,LOW
2026-06-01,W03,Warehouse,P013,236,2,8,230,51,LOW
2026-06-02,W03,Warehouse,P013,230,21,13,238,51,LOW
2026-06-03,W03,Warehouse,P013,238,27,18,247,51,LOW
2026-06-04,W03,Warehouse,P013,247,1,20,228,51,LOW
2026-06-05,W03,Warehouse,P013,228,10,18,220,51,LOW
2026-06-06,W03,Warehouse,P013,220,13,10,223,51,LOW
2026-06-07,W03,Warehouse,P013,223,1,2,222,51,LOW
2026-06-08,W03,Warehouse,P013,222,16,12,226,51,LOW
2026-06-09,W03,Warehouse,P013,226,15,3,238,51,LOW
2026-06-10,W03,Warehouse,P013,238,14,1,251,51,LOW
2026-06-11,W03,Warehouse,P013,251,4,12,243,51,LOW
2026-06-12,W03,Warehouse,P013,243,18,15,246,51,LOW
2026-06-13,W03,Warehouse,P013,246,29,20,255,51,LOW
2026-06-14,W03,Warehouse,P013,255,11,19,247,51,LOW
2026-06-15,W03,Warehouse,P013,247,2,20,229,51,LOW
2026-06-16,W03,Warehouse,P013,229,10,16,223,51,LOW
2026-06-17,W03,Warehouse,P013,223,26,15,234,51,LOW
2026-06-18,W03,Warehouse,P013,234,26,0,260,51,LOW
2026-06-19,W03,Warehouse,P013,260,5,16,249,51,LOW
2026-06-20,W03,Warehouse,P013,249,16,2,263,51,LOW
2026-06-21,W03,Warehouse,P013,263,22,1,284,51,LOW
2026-06-22,W03,Warehouse,P013,284,34,4,314,51,LOW
2026-06-23,W03,Warehouse,P013,314,17,25,306,51,LOW
2026-06-24,W03,Warehouse,P013,306,19,22,303,51,LOW
2026-06-25,W03,Warehouse,P013,303,26,28,301,51,LOW
2026-06-26,W03,Warehouse,P013,301,17,29,289,51,LOW
2026-06-27,W03,Warehouse,P013,289,18,25,282,51,LOW
2026-06-28,W03,Warehouse,P013,282,25,3,304,51,LOW
2026-06-29,W03,Warehouse,P013,304,24,26,302,51,LOW
2026-06-30,W03,Warehouse,P013,302,4,25,281,51,LOW
2026-06-01,W03,Warehouse,P014,175,2,14,163,38,LOW
2026-06-02,W03,Warehouse,P014,163,15,2,176,38,LOW
2026-06-03,W03,Warehouse,P014,176,15,1,190,38,LOW
2026-06-04,W03,Warehouse,P014,190,13,17,186,38,LOW
2026-06-05,W03,Warehouse,P014,186,4,3,187,38,LOW
2026-06-06,W03,Warehouse,P014,187,9,6,190,38,LOW
2026-06-07,W03,Warehouse,P014,190,1,8,183,38,LOW
2026-06-08,W03,Warehouse,P014,183,5,2,186,38,LOW
2026-06-09,W03,Warehouse,P014,186,6,0,192,38,LOW
2026-06-10,W03,Warehouse,P014,192,21,18,195,38,LOW
2026-06-11,W03,Warehouse,P014,195,8,16,187,38,LOW
2026-06-12,W03,Warehouse,P014,187,10,16,181,38,LOW
2026-06-13,W03,Warehouse,P014,181,3,5,179,38,LOW
2026-06-14,W03,Warehouse,P014,179,16,3,192,38,LOW
2026-06-15,W03,Warehouse,P014,192,19,8,203,38,LOW
2026-06-16,W03,Warehouse,P014,203,10,9,204,38,LOW
2026-06-17,W03,Warehouse,P014,204,19,0,223,38,LOW
2026-06-18,W03,Warehouse,P014,223,20,17,226,38,LOW
2026-06-19,W03,Warehouse,P014,226,22,21,227,38,LOW
2026-06-20,W03,Warehouse,P014,227,21,11,237,38,LOW
2026-06-21,W03,Warehouse,P014,237,13,8,242,38,LOW
2026-06-22,W03,Warehouse,P014,242,24,9,257,38,LOW
2026-06-23,W03,Warehouse,P014,257,18,2,273,38,LOW
2026-06-24,W03,Warehouse,P014,273,10,7,276,38,LOW
2026-06-25,W03,Warehouse,P014,276,14,13,277,38,LOW
2026-06-26,W03,Warehouse,P014,277,24,11,290,38,LOW
2026-06-27,W03,Warehouse,P014,290,5,15,280,38,LOW
2026-06-28,W03,Warehouse,P014,280,1,23,258,38,LOW
2026-06-29,W03,Warehouse,P014,258,24,5,277,38,LOW
2026-06-30,W03,Warehouse,P014,277,8,0,285,38,LOW
2026-06-01,W03,Warehouse,P015,133,5,0,138,29,LOW
2026-06-02,W03,Warehouse,P015,138,15,1,152,29,LOW
2026-06-03,W03,Warehouse,P015,152,12,8,156,29,LOW
2026-06-04,W03,Warehouse,P015,156,4,12,148,29,LOW
2026-06-05,W03,Warehouse,P015,148,1,12,137,29,LOW
2026-06-06,W03,Warehouse,P015,137,12,8,141,29,LOW
2026-06-07,W03,Warehouse,P015,141,14,5,150,29,LOW
2026-06-08,W03,Warehouse,P015,150,5,2,153,29,LOW
2026-06-09,W03,Warehouse,P015,153,17,6,164,29,LOW
2026-06-10,W03,Warehouse,P015,164,16,5,175,29,LOW
2026-06-11,W03,Warehouse,P015,175,20,14,181,29,LOW
2026-06-12,W03,Warehouse,P015,181,6,8,179,29,LOW
2026-06-13,W03,Warehouse,P015,179,17,3,193,29,LOW
2026-06-14,W03,Warehouse,P015,193,0,5,188,29,LOW
2026-06-15,W03,Warehouse,P015,188,13,2,199,29,LOW
2026-06-16,W03,Warehouse,P015,199,8,17,190,29,LOW
2026-06-17,W03,Warehouse,P015,190,1,0,191,29,LOW
2026-06-18,W03,Warehouse,P015,191,9,0,200,29,LOW
2026-06-19,W03,Warehouse,P015,200,0,3,197,29,LOW
2026-06-20,W03,Warehouse,P015,197,2,15,184,29,LOW
2026-06-21,W03,Warehouse,P015,184,2,9,177,29,LOW
2026-06-22,W03,Warehouse,P015,177,15,10,182,29,LOW
2026-06-23,W03,Warehouse,P015,182,14,6,190,29,LOW
2026-06-24,W03,Warehouse,P015,190,20,1,209,29,LOW
2026-06-25,W03,Warehouse,P015,209,2,17,194,29,LOW
2026-06-26,W03,Warehouse,P015,194,1,3,192,29,LOW
2026-06-27,W03,Warehouse,P015,192,4,0,196,29,LOW
2026-06-28,W03,Warehouse,P015,196,2,10,188,29,LOW
2026-06-29,W03,Warehouse,P015,188,15,1,202,29,LOW
2026-06-30,W03,Warehouse,P015,202,23,1,224,29,LOW
2026-06-01,W04,Warehouse,P001,276,23,21,278,60,LOW
2026-06-02,W04,Warehouse,P001,278,17,13,282,60,LOW
2026-06-03,W04,Warehouse,P001,282,3,6,279,60,LOW
2026-06-04,W04,Warehouse,P001,279,28,9,298,60,LOW
2026-06-05,W04,Warehouse,P001,298,1,21,278,60,LOW
2026-06-06,W04,Warehouse,P001,278,23,1,300,60,LOW
2026-06-07,W04,Warehouse,P001,300,1,3,298,60,LOW
2026-06-08,W04,Warehouse,P001,298,1,17,282,60,LOW
2026-06-09,W04,Warehouse,P001,282,4,16,270,60,LOW
2026-06-10,W04,Warehouse,P001,270,5,26,249,60,LOW
2026-06-11,W04,Warehouse,P001,249,22,8,263,60,LOW
2026-06-12,W04,Warehouse,P001,263,13,1,275,60,LOW
2026-06-13,W04,Warehouse,P001,275,1,14,262,60,LOW
2026-06-14,W04,Warehouse,P001,262,0,16,246,60,LOW
2026-06-15,W04,Warehouse,P001,246,11,3,254,60,LOW
2026-06-16,W04,Warehouse,P001,254,16,13,257,60,LOW
2026-06-17,W04,Warehouse,P001,257,23,4,276,60,LOW
2026-06-18,W04,Warehouse,P001,276,18,22,272,60,LOW
2026-06-19,W04,Warehouse,P001,272,9,22,259,60,LOW
2026-06-20,W04,Warehouse,P001,259,23,10,272,60,LOW
2026-06-21,W04,Warehouse,P001,272,30,26,276,60,LOW
2026-06-22,W04,Warehouse,P001,276,8,26,258,60,LOW
2026-06-23,W04,Warehouse,P001,258,0,3,255,60,LOW
2026-06-24,W04,Warehouse,P001,255,1,9,247,60,LOW
2026-06-25,W04,Warehouse,P001,247,28,14,261,60,LOW
2026-06-26,W04,Warehouse,P001,261,19,2,278,60,LOW
2026-06-27,W04,Warehouse,P001,278,17,10,285,60,LOW
2026-06-28,W04,Warehouse,P001,285,16,7,294,60,LOW
2026-06-29,W04,Warehouse,P001,294,7,27,274,60,LOW
2026-06-30,W04,Warehouse,P001,274,18,11,281,60,LOW
2026-06-01,W04,Warehouse,P002,341,3,25,319,75,LOW
2026-06-02,W04,Warehouse,P002,319,18,11,326,75,LOW
2026-06-03,W04,Warehouse,P002,326,26,4,348,75,LOW
2026-06-04,W04,Warehouse,P002,348,22,29,341,75,LOW
2026-06-05,W04,Warehouse,P002,341,19,0,360,75,LOW
2026-06-06,W04,Warehouse,P002,360,10,2,368,75,LOW
2026-06-07,W04,Warehouse,P002,368,23,13,378,75,LOW
2026-06-08,W04,Warehouse,P002,378,6,25,359,75,LOW
2026-06-09,W04,Warehouse,P002,359,7,11,355,75,LOW
2026-06-10,W04,Warehouse,P002,355,43,2,396,75,LOW
2026-06-11,W04,Warehouse,P002,396,12,12,396,75,LOW
2026-06-12,W04,Warehouse,P002,396,24,9,411,75,LOW
2026-06-13,W04,Warehouse,P002,411,49,0,460,75,LOW
2026-06-14,W04,Warehouse,P002,460,54,24,490,75,LOW
2026-06-15,W04,Warehouse,P002,490,2,5,487,75,LOW
2026-06-16,W04,Warehouse,P002,487,6,13,480,75,LOW
2026-06-17,W04,Warehouse,P002,480,19,30,469,75,LOW
2026-06-18,W04,Warehouse,P002,469,18,33,454,75,LOW
2026-06-19,W04,Warehouse,P002,454,16,11,459,75,LOW
2026-06-20,W04,Warehouse,P002,459,15,14,460,75,LOW
2026-06-21,W04,Warehouse,P002,460,47,11,496,75,LOW
2026-06-22,W04,Warehouse,P002,496,16,46,466,75,LOW
2026-06-23,W04,Warehouse,P002,466,37,8,495,75,LOW
2026-06-24,W04,Warehouse,P002,495,52,8,539,75,LOW
2026-06-25,W04,Warehouse,P002,539,10,23,526,75,LOW
2026-06-26,W04,Warehouse,P002,526,44,9,561,75,LOW
2026-06-27,W04,Warehouse,P002,561,52,8,605,75,LOW
2026-06-28,W04,Warehouse,P002,605,58,5,658,75,LOW
2026-06-29,W04,Warehouse,P002,658,38,41,655,75,LOW
2026-06-30,W04,Warehouse,P002,655,21,39,637,75,LOW
2026-06-01,W04,Warehouse,P003,571,48,37,582,125,LOW
2026-06-02,W04,Warehouse,P003,582,28,44,566,125,LOW
2026-06-03,W04,Warehouse,P003,566,51,18,599,125,LOW
2026-06-04,W04,Warehouse,P003,599,54,54,599,125,LOW
2026-06-05,W04,Warehouse,P003,599,60,43,616,125,LOW
2026-06-06,W04,Warehouse,P003,616,59,49,626,125,LOW
2026-06-07,W04,Warehouse,P003,626,22,44,604,125,LOW
2026-06-08,W04,Warehouse,P003,604,14,21,597,125,LOW
2026-06-09,W04,Warehouse,P003,597,69,16,650,125,LOW
2026-06-10,W04,Warehouse,P003,650,68,27,691,125,LOW
2026-06-11,W04,Warehouse,P003,691,18,6,703,125,LOW
2026-06-12,W04,Warehouse,P003,703,47,31,719,125,LOW
2026-06-13,W04,Warehouse,P003,719,45,3,761,125,LOW
2026-06-14,W04,Warehouse,P003,761,25,0,786,125,LOW
2026-06-15,W04,Warehouse,P003,786,29,72,743,125,LOW
2026-06-16,W04,Warehouse,P003,743,14,51,706,125,LOW
2026-06-17,W04,Warehouse,P003,706,0,39,667,125,LOW
2026-06-18,W04,Warehouse,P003,667,76,22,721,125,LOW
2026-06-19,W04,Warehouse,P003,721,17,41,697,125,LOW
2026-06-20,W04,Warehouse,P003,697,24,61,660,125,LOW
2026-06-21,W04,Warehouse,P003,660,69,43,686,125,LOW
2026-06-22,W04,Warehouse,P003,686,54,40,700,125,LOW
2026-06-23,W04,Warehouse,P003,700,63,32,731,125,LOW
2026-06-24,W04,Warehouse,P003,731,88,25,794,125,LOW
2026-06-25,W04,Warehouse,P003,794,0,55,739,125,LOW
2026-06-26,W04,Warehouse,P003,739,60,71,728,125,LOW
2026-06-27,W04,Warehouse,P003,728,35,30,733,125,LOW
2026-06-28,W04,Warehouse,P003,733,51,28,756,125,LOW
2026-06-29,W04,Warehouse,P003,756,73,32,797,125,LOW
2026-06-30,W04,Warehouse,P003,797,77,33,841,125,LOW
2026-06-01,W04,Warehouse,P004,374,10,36,348,82,LOW
2026-06-02,W04,Warehouse,P004,348,22,24,346,82,LOW
2026-06-03,W04,Warehouse,P004,346,25,12,359,82,LOW
2026-06-04,W04,Warehouse,P004,359,42,13,388,82,LOW
2026-06-05,W04,Warehouse,P004,388,47,16,419,82,LOW
2026-06-06,W04,Warehouse,P004,419,1,1,419,82,LOW
2026-06-07,W04,Warehouse,P004,419,50,21,448,82,LOW
2026-06-08,W04,Warehouse,P004,448,21,35,434,82,LOW
2026-06-09,W04,Warehouse,P004,434,33,28,439,82,LOW
2026-06-10,W04,Warehouse,P004,439,37,8,468,82,LOW
2026-06-11,W04,Warehouse,P004,468,5,33,440,82,LOW
2026-06-12,W04,Warehouse,P004,440,1,31,410,82,LOW
2026-06-13,W04,Warehouse,P004,410,6,10,406,82,LOW
2026-06-14,W04,Warehouse,P004,406,35,24,417,82,LOW
2026-06-15,W04,Warehouse,P004,417,40,25,432,82,LOW
2026-06-16,W04,Warehouse,P004,432,2,36,398,82,LOW
2026-06-17,W04,Warehouse,P004,398,10,5,403,82,LOW
2026-06-18,W04,Warehouse,P004,403,43,7,439,82,LOW
2026-06-19,W04,Warehouse,P004,439,28,20,447,82,LOW
2026-06-20,W04,Warehouse,P004,447,42,1,488,82,LOW
2026-06-21,W04,Warehouse,P004,488,6,19,475,82,LOW
2026-06-22,W04,Warehouse,P004,475,27,37,465,82,LOW
2026-06-23,W04,Warehouse,P004,465,35,6,494,82,LOW
2026-06-24,W04,Warehouse,P004,494,59,22,531,82,LOW
2026-06-25,W04,Warehouse,P004,531,63,52,542,82,LOW
2026-06-26,W04,Warehouse,P004,542,3,27,518,82,LOW
2026-06-27,W04,Warehouse,P004,518,27,25,520,82,LOW
2026-06-28,W04,Warehouse,P004,520,20,29,511,82,LOW
2026-06-29,W04,Warehouse,P004,511,31,9,533,82,LOW
2026-06-30,W04,Warehouse,P004,533,19,7,545,82,LOW
2026-06-01,W04,Warehouse,P005,464,48,31,481,102,LOW
2026-06-02,W04,Warehouse,P005,481,23,18,486,102,LOW
2026-06-03,W04,Warehouse,P005,486,4,13,477,102,LOW
2026-06-04,W04,Warehouse,P005,477,54,1,530,102,LOW
2026-06-05,W04,Warehouse,P005,530,9,44,495,102,LOW
2026-06-06,W04,Warehouse,P005,495,31,1,525,102,LOW
2026-06-07,W04,Warehouse,P005,525,31,38,518,102,LOW
2026-06-08,W04,Warehouse,P005,518,22,19,521,102,LOW
2026-06-09,W04,Warehouse,P005,521,41,31,531,102,LOW
2026-06-10,W04,Warehouse,P005,531,59,13,577,102,LOW
2026-06-11,W04,Warehouse,P005,577,19,8,588,102,LOW
2026-06-12,W04,Warehouse,P005,588,48,30,606,102,LOW
2026-06-13,W04,Warehouse,P005,606,26,41,591,102,LOW
2026-06-14,W04,Warehouse,P005,591,27,11,607,102,LOW
2026-06-15,W04,Warehouse,P005,607,40,26,621,102,LOW
2026-06-16,W04,Warehouse,P005,621,31,27,625,102,LOW
2026-06-17,W04,Warehouse,P005,625,71,13,683,102,LOW
2026-06-18,W04,Warehouse,P005,683,23,38,668,102,LOW
2026-06-19,W04,Warehouse,P005,668,3,9,662,102,LOW
2026-06-20,W04,Warehouse,P005,662,46,33,675,102,LOW
2026-06-21,W04,Warehouse,P005,675,54,7,722,102,LOW
2026-06-22,W04,Warehouse,P005,722,76,34,764,102,LOW
2026-06-23,W04,Warehouse,P005,764,14,23,755,102,LOW
2026-06-24,W04,Warehouse,P005,755,21,33,743,102,LOW
2026-06-25,W04,Warehouse,P005,743,43,32,754,102,LOW
2026-06-26,W04,Warehouse,P005,754,43,68,729,102,LOW
2026-06-27,W04,Warehouse,P005,729,87,35,781,102,LOW
2026-06-28,W04,Warehouse,P005,781,93,63,811,102,LOW
2026-06-29,W04,Warehouse,P005,811,82,18,875,102,LOW
2026-06-30,W04,Warehouse,P005,875,47,30,892,102,LOW
2026-06-01,W04,Warehouse,P006,259,3,1,261,56,LOW
2026-06-02,W04,Warehouse,P006,261,19,10,270,56,LOW
2026-06-03,W04,Warehouse,P006,270,27,18,279,56,LOW
2026-06-04,W04,Warehouse,P006,279,2,22,259,56,LOW
2026-06-05,W04,Warehouse,P006,259,15,14,260,56,LOW
2026-06-06,W04,Warehouse,P006,260,30,16,274,56,LOW
2026-06-07,W04,Warehouse,P006,274,0,4,270,56,LOW
2026-06-08,W04,Warehouse,P006,270,14,1,283,56,LOW
2026-06-09,W04,Warehouse,P006,283,5,22,266,56,LOW
2026-06-10,W04,Warehouse,P006,266,4,4,266,56,LOW
2026-06-11,W04,Warehouse,P006,266,16,2,280,56,LOW
2026-06-12,W04,Warehouse,P006,280,8,26,262,56,LOW
2026-06-13,W04,Warehouse,P006,262,20,25,257,56,LOW
2026-06-14,W04,Warehouse,P006,257,11,15,253,56,LOW
2026-06-15,W04,Warehouse,P006,253,7,9,251,56,LOW
2026-06-16,W04,Warehouse,P006,251,5,20,236,56,LOW
2026-06-17,W04,Warehouse,P006,236,5,4,237,56,LOW
2026-06-18,W04,Warehouse,P006,237,13,9,241,56,LOW
2026-06-19,W04,Warehouse,P006,241,9,8,242,56,LOW
2026-06-20,W04,Warehouse,P006,242,8,21,229,56,LOW
2026-06-21,W04,Warehouse,P006,229,16,20,225,56,LOW
2026-06-22,W04,Warehouse,P006,225,27,14,238,56,LOW
2026-06-23,W04,Warehouse,P006,238,23,2,259,56,LOW
2026-06-24,W04,Warehouse,P006,259,30,12,277,56,LOW
2026-06-25,W04,Warehouse,P006,277,24,6,295,56,LOW
2026-06-26,W04,Warehouse,P006,295,3,25,273,56,LOW
2026-06-27,W04,Warehouse,P006,273,15,3,285,56,LOW
2026-06-28,W04,Warehouse,P006,285,23,1,307,56,LOW
2026-06-29,W04,Warehouse,P006,307,17,21,303,56,LOW
2026-06-30,W04,Warehouse,P006,303,26,13,316,56,LOW
2026-06-01,W04,Warehouse,P007,435,19,36,418,95,LOW
2026-06-02,W04,Warehouse,P007,418,9,3,424,95,LOW
2026-06-03,W04,Warehouse,P007,424,8,33,399,95,LOW
2026-06-04,W04,Warehouse,P007,399,23,1,421,95,LOW
2026-06-05,W04,Warehouse,P007,421,8,1,428,95,LOW
2026-06-06,W04,Warehouse,P007,428,43,19,452,95,LOW
2026-06-07,W04,Warehouse,P007,452,3,9,446,95,LOW
2026-06-08,W04,Warehouse,P007,446,33,26,453,95,LOW
2026-06-09,W04,Warehouse,P007,453,45,1,497,95,LOW
2026-06-10,W04,Warehouse,P007,497,4,1,500,95,LOW
2026-06-11,W04,Warehouse,P007,500,24,36,488,95,LOW
2026-06-12,W04,Warehouse,P007,488,40,10,518,95,LOW
2026-06-13,W04,Warehouse,P007,518,42,33,527,95,LOW
2026-06-14,W04,Warehouse,P007,527,12,38,501,95,LOW
2026-06-15,W04,Warehouse,P007,501,26,2,525,95,LOW
2026-06-16,W04,Warehouse,P007,525,25,40,510,95,LOW
2026-06-17,W04,Warehouse,P007,510,43,13,540,95,LOW
2026-06-18,W04,Warehouse,P007,540,50,21,569,95,LOW
2026-06-19,W04,Warehouse,P007,569,32,4,597,95,LOW
2026-06-20,W04,Warehouse,P007,597,73,49,621,95,LOW
2026-06-21,W04,Warehouse,P007,621,15,34,602,95,LOW
2026-06-22,W04,Warehouse,P007,602,58,30,630,95,LOW
2026-06-23,W04,Warehouse,P007,630,16,61,585,95,LOW
2026-06-24,W04,Warehouse,P007,585,19,19,585,95,LOW
2026-06-25,W04,Warehouse,P007,585,27,51,561,95,LOW
2026-06-26,W04,Warehouse,P007,561,35,40,556,95,LOW
2026-06-27,W04,Warehouse,P007,556,62,51,567,95,LOW
2026-06-28,W04,Warehouse,P007,567,59,50,576,95,LOW
2026-06-29,W04,Warehouse,P007,576,68,56,588,95,LOW
2026-06-30,W04,Warehouse,P007,588,46,7,627,95,LOW
2026-06-01,W04,Warehouse,P008,304,4,23,285,66,LOW
2026-06-02,W04,Warehouse,P008,285,11,22,274,66,LOW
2026-06-03,W04,Warehouse,P008,274,31,17,288,66,LOW
2026-06-04,W04,Warehouse,P008,288,27,7,308,66,LOW
2026-06-05,W04,Warehouse,P008,308,16,28,296,66,LOW
2026-06-06,W04,Warehouse,P008,296,30,5,321,66,LOW
2026-06-07,W04,Warehouse,P008,321,37,15,343,66,LOW
2026-06-08,W04,Warehouse,P008,343,35,17,361,66,LOW
2026-06-09,W04,Warehouse,P008,361,27,5,383,66,LOW
2026-06-10,W04,Warehouse,P008,383,15,27,371,66,LOW
2026-06-11,W04,Warehouse,P008,371,38,3,406,66,LOW
2026-06-12,W04,Warehouse,P008,406,3,27,382,66,LOW
2026-06-13,W04,Warehouse,P008,382,21,32,371,66,LOW
2026-06-14,W04,Warehouse,P008,371,3,12,362,66,LOW
2026-06-15,W04,Warehouse,P008,362,1,25,338,66,LOW
2026-06-16,W04,Warehouse,P008,338,36,5,369,66,LOW
2026-06-17,W04,Warehouse,P008,369,14,30,353,66,LOW
2026-06-18,W04,Warehouse,P008,353,1,33,321,66,LOW
2026-06-19,W04,Warehouse,P008,321,35,4,352,66,LOW
2026-06-20,W04,Warehouse,P008,352,6,24,334,66,LOW
2026-06-21,W04,Warehouse,P008,334,0,16,318,66,LOW
2026-06-22,W04,Warehouse,P008,318,2,16,304,66,LOW
2026-06-23,W04,Warehouse,P008,304,13,21,296,66,LOW
2026-06-24,W04,Warehouse,P008,296,32,14,314,66,LOW
2026-06-25,W04,Warehouse,P008,314,25,18,321,66,LOW
2026-06-26,W04,Warehouse,P008,321,39,7,353,66,LOW
2026-06-27,W04,Warehouse,P008,353,10,13,350,66,LOW
2026-06-28,W04,Warehouse,P008,350,31,30,351,66,LOW
2026-06-29,W04,Warehouse,P008,351,11,3,359,66,LOW
2026-06-30,W04,Warehouse,P008,359,26,20,365,66,LOW
2026-06-01,W04,Warehouse,P009,222,10,4,228,48,LOW
2026-06-02,W04,Warehouse,P009,228,23,18,233,48,LOW
2026-06-03,W04,Warehouse,P009,233,21,13,241,48,LOW
2026-06-04,W04,Warehouse,P009,241,7,9,239,48,LOW
2026-06-05,W04,Warehouse,P009,239,1,5,235,48,LOW
2026-06-06,W04,Warehouse,P009,235,13,10,238,48,LOW
2026-06-07,W04,Warehouse,P009,238,2,22,218,48,LOW
2026-06-08,W04,Warehouse,P009,218,7,10,215,48,LOW
2026-06-09,W04,Warehouse,P009,215,12,9,218,48,LOW
2026-06-10,W04,Warehouse,P009,218,22,15,225,48,LOW
2026-06-11,W04,Warehouse,P009,225,24,8,241,48,LOW
2026-06-12,W04,Warehouse,P009,241,7,10,238,48,LOW
2026-06-13,W04,Warehouse,P009,238,16,7,247,48,LOW
2026-06-14,W04,Warehouse,P009,247,13,3,257,48,LOW
2026-06-15,W04,Warehouse,P009,257,18,17,258,48,LOW
2026-06-16,W04,Warehouse,P009,258,16,21,253,48,LOW
2026-06-17,W04,Warehouse,P009,253,30,22,261,48,LOW
2026-06-18,W04,Warehouse,P009,261,2,22,241,48,LOW
2026-06-19,W04,Warehouse,P009,241,10,10,241,48,LOW
2026-06-20,W04,Warehouse,P009,241,12,6,247,48,LOW
2026-06-21,W04,Warehouse,P009,247,26,15,258,48,LOW
2026-06-22,W04,Warehouse,P009,258,30,23,265,48,LOW
2026-06-23,W04,Warehouse,P009,265,13,18,260,48,LOW
2026-06-24,W04,Warehouse,P009,260,16,12,264,48,LOW
2026-06-25,W04,Warehouse,P009,264,24,17,271,48,LOW
2026-06-26,W04,Warehouse,P009,271,30,20,281,48,LOW
2026-06-27,W04,Warehouse,P009,281,21,25,277,48,LOW
2026-06-28,W04,Warehouse,P009,277,3,20,260,48,LOW
2026-06-29,W04,Warehouse,P009,260,12,11,261,48,LOW
2026-06-30,W04,Warehouse,P009,261,25,7,279,48,LOW
2026-06-01,W04,Warehouse,P010,235,25,11,249,51,LOW
2026-06-02,W04,Warehouse,P010,249,10,7,252,51,LOW
2026-06-03,W04,Warehouse,P010,252,13,23,242,51,LOW
2026-06-04,W04,Warehouse,P010,242,3,12,233,51,LOW
2026-06-05,W04,Warehouse,P010,233,24,10,247,51,LOW
2026-06-06,W04,Warehouse,P010,247,16,8,255,51,LOW
2026-06-07,W04,Warehouse,P010,255,4,15,244,51,LOW
2026-06-08,W04,Warehouse,P010,244,27,12,259,51,LOW
2026-06-09,W04,Warehouse,P010,259,13,3,269,51,LOW
2026-06-10,W04,Warehouse,P010,269,31,22,278,51,LOW
2026-06-11,W04,Warehouse,P010,278,30,9,299,51,LOW
2026-06-12,W04,Warehouse,P010,299,23,12,310,51,LOW
2026-06-13,W04,Warehouse,P010,310,8,6,312,51,LOW
2026-06-14,W04,Warehouse,P010,312,14,17,309,51,LOW
2026-06-15,W04,Warehouse,P010,309,4,21,292,51,LOW
2026-06-16,W04,Warehouse,P010,292,16,25,283,51,LOW
2026-06-17,W04,Warehouse,P010,283,9,1,291,51,LOW
2026-06-18,W04,Warehouse,P010,291,11,28,274,51,LOW
2026-06-19,W04,Warehouse,P010,274,10,19,265,51,LOW
2026-06-20,W04,Warehouse,P010,265,27,7,285,51,LOW
2026-06-21,W04,Warehouse,P010,285,22,5,302,51,LOW
2026-06-22,W04,Warehouse,P010,302,13,8,307,51,LOW
2026-06-23,W04,Warehouse,P010,307,25,26,306,51,LOW
2026-06-24,W04,Warehouse,P010,306,9,8,307,51,LOW
2026-06-25,W04,Warehouse,P010,307,31,13,325,51,LOW
2026-06-26,W04,Warehouse,P010,325,20,22,323,51,LOW
2026-06-27,W04,Warehouse,P010,323,5,27,301,51,LOW
2026-06-28,W04,Warehouse,P010,301,13,19,295,51,LOW
2026-06-29,W04,Warehouse,P010,295,15,21,289,51,LOW
2026-06-30,W04,Warehouse,P010,289,22,4,307,51,LOW
2026-06-01,W04,Warehouse,P011,143,3,12,134,31,LOW
2026-06-02,W04,Warehouse,P011,134,8,3,139,31,LOW
2026-06-03,W04,Warehouse,P011,139,2,1,140,31,LOW
2026-06-04,W04,Warehouse,P011,140,15,13,142,31,LOW
2026-06-05,W04,Warehouse,P011,142,6,2,146,31,LOW
2026-06-06,W04,Warehouse,P011,146,7,1,152,31,LOW
2026-06-07,W04,Warehouse,P011,152,10,9,153,31,LOW
2026-06-08,W04,Warehouse,P011,153,18,4,167,31,LOW
2026-06-09,W04,Warehouse,P011,167,3,2,168,31,LOW
2026-06-10,W04,Warehouse,P011,168,7,9,166,31,LOW
2026-06-11,W04,Warehouse,P011,166,1,12,155,31,LOW
2026-06-12,W04,Warehouse,P011,155,8,11,152,31,LOW
2026-06-13,W04,Warehouse,P011,152,8,2,158,31,LOW
2026-06-14,W04,Warehouse,P011,158,0,8,150,31,LOW
2026-06-15,W04,Warehouse,P011,150,9,12,147,31,LOW
2026-06-16,W04,Warehouse,P011,147,15,2,160,31,LOW
2026-06-17,W04,Warehouse,P011,160,6,3,163,31,LOW
2026-06-18,W04,Warehouse,P011,163,2,0,165,31,LOW
2026-06-19,W04,Warehouse,P011,165,1,8,158,31,LOW
2026-06-20,W04,Warehouse,P011,158,2,2,158,31,LOW
2026-06-21,W04,Warehouse,P011,158,2,10,150,31,LOW
2026-06-22,W04,Warehouse,P011,150,11,14,147,31,LOW
2026-06-23,W04,Warehouse,P011,147,2,2,147,31,LOW
2026-06-24,W04,Warehouse,P011,147,8,9,146,31,LOW
2026-06-25,W04,Warehouse,P011,146,2,2,146,31,LOW
2026-06-26,W04,Warehouse,P011,146,7,0,153,31,LOW
2026-06-27,W04,Warehouse,P011,153,7,11,149,31,LOW
2026-06-28,W04,Warehouse,P011,149,9,6,152,31,LOW
2026-06-29,W04,Warehouse,P011,152,9,14,147,31,LOW
2026-06-30,W04,Warehouse,P011,147,9,7,149,31,LOW
2026-06-01,W04,Warehouse,P012,113,13,1,125,24,LOW
2026-06-02,W04,Warehouse,P012,125,1,5,121,24,LOW
2026-06-03,W04,Warehouse,P012,121,4,2,123,24,LOW
2026-06-04,W04,Warehouse,P012,123,1,10,114,24,LOW
2026-06-05,W04,Warehouse,P012,114,8,7,115,24,LOW
2026-06-06,W04,Warehouse,P012,115,1,3,113,24,LOW
2026-06-07,W04,Warehouse,P012,113,8,5,116,24,LOW
2026-06-08,W04,Warehouse,P012,116,9,7,118,24,LOW
2026-06-09,W04,Warehouse,P012,118,5,8,115,24,LOW
2026-06-10,W04,Warehouse,P012,115,3,0,118,24,LOW
2026-06-11,W04,Warehouse,P012,118,12,0,130,24,LOW
2026-06-12,W04,Warehouse,P012,130,4,1,133,24,LOW
2026-06-13,W04,Warehouse,P012,133,3,5,131,24,LOW
2026-06-14,W04,Warehouse,P012,131,2,6,127,24,LOW
2026-06-15,W04,Warehouse,P012,127,13,1,139,24,LOW
2026-06-16,W04,Warehouse,P012,139,15,5,149,24,LOW
2026-06-17,W04,Warehouse,P012,149,10,6,153,24,LOW
2026-06-18,W04,Warehouse,P012,153,6,1,158,24,LOW
2026-06-19,W04,Warehouse,P012,158,11,13,156,24,LOW
2026-06-20,W04,Warehouse,P012,156,9,8,157,24,LOW
2026-06-21,W04,Warehouse,P012,157,12,5,164,24,LOW
2026-06-22,W04,Warehouse,P012,164,2,8,158,24,LOW
2026-06-23,W04,Warehouse,P012,158,16,4,170,24,LOW
2026-06-24,W04,Warehouse,P012,170,18,14,174,24,LOW
2026-06-25,W04,Warehouse,P012,174,5,9,170,24,LOW
2026-06-26,W04,Warehouse,P012,170,15,8,177,24,LOW
2026-06-27,W04,Warehouse,P012,177,15,15,177,24,LOW
2026-06-28,W04,Warehouse,P012,177,13,14,176,24,LOW
2026-06-29,W04,Warehouse,P012,176,17,13,180,24,LOW
2026-06-30,W04,Warehouse,P012,180,18,4,194,24,LOW
2026-06-01,W04,Warehouse,P013,59,0,0,59,12,LOW
2026-06-02,W04,Warehouse,P013,59,1,3,57,12,LOW
2026-06-03,W04,Warehouse,P013,57,3,2,58,12,LOW
2026-06-04,W04,Warehouse,P013,58,0,3,55,12,LOW
2026-06-05,W04,Warehouse,P013,55,2,3,54,12,LOW
2026-06-06,W04,Warehouse,P013,54,0,1,53,12,LOW
2026-06-07,W04,Warehouse,P013,53,0,1,52,12,LOW
2026-06-08,W04,Warehouse,P013,52,5,2,55,12,LOW
2026-06-09,W04,Warehouse,P013,55,2,1,56,12,LOW
2026-06-10,W04,Warehouse,P013,56,1,3,54,12,LOW
2026-06-11,W04,Warehouse,P013,54,5,3,56,12,LOW
2026-06-12,W04,Warehouse,P013,56,5,2,59,12,LOW
2026-06-13,W04,Warehouse,P013,59,0,3,56,12,LOW
2026-06-14,W04,Warehouse,P013,56,5,2,59,12,LOW
2026-06-15,W04,Warehouse,P013,59,0,3,56,12,LOW
2026-06-16,W04,Warehouse,P013,56,6,1,61,12,LOW
2026-06-17,W04,Warehouse,P013,61,1,4,58,12,LOW
2026-06-18,W04,Warehouse,P013,58,2,3,57,12,LOW
2026-06-19,W04,Warehouse,P013,57,4,1,60,12,LOW
2026-06-20,W04,Warehouse,P013,60,0,3,57,12,LOW
2026-06-21,W04,Warehouse,P013,57,2,4,55,12,LOW
2026-06-22,W04,Warehouse,P013,55,2,1,56,12,LOW
2026-06-23,W04,Warehouse,P013,56,6,3,59,12,LOW
2026-06-24,W04,Warehouse,P013,59,4,4,59,12,LOW
2026-06-25,W04,Warehouse,P013,59,5,4,60,12,LOW
2026-06-26,W04,Warehouse,P013,60,5,2,63,12,LOW
2026-06-27,W04,Warehouse,P013,63,0,3,60,12,LOW
2026-06-28,W04,Warehouse,P013,60,5,5,60,12,LOW
2026-06-29,W04,Warehouse,P013,60,4,3,61,12,LOW
2026-06-30,W04,Warehouse,P013,61,4,0,65,12,LOW
2026-06-01,W04,Warehouse,P014,142,0,0,142,31,LOW
2026-06-02,W04,Warehouse,P014,142,15,11,146,31,LOW
2026-06-03,W04,Warehouse,P014,146,4,5,145,31,LOW
2026-06-04,W04,Warehouse,P014,145,8,3,150,31,LOW
2026-06-05,W04,Warehouse,P014,150,7,5,152,31,LOW
2026-06-06,W04,Warehouse,P014,152,13,11,154,31,LOW
2026-06-07,W04,Warehouse,P014,154,1,6,149,31,LOW
2026-06-08,W04,Warehouse,P014,149,17,12,154,31,LOW
2026-06-09,W04,Warehouse,P014,154,15,11,158,31,LOW
2026-06-10,W04,Warehouse,P014,158,0,14,144,31,LOW
2026-06-11,W04,Warehouse,P014,144,13,12,145,31,LOW
2026-06-12,W04,Warehouse,P014,145,16,3,158,31,LOW
2026-06-13,W04,Warehouse,P014,158,0,9,149,31,LOW
2026-06-14,W04,Warehouse,P014,149,8,0,157,31,LOW
2026-06-15,W04,Warehouse,P014,157,5,14,148,31,LOW
2026-06-16,W04,Warehouse,P014,148,6,3,151,31,LOW
2026-06-17,W04,Warehouse,P014,151,11,9,153,31,LOW
2026-06-18,W04,Warehouse,P014,153,6,12,147,31,LOW
2026-06-19,W04,Warehouse,P014,147,10,2,155,31,LOW
2026-06-20,W04,Warehouse,P014,155,6,12,149,31,LOW
2026-06-21,W04,Warehouse,P014,149,1,0,150,31,LOW
2026-06-22,W04,Warehouse,P014,150,11,6,155,31,LOW
2026-06-23,W04,Warehouse,P014,155,4,7,152,31,LOW
2026-06-24,W04,Warehouse,P014,152,3,5,150,31,LOW
2026-06-25,W04,Warehouse,P014,150,4,8,146,31,LOW
2026-06-26,W04,Warehouse,P014,146,12,12,146,31,LOW
2026-06-27,W04,Warehouse,P014,146,1,4,143,31,LOW
2026-06-28,W04,Warehouse,P014,143,4,8,139,31,LOW
2026-06-29,W04,Warehouse,P014,139,9,11,137,31,LOW
2026-06-30,W04,Warehouse,P014,137,15,10,142,31,LOW
2026-06-01,W04,Warehouse,P015,72,1,0,73,15,LOW
2026-06-02,W04,Warehouse,P015,73,8,6,75,15,LOW
2026-06-03,W04,Warehouse,P015,75,2,0,77,15,LOW
2026-06-04,W04,Warehouse,P015,77,6,4,79,15,LOW
2026-06-05,W04,Warehouse,P015,79,7,4,82,15,LOW
2026-06-06,W04,Warehouse,P015,82,7,6,83,15,LOW
2026-06-07,W04,Warehouse,P015,83,0,1,82,15,LOW
2026-06-08,W04,Warehouse,P015,82,7,1,88,15,LOW
2026-06-09,W04,Warehouse,P015,88,2,6,84,15,LOW
2026-06-10,W04,Warehouse,P015,84,2,1,85,15,LOW
2026-06-11,W04,Warehouse,P015,85,0,3,82,15,LOW
2026-06-12,W04,Warehouse,P015,82,6,5,83,15,LOW
2026-06-13,W04,Warehouse,P015,83,9,5,87,15,LOW
2026-06-14,W04,Warehouse,P015,87,7,1,93,15,LOW
2026-06-15,W04,Warehouse,P015,93,3,2,94,15,LOW
2026-06-16,W04,Warehouse,P015,94,0,8,86,15,LOW
2026-06-17,W04,Warehouse,P015,86,2,3,85,15,LOW
2026-06-18,W04,Warehouse,P015,85,3,0,88,15,LOW
2026-06-19,W04,Warehouse,P015,88,9,1,96,15,LOW
2026-06-20,W04,Warehouse,P015,96,1,3,94,15,LOW
2026-06-21,W04,Warehouse,P015,94,1,8,87,15,LOW
2026-06-22,W04,Warehouse,P015,87,1,2,86,15,LOW
2026-06-23,W04,Warehouse,P015,86,2,0,88,15,LOW
2026-06-24,W04,Warehouse,P015,88,0,4,84,15,LOW
2026-06-25,W04,Warehouse,P015,84,2,0,86,15,LOW
2026-06-26,W04,Warehouse,P015,86,2,2,86,15,LOW
2026-06-27,W04,Warehouse,P015,86,4,7,83,15,LOW
2026-06-28,W04,Warehouse,P015,83,3,5,81,15,LOW
2026-06-29,W04,Warehouse,P015,81,7,0,88,15,LOW
2026-06-30,W04,Warehouse,P015,88,5,3,90,15,LOW
2026-06-01,W05,Warehouse,P001,160,10,2,168,35,LOW
2026-06-02,W05,Warehouse,P001,168,9,1,176,35,LOW
2026-06-03,W05,Warehouse,P001,176,20,9,187,35,LOW
2026-06-04,W05,Warehouse,P001,187,0,9,178,35,LOW
2026-06-05,W05,Warehouse,P001,178,20,12,186,35,LOW
2026-06-06,W05,Warehouse,P001,186,6,16,176,35,LOW
2026-06-07,W05,Warehouse,P001,176,4,4,176,35,LOW
2026-06-08,W05,Warehouse,P001,176,3,15,164,35,LOW
2026-06-09,W05,Warehouse,P001,164,14,8,170,35,LOW
2026-06-10,W05,Warehouse,P001,170,14,4,180,35,LOW
2026-06-11,W05,Warehouse,P001,180,1,15,166,35,LOW
2026-06-12,W05,Warehouse,P001,166,19,0,185,35,LOW
2026-06-13,W05,Warehouse,P001,185,1,10,176,35,LOW
2026-06-14,W05,Warehouse,P001,176,0,12,164,35,LOW
2026-06-15,W05,Warehouse,P001,164,18,4,178,35,LOW
2026-06-16,W05,Warehouse,P001,178,6,14,170,35,LOW
2026-06-17,W05,Warehouse,P001,170,7,4,173,35,LOW
2026-06-18,W05,Warehouse,P001,173,1,14,160,35,LOW
2026-06-19,W05,Warehouse,P001,160,18,1,177,35,LOW
2026-06-20,W05,Warehouse,P001,177,17,2,192,35,LOW
2026-06-21,W05,Warehouse,P001,192,3,7,188,35,LOW
2026-06-22,W05,Warehouse,P001,188,10,15,183,35,LOW
2026-06-23,W05,Warehouse,P001,183,15,2,196,35,LOW
2026-06-24,W05,Warehouse,P001,196,14,16,194,35,LOW
2026-06-25,W05,Warehouse,P001,194,15,4,205,35,LOW
2026-06-26,W05,Warehouse,P001,205,3,9,199,35,LOW
2026-06-27,W05,Warehouse,P001,199,11,6,204,35,LOW
2026-06-28,W05,Warehouse,P001,204,2,2,204,35,LOW
2026-06-29,W05,Warehouse,P001,204,13,18,199,35,LOW
2026-06-30,W05,Warehouse,P001,199,14,8,205,35,LOW
2026-06-01,W05,Warehouse,P002,236,27,15,248,51,LOW
2026-06-02,W05,Warehouse,P002,248,22,13,257,51,LOW
2026-06-03,W05,Warehouse,P002,257,24,12,269,51,LOW
2026-06-04,W05,Warehouse,P002,269,20,16,273,51,LOW
2026-06-05,W05,Warehouse,P002,273,25,24,274,51,LOW
2026-06-06,W05,Warehouse,P002,274,10,18,266,51,LOW
2026-06-07,W05,Warehouse,P002,266,1,13,254,51,LOW
2026-06-08,W05,Warehouse,P002,254,27,16,265,51,LOW
2026-06-09,W05,Warehouse,P002,265,8,15,258,51,LOW
2026-06-10,W05,Warehouse,P002,258,11,10,259,51,LOW
2026-06-11,W05,Warehouse,P002,259,7,15,251,51,LOW
2026-06-12,W05,Warehouse,P002,251,6,11,246,51,LOW
2026-06-13,W05,Warehouse,P002,246,28,18,256,51,LOW
2026-06-14,W05,Warehouse,P002,256,13,24,245,51,LOW
2026-06-15,W05,Warehouse,P002,245,0,23,222,51,LOW
2026-06-16,W05,Warehouse,P002,222,9,18,213,51,LOW
2026-06-17,W05,Warehouse,P002,213,24,12,225,51,LOW
2026-06-18,W05,Warehouse,P002,225,17,16,226,51,LOW
2026-06-19,W05,Warehouse,P002,226,6,3,229,51,LOW
2026-06-20,W05,Warehouse,P002,229,9,10,228,51,LOW
2026-06-21,W05,Warehouse,P002,228,20,5,243,51,LOW
2026-06-22,W05,Warehouse,P002,243,16,0,259,51,LOW
2026-06-23,W05,Warehouse,P002,259,0,24,235,51,LOW
2026-06-24,W05,Warehouse,P002,235,24,19,240,51,LOW
2026-06-25,W05,Warehouse,P002,240,9,12,237,51,LOW
2026-06-26,W05,Warehouse,P002,237,19,5,251,51,LOW
2026-06-27,W05,Warehouse,P002,251,23,17,257,51,LOW
2026-06-28,W05,Warehouse,P002,257,13,10,260,51,LOW
2026-06-29,W05,Warehouse,P002,260,9,20,249,51,LOW
2026-06-30,W05,Warehouse,P002,249,30,23,256,51,LOW
2026-06-01,W05,Warehouse,P003,441,42,15,468,97,LOW
2026-06-02,W05,Warehouse,P003,468,45,11,502,97,LOW
2026-06-03,W05,Warehouse,P003,502,55,13,544,97,LOW
2026-06-04,W05,Warehouse,P003,544,27,5,566,97,LOW
2026-06-05,W05,Warehouse,P003,566,5,22,549,97,LOW
2026-06-06,W05,Warehouse,P003,549,37,0,586,97,LOW
2026-06-07,W05,Warehouse,P003,586,61,6,641,97,LOW
2026-06-08,W05,Warehouse,P003,641,79,17,703,97,LOW
2026-06-09,W05,Warehouse,P003,703,32,11,724,97,LOW
2026-06-10,W05,Warehouse,P003,724,74,52,746,97,LOW
2026-06-11,W05,Warehouse,P003,746,7,7,746,97,LOW
2026-06-12,W05,Warehouse,P003,746,56,64,738,97,LOW
2026-06-13,W05,Warehouse,P003,738,10,16,732,97,LOW
2026-06-14,W05,Warehouse,P003,732,49,7,774,97,LOW
2026-06-15,W05,Warehouse,P003,774,29,0,803,97,LOW
2026-06-16,W05,Warehouse,P003,803,49,57,795,97,LOW
2026-06-17,W05,Warehouse,P003,795,40,20,815,97,LOW
2026-06-18,W05,Warehouse,P003,815,42,41,816,97,LOW
2026-06-19,W05,Warehouse,P003,816,16,9,823,97,LOW
2026-06-20,W05,Warehouse,P003,823,18,80,761,97,LOW
2026-06-21,W05,Warehouse,P003,761,68,9,820,97,LOW
2026-06-22,W05,Warehouse,P003,820,30,33,817,97,LOW
2026-06-23,W05,Warehouse,P003,817,18,68,767,97,LOW
2026-06-24,W05,Warehouse,P003,767,89,18,838,97,LOW
2026-06-25,W05,Warehouse,P003,838,1,22,817,97,LOW
2026-06-26,W05,Warehouse,P003,817,59,65,811,97,LOW
2026-06-27,W05,Warehouse,P003,811,34,22,823,97,LOW
2026-06-28,W05,Warehouse,P003,823,25,0,848,97,LOW
2026-06-29,W05,Warehouse,P003,848,1,35,814,97,LOW
2026-06-30,W05,Warehouse,P003,814,62,1,875,97,LOW
2026-06-01,W05,Warehouse,P004,770,19,70,719,169,LOW
2026-06-02,W05,Warehouse,P004,719,88,45,762,169,LOW
2026-06-03,W05,Warehouse,P004,762,49,44,767,169,LOW
2026-06-04,W05,Warehouse,P004,767,35,15,787,169,LOW
2026-06-05,W05,Warehouse,P004,787,36,54,769,169,LOW
2026-06-06,W05,Warehouse,P004,769,63,51,781,169,LOW
2026-06-07,W05,Warehouse,P004,781,59,4,836,169,LOW
2026-06-08,W05,Warehouse,P004,836,65,73,828,169,LOW
2026-06-09,W05,Warehouse,P004,828,66,47,847,169,LOW
2026-06-10,W05,Warehouse,P004,847,23,66,804,169,LOW
2026-06-11,W05,Warehouse,P004,804,45,21,828,169,LOW
2026-06-12,W05,Warehouse,P004,828,50,10,868,169,LOW
2026-06-13,W05,Warehouse,P004,868,100,60,908,169,LOW
2026-06-14,W05,Warehouse,P004,908,36,71,873,169,LOW
2026-06-15,W05,Warehouse,P004,873,5,33,845,169,LOW
2026-06-16,W05,Warehouse,P004,845,68,1,912,169,LOW
2026-06-17,W05,Warehouse,P004,912,80,74,918,169,LOW
2026-06-18,W05,Warehouse,P004,918,67,18,967,169,LOW
2026-06-19,W05,Warehouse,P004,967,89,32,1024,169,LOW
2026-06-20,W05,Warehouse,P004,1024,94,64,1054,169,LOW
2026-06-21,W05,Warehouse,P004,1054,12,10,1056,169,LOW
2026-06-22,W05,Warehouse,P004,1056,2,7,1051,169,LOW
2026-06-23,W05,Warehouse,P004,1051,39,2,1088,169,LOW
2026-06-24,W05,Warehouse,P004,1088,127,98,1117,169,LOW
2026-06-25,W05,Warehouse,P004,1117,23,34,1106,169,LOW
2026-06-26,W05,Warehouse,P004,1106,102,72,1136,169,LOW
2026-06-27,W05,Warehouse,P004,1136,82,111,1107,169,LOW
2026-06-28,W05,Warehouse,P004,1107,86,73,1120,169,LOW
2026-06-29,W05,Warehouse,P004,1120,70,58,1132,169,LOW
2026-06-30,W05,Warehouse,P004,1132,41,58,1115,169,LOW
2026-06-01,W05,Warehouse,P005,307,34,11,330,67,LOW
2026-06-02,W05,Warehouse,P005,330,5,19,316,67,LOW
2026-06-03,W05,Warehouse,P005,316,30,29,317,67,LOW
2026-06-04,W05,Warehouse,P005,317,21,24,314,67,LOW
2026-06-05,W05,Warehouse,P005,314,9,13,310,67,LOW
2026-06-06,W05,Warehouse,P005,310,15,10,315,67,LOW
2026-06-07,W05,Warehouse,P005,315,27,27,315,67,LOW
2026-06-08,W05,Warehouse,P005,315,12,4,323,67,LOW
2026-06-09,W05,Warehouse,P005,323,33,27,329,67,LOW
2026-06-10,W05,Warehouse,P005,329,38,8,359,67,LOW
2026-06-11,W05,Warehouse,P005,359,31,25,365,67,LOW
2026-06-12,W05,Warehouse,P005,365,35,29,371,67,LOW
2026-06-13,W05,Warehouse,P005,371,43,17,397,67,LOW
2026-06-14,W05,Warehouse,P005,397,3,7,393,67,LOW
2026-06-15,W05,Warehouse,P005,393,43,32,404,67,LOW
2026-06-16,W05,Warehouse,P005,404,0,14,390,67,LOW
2026-06-17,W05,Warehouse,P005,390,11,12,389,67,LOW
2026-06-18,W05,Warehouse,P005,389,30,19,400,67,LOW
2026-06-19,W05,Warehouse,P005,400,24,17,407,67,LOW
2026-06-20,W05,Warehouse,P005,407,32,27,412,67,LOW
2026-06-21,W05,Warehouse,P005,412,2,5,409,67,LOW
2026-06-22,W05,Warehouse,P005,409,17,17,409,67,LOW
2026-06-23,W05,Warehouse,P005,409,50,35,424,67,LOW
2026-06-24,W05,Warehouse,P005,424,34,1,457,67,LOW
2026-06-25,W05,Warehouse,P005,457,5,20,442,67,LOW
2026-06-26,W05,Warehouse,P005,442,32,29,445,67,LOW
2026-06-27,W05,Warehouse,P005,445,7,39,413,67,LOW
2026-06-28,W05,Warehouse,P005,413,25,24,414,67,LOW
2026-06-29,W05,Warehouse,P005,414,2,33,383,67,LOW
2026-06-30,W05,Warehouse,P005,383,25,8,400,67,LOW
2026-06-01,W05,Warehouse,P006,335,13,11,337,73,LOW
2026-06-02,W05,Warehouse,P006,337,1,31,307,73,LOW
2026-06-03,W05,Warehouse,P006,307,30,26,311,73,LOW
2026-06-04,W05,Warehouse,P006,311,13,17,307,73,LOW
2026-06-05,W05,Warehouse,P006,307,17,14,310,73,LOW
2026-06-06,W05,Warehouse,P006,310,22,13,319,73,LOW
2026-06-07,W05,Warehouse,P006,319,30,1,348,73,LOW
2026-06-08,W05,Warehouse,P006,348,8,30,326,73,LOW
2026-06-09,W05,Warehouse,P006,326,35,26,335,73,LOW
2026-06-10,W05,Warehouse,P006,335,15,15,335,73,LOW
2026-06-11,W05,Warehouse,P006,335,1,9,327,73,LOW
2026-06-12,W05,Warehouse,P006,327,29,10,346,73,LOW
2026-06-13,W05,Warehouse,P006,346,20,4,362,73,LOW
2026-06-14,W05,Warehouse,P006,362,22,25,359,73,LOW
2026-06-15,W05,Warehouse,P006,359,25,19,365,73,LOW
2026-06-16,W05,Warehouse,P006,365,41,8,398,73,LOW
2026-06-17,W05,Warehouse,P006,398,14,24,388,73,LOW
2026-06-18,W05,Warehouse,P006,388,23,37,374,73,LOW
2026-06-19,W05,Warehouse,P006,374,2,4,372,73,LOW
2026-06-20,W05,Warehouse,P006,372,15,16,371,73,LOW
2026-06-21,W05,Warehouse,P006,371,40,18,393,73,LOW
2026-06-22,W05,Warehouse,P006,393,21,6,408,73,LOW
2026-06-23,W05,Warehouse,P006,408,22,21,409,73,LOW
2026-06-24,W05,Warehouse,P006,409,29,24,414,73,LOW
2026-06-25,W05,Warehouse,P006,414,21,6,429,73,LOW
2026-06-26,W05,Warehouse,P006,429,8,6,431,73,LOW
2026-06-27,W05,Warehouse,P006,431,32,36,427,73,LOW
2026-06-28,W05,Warehouse,P006,427,46,13,460,73,LOW
2026-06-29,W05,Warehouse,P006,460,4,28,436,73,LOW
2026-06-30,W05,Warehouse,P006,436,2,26,412,73,LOW
2026-06-01,W05,Warehouse,P007,307,14,25,296,67,LOW
2026-06-02,W05,Warehouse,P007,296,23,21,298,67,LOW
2026-06-03,W05,Warehouse,P007,298,15,24,289,67,LOW
2026-06-04,W05,Warehouse,P007,289,18,17,290,67,LOW
2026-06-05,W05,Warehouse,P007,290,12,13,289,67,LOW
2026-06-06,W05,Warehouse,P007,289,30,11,308,67,LOW
2026-06-07,W05,Warehouse,P007,308,0,11,297,67,LOW
2026-06-08,W05,Warehouse,P007,297,14,12,299,67,LOW
2026-06-09,W05,Warehouse,P007,299,2,3,298,67,LOW
2026-06-10,W05,Warehouse,P007,298,11,12,297,67,LOW
2026-06-11,W05,Warehouse,P007,297,1,11,287,67,LOW
2026-06-12,W05,Warehouse,P007,287,11,0,298,67,LOW
2026-06-13,W05,Warehouse,P007,298,9,7,300,67,LOW
2026-06-14,W05,Warehouse,P007,300,5,22,283,67,LOW
2026-06-15,W05,Warehouse,P007,283,2,16,269,67,LOW
2026-06-16,W05,Warehouse,P007,269,21,20,270,67,LOW
2026-06-17,W05,Warehouse,P007,270,18,14,274,67,LOW
2026-06-18,W05,Warehouse,P007,274,25,23,276,67,LOW
2026-06-19,W05,Warehouse,P007,276,7,21,262,67,LOW
2026-06-20,W05,Warehouse,P007,262,14,2,274,67,LOW
2026-06-21,W05,Warehouse,P007,274,20,26,268,67,LOW
2026-06-22,W05,Warehouse,P007,268,4,0,272,67,LOW
2026-06-23,W05,Warehouse,P007,272,31,16,287,67,LOW
2026-06-24,W05,Warehouse,P007,287,7,22,272,67,LOW
2026-06-25,W05,Warehouse,P007,272,13,8,277,67,LOW
2026-06-26,W05,Warehouse,P007,277,9,16,270,67,LOW
2026-06-27,W05,Warehouse,P007,270,4,9,265,67,LOW
2026-06-28,W05,Warehouse,P007,265,10,1,274,67,LOW
2026-06-29,W05,Warehouse,P007,274,25,0,299,67,LOW
2026-06-30,W05,Warehouse,P007,299,35,2,332,67,LOW
2026-06-01,W05,Warehouse,P008,380,16,3,393,83,LOW
2026-06-02,W05,Warehouse,P008,393,17,23,387,83,LOW
2026-06-03,W05,Warehouse,P008,387,4,19,372,83,LOW
2026-06-04,W05,Warehouse,P008,372,35,16,391,83,LOW
2026-06-05,W05,Warehouse,P008,391,5,26,370,83,LOW
2026-06-06,W05,Warehouse,P008,370,8,0,378,83,LOW
2026-06-07,W05,Warehouse,P008,378,20,10,388,83,LOW
2026-06-08,W05,Warehouse,P008,388,1,29,360,83,LOW
2026-06-09,W05,Warehouse,P008,360,26,32,354,83,LOW
2026-06-10,W05,Warehouse,P008,354,21,15,360,83,LOW
2026-06-11,W05,Warehouse,P008,360,37,2,395,83,LOW
2026-06-12,W05,Warehouse,P008,395,17,31,381,83,LOW
2026-06-13,W05,Warehouse,P008,381,13,33,361,83,LOW
2026-06-14,W05,Warehouse,P008,361,12,14,359,83,LOW
2026-06-15,W05,Warehouse,P008,359,39,8,390,83,LOW
2026-06-16,W05,Warehouse,P008,390,46,1,435,83,LOW
2026-06-17,W05,Warehouse,P008,435,14,25,424,83,LOW
2026-06-18,W05,Warehouse,P008,424,31,38,417,83,LOW
2026-06-19,W05,Warehouse,P008,417,49,27,439,83,LOW
2026-06-20,W05,Warehouse,P008,439,35,13,461,83,LOW
2026-06-21,W05,Warehouse,P008,461,45,29,477,83,LOW
2026-06-22,W05,Warehouse,P008,477,1,39,439,83,LOW
2026-06-23,W05,Warehouse,P008,439,19,20,438,83,LOW
2026-06-24,W05,Warehouse,P008,438,26,35,429,83,LOW
2026-06-25,W05,Warehouse,P008,429,14,16,427,83,LOW
2026-06-26,W05,Warehouse,P008,427,2,14,415,83,LOW
2026-06-27,W05,Warehouse,P008,415,4,23,396,83,LOW
2026-06-28,W05,Warehouse,P008,396,43,18,421,83,LOW
2026-06-29,W05,Warehouse,P008,421,47,41,427,83,LOW
2026-06-30,W05,Warehouse,P008,427,2,21,408,83,LOW
2026-06-01,W05,Warehouse,P009,616,40,23,633,135,LOW
2026-06-02,W05,Warehouse,P009,633,65,24,674,135,LOW
2026-06-03,W05,Warehouse,P009,674,4,36,642,135,LOW
2026-06-04,W05,Warehouse,P009,642,16,22,636,135,LOW
2026-06-05,W05,Warehouse,P009,636,39,45,630,135,LOW
2026-06-06,W05,Warehouse,P009,630,21,23,628,135,LOW
2026-06-07,W05,Warehouse,P009,628,5,23,610,135,LOW
2026-06-08,W05,Warehouse,P009,610,44,37,617,135,LOW
2026-06-09,W05,Warehouse,P009,617,22,3,636,135,LOW
2026-06-10,W05,Warehouse,P009,636,45,41,640,135,LOW
2026-06-11,W05,Warehouse,P009,640,6,32,614,135,LOW
2026-06-12,W05,Warehouse,P009,614,7,27,594,135,LOW
2026-06-13,W05,Warehouse,P009,594,47,42,599,135,LOW
2026-06-14,W05,Warehouse,P009,599,52,44,607,135,LOW
2026-06-15,W05,Warehouse,P009,607,18,50,575,135,LOW
2026-06-16,W05,Warehouse,P009,575,24,21,578,135,LOW
2026-06-17,W05,Warehouse,P009,578,56,18,616,135,LOW
2026-06-18,W05,Warehouse,P009,616,5,43,578,135,LOW
2026-06-19,W05,Warehouse,P009,578,47,33,592,135,LOW
2026-06-20,W05,Warehouse,P009,592,10,37,565,135,LOW
2026-06-21,W05,Warehouse,P009,565,13,31,547,135,LOW
2026-06-22,W05,Warehouse,P009,547,34,41,540,135,LOW
2026-06-23,W05,Warehouse,P009,540,65,10,595,135,LOW
2026-06-24,W05,Warehouse,P009,595,8,32,571,135,LOW
2026-06-25,W05,Warehouse,P009,571,67,9,629,135,LOW
2026-06-26,W05,Warehouse,P009,629,38,25,642,135,LOW
2026-06-27,W05,Warehouse,P009,642,25,42,625,135,LOW
2026-06-28,W05,Warehouse,P009,625,23,30,618,135,LOW
2026-06-29,W05,Warehouse,P009,618,65,23,660,135,LOW
2026-06-30,W05,Warehouse,P009,660,1,58,603,135,LOW
2026-06-01,W05,Warehouse,P010,359,12,27,344,78,LOW
2026-06-02,W05,Warehouse,P010,344,32,17,359,78,LOW
2026-06-03,W05,Warehouse,P010,359,3,33,329,78,LOW
2026-06-04,W05,Warehouse,P010,329,27,13,343,78,LOW
2026-06-05,W05,Warehouse,P010,343,35,26,352,78,LOW
2026-06-06,W05,Warehouse,P010,352,33,5,380,78,LOW
2026-06-07,W05,Warehouse,P010,380,29,10,399,78,LOW
2026-06-08,W05,Warehouse,P010,399,3,13,389,78,LOW
2026-06-09,W05,Warehouse,P010,389,4,4,389,78,LOW
2026-06-10,W05,Warehouse,P010,389,34,19,404,78,LOW
2026-06-11,W05,Warehouse,P010,404,19,7,416,78,LOW
2026-06-12,W05,Warehouse,P010,416,40,26,430,78,LOW
2026-06-13,W05,Warehouse,P010,430,31,8,453,78,LOW
2026-06-14,W05,Warehouse,P010,453,6,5,454,78,LOW
2026-06-15,W05,Warehouse,P010,454,1,43,412,78,LOW
2026-06-16,W05,Warehouse,P010,412,18,26,404,78,LOW
2026-06-17,W05,Warehouse,P010,404,49,37,416,78,LOW
2026-06-18,W05,Warehouse,P010,416,16,20,412,78,LOW
2026-06-19,W05,Warehouse,P010,412,23,1,434,78,LOW
2026-06-20,W05,Warehouse,P010,434,41,24,451,78,LOW
2026-06-21,W05,Warehouse,P010,451,20,25,446,78,LOW
2026-06-22,W05,Warehouse,P010,446,40,0,486,78,LOW
2026-06-23,W05,Warehouse,P010,486,38,41,483,78,LOW
2026-06-24,W05,Warehouse,P010,483,43,29,497,78,LOW
2026-06-25,W05,Warehouse,P010,497,5,36,466,78,LOW
2026-06-26,W05,Warehouse,P010,466,43,22,487,78,LOW
2026-06-27,W05,Warehouse,P010,487,34,29,492,78,LOW
2026-06-28,W05,Warehouse,P010,492,7,12,487,78,LOW
2026-06-29,W05,Warehouse,P010,487,47,46,488,78,LOW
2026-06-30,W05,Warehouse,P010,488,16,19,485,78,LOW
2026-06-01,W05,Warehouse,P011,171,19,2,188,37,LOW
2026-06-02,W05,Warehouse,P011,188,6,1,193,37,LOW
2026-06-03,W05,Warehouse,P011,193,5,12,186,37,LOW
2026-06-04,W05,Warehouse,P011,186,8,17,177,37,LOW
2026-06-05,W05,Warehouse,P011,177,19,15,181,37,LOW
2026-06-06,W05,Warehouse,P011,181,15,12,184,37,LOW
2026-06-07,W05,Warehouse,P011,184,11,17,178,37,LOW
2026-06-08,W05,Warehouse,P011,178,2,12,168,37,LOW
2026-06-09,W05,Warehouse,P011,168,2,5,165,37,LOW
2026-06-10,W05,Warehouse,P011,165,5,9,161,37,LOW
2026-06-11,W05,Warehouse,P011,161,15,1,175,37,LOW
2026-06-12,W05,Warehouse,P011,175,12,3,184,37,LOW
2026-06-13,W05,Warehouse,P011,184,1,7,178,37,LOW
2026-06-14,W05,Warehouse,P011,178,12,3,187,37,LOW
2026-06-15,W05,Warehouse,P011,187,8,17,178,37,LOW
2026-06-16,W05,Warehouse,P011,178,7,16,169,37,LOW
2026-06-17,W05,Warehouse,P011,169,17,5,181,37,LOW
2026-06-18,W05,Warehouse,P011,181,12,12,181,37,LOW
2026-06-19,W05,Warehouse,P011,181,10,7,184,37,LOW
2026-06-20,W05,Warehouse,P011,184,7,2,189,37,LOW
2026-06-21,W05,Warehouse,P011,189,0,6,183,37,LOW
2026-06-22,W05,Warehouse,P011,183,17,4,196,37,LOW
2026-06-23,W05,Warehouse,P011,196,4,6,194,37,LOW
2026-06-24,W05,Warehouse,P011,194,14,4,204,37,LOW
2026-06-25,W05,Warehouse,P011,204,5,2,207,37,LOW
2026-06-26,W05,Warehouse,P011,207,8,4,211,37,LOW
2026-06-27,W05,Warehouse,P011,211,21,19,213,37,LOW
2026-06-28,W05,Warehouse,P011,213,9,1,221,37,LOW
2026-06-29,W05,Warehouse,P011,221,2,7,216,37,LOW
2026-06-30,W05,Warehouse,P011,216,12,11,217,37,LOW
2026-06-01,W05,Warehouse,P012,219,8,7,220,48,LOW
2026-06-02,W05,Warehouse,P012,220,7,11,216,48,LOW
2026-06-03,W05,Warehouse,P012,216,18,0,234,48,LOW
2026-06-04,W05,Warehouse,P012,234,13,14,233,48,LOW
2026-06-05,W05,Warehouse,P012,233,19,12,240,48,LOW
2026-06-06,W05,Warehouse,P012,240,15,16,239,48,LOW
2026-06-07,W05,Warehouse,P012,239,10,13,236,48,LOW
2026-06-08,W05,Warehouse,P012,236,9,10,235,48,LOW
2026-06-09,W05,Warehouse,P012,235,3,8,230,48,LOW
2026-06-10,W05,Warehouse,P012,230,3,5,228,48,LOW
2026-06-11,W05,Warehouse,P012,228,11,11,228,48,LOW
2026-06-12,W05,Warehouse,P012,228,26,0,254,48,LOW
2026-06-13,W05,Warehouse,P012,254,27,8,273,48,LOW
2026-06-14,W05,Warehouse,P012,273,24,18,279,48,LOW
2026-06-15,W05,Warehouse,P012,279,33,2,310,48,LOW
2026-06-16,W05,Warehouse,P012,310,36,1,345,48,LOW
2026-06-17,W05,Warehouse,P012,345,37,22,360,48,LOW
2026-06-18,W05,Warehouse,P012,360,21,14,367,48,LOW
2026-06-19,W05,Warehouse,P012,367,4,28,343,48,LOW
2026-06-20,W05,Warehouse,P012,343,30,31,342,48,LOW
2026-06-21,W05,Warehouse,P012,342,30,32,340,48,LOW
2026-06-22,W05,Warehouse,P012,340,37,14,363,48,LOW
2026-06-23,W05,Warehouse,P012,363,31,9,385,48,LOW
2026-06-24,W05,Warehouse,P012,385,38,23,400,48,LOW
2026-06-25,W05,Warehouse,P012,400,22,25,397,48,LOW
2026-06-26,W05,Warehouse,P012,397,13,24,386,48,LOW
2026-06-27,W05,Warehouse,P012,386,22,12,396,48,LOW
2026-06-28,W05,Warehouse,P012,396,47,2,441,48,LOW
2026-06-29,W05,Warehouse,P012,441,41,9,473,48,LOW
2026-06-30,W05,Warehouse,P012,473,13,7,479,48,LOW
2026-06-01,W05,Warehouse,P013,229,2,2,229,50,LOW
2026-06-02,W05,Warehouse,P013,229,23,20,232,50,LOW
2026-06-03,W05,Warehouse,P013,232,16,0,248,50,LOW
2026-06-04,W05,Warehouse,P013,248,26,14,260,50,LOW
2026-06-05,W05,Warehouse,P013,260,16,24,252,50,LOW
2026-06-06,W05,Warehouse,P013,252,12,9,255,50,LOW
2026-06-07,W05,Warehouse,P013,255,24,13,266,50,LOW
2026-06-08,W05,Warehouse,P013,266,23,18,271,50,LOW
2026-06-09,W05,Warehouse,P013,271,27,8,290,50,LOW
2026-06-10,W05,Warehouse,P013,290,2,13,279,50,LOW
2026-06-11,W05,Warehouse,P013,279,22,22,279,50,LOW
2026-06-12,W05,Warehouse,P013,279,9,20,268,50,LOW
2026-06-13,W05,Warehouse,P013,268,27,21,274,50,LOW
2026-06-14,W05,Warehouse,P013,274,27,26,275,50,LOW
2026-06-15,W05,Warehouse,P013,275,22,9,288,50,LOW
2026-06-16,W05,Warehouse,P013,288,15,20,283,50,LOW
2026-06-17,W05,Warehouse,P013,283,8,16,275,50,LOW
2026-06-18,W05,Warehouse,P013,275,19,17,277,50,LOW
2026-06-19,W05,Warehouse,P013,277,14,19,272,50,LOW
2026-06-20,W05,Warehouse,P013,272,2,20,254,50,LOW
2026-06-21,W05,Warehouse,P013,254,25,22,257,50,LOW
2026-06-22,W05,Warehouse,P013,257,29,8,278,50,LOW
2026-06-23,W05,Warehouse,P013,278,1,17,262,50,LOW
2026-06-24,W05,Warehouse,P013,262,2,7,257,50,LOW
2026-06-25,W05,Warehouse,P013,257,22,14,265,50,LOW
2026-06-26,W05,Warehouse,P013,265,20,19,266,50,LOW
2026-06-27,W05,Warehouse,P013,266,5,20,251,50,LOW
2026-06-28,W05,Warehouse,P013,251,18,10,259,50,LOW
2026-06-29,W05,Warehouse,P013,259,14,12,261,50,LOW
2026-06-30,W05,Warehouse,P013,261,17,8,270,50,LOW
2026-06-01,W05,Warehouse,P014,152,4,2,154,33,LOW
2026-06-02,W05,Warehouse,P014,154,6,3,157,33,LOW
2026-06-03,W05,Warehouse,P014,157,9,13,153,33,LOW
2026-06-04,W05,Warehouse,P014,153,2,4,151,33,LOW
2026-06-05,W05,Warehouse,P014,151,0,14,137,33,LOW
2026-06-06,W05,Warehouse,P014,137,11,3,145,33,LOW
2026-06-07,W05,Warehouse,P014,145,7,10,142,33,LOW
2026-06-08,W05,Warehouse,P014,142,16,8,150,33,LOW
2026-06-09,W05,Warehouse,P014,150,4,10,144,33,LOW
2026-06-10,W05,Warehouse,P014,144,12,9,147,33,LOW
2026-06-11,W05,Warehouse,P014,147,0,9,138,33,LOW
2026-06-12,W05,Warehouse,P014,138,0,11,127,33,LOW
2026-06-13,W05,Warehouse,P014,127,13,6,134,33,LOW
2026-06-14,W05,Warehouse,P014,134,10,0,144,33,LOW
2026-06-15,W05,Warehouse,P014,144,15,3,156,33,LOW
2026-06-16,W05,Warehouse,P014,156,4,10,150,33,LOW
2026-06-17,W05,Warehouse,P014,150,16,7,159,33,LOW
2026-06-18,W05,Warehouse,P014,159,9,8,160,33,LOW
2026-06-19,W05,Warehouse,P014,160,5,9,156,33,LOW
2026-06-20,W05,Warehouse,P014,156,18,5,169,33,LOW
2026-06-21,W05,Warehouse,P014,169,16,12,173,33,LOW
2026-06-22,W05,Warehouse,P014,173,17,12,178,33,LOW
2026-06-23,W05,Warehouse,P014,178,20,12,186,33,LOW
2026-06-24,W05,Warehouse,P014,186,22,12,196,33,LOW
2026-06-25,W05,Warehouse,P014,196,20,16,200,33,LOW
2026-06-26,W05,Warehouse,P014,200,24,11,213,33,LOW
2026-06-27,W05,Warehouse,P014,213,18,20,211,33,LOW
2026-06-28,W05,Warehouse,P014,211,9,2,218,33,LOW
2026-06-29,W05,Warehouse,P014,218,23,13,228,33,LOW
2026-06-30,W05,Warehouse,P014,228,11,15,224,33,LOW
2026-06-01,W05,Warehouse,P015,182,0,8,174,40,LOW
2026-06-02,W05,Warehouse,P015,174,5,4,175,40,LOW
2026-06-03,W05,Warehouse,P015,175,20,9,186,40,LOW
2026-06-04,W05,Warehouse,P015,186,3,6,183,40,LOW
2026-06-05,W05,Warehouse,P015,183,5,16,172,40,LOW
2026-06-06,W05,Warehouse,P015,172,6,6,172,40,LOW
2026-06-07,W05,Warehouse,P015,172,7,2,177,40,LOW
2026-06-08,W05,Warehouse,P015,177,17,9,185,40,LOW
2026-06-09,W05,Warehouse,P015,185,10,7,188,40,LOW
2026-06-10,W05,Warehouse,P015,188,15,1,202,40,LOW
2026-06-11,W05,Warehouse,P015,202,23,11,214,40,LOW
2026-06-12,W05,Warehouse,P015,214,5,11,208,40,LOW
2026-06-13,W05,Warehouse,P015,208,22,3,227,40,LOW
2026-06-14,W05,Warehouse,P015,227,14,13,228,40,LOW
2026-06-15,W05,Warehouse,P015,228,22,12,238,40,LOW
2026-06-16,W05,Warehouse,P015,238,21,17,242,40,LOW
2026-06-17,W05,Warehouse,P015,242,26,8,260,40,LOW
2026-06-18,W05,Warehouse,P015,260,22,6,276,40,LOW
2026-06-19,W05,Warehouse,P015,276,28,25,279,40,LOW
2026-06-20,W05,Warehouse,P015,279,10,15,274,40,LOW
2026-06-21,W05,Warehouse,P015,274,27,0,301,40,LOW
2026-06-22,W05,Warehouse,P015,301,26,24,303,40,LOW
2026-06-23,W05,Warehouse,P015,303,32,5,330,40,LOW
2026-06-24,W05,Warehouse,P015,330,31,25,336,40,LOW
2026-06-25,W05,Warehouse,P015,336,0,23,313,40,LOW
2026-06-26,W05,Warehouse,P015,313,24,30,307,40,LOW
2026-06-27,W05,Warehouse,P015,307,1,28,280,40,LOW
2026-06-28,W05,Warehouse,P015,280,19,7,292,40,LOW
2026-06-29,W05,Warehouse,P015,292,13,22,283,40,LOW
2026-06-30,W05,Warehouse,P015,283,34,8,309,40,LOW
2026-06-01,F01,Factory,P001,280,34,17,297,61,LOW
2026-06-02,F01,Factory,P001,297,7,17,287,61,LOW
2026-06-03,F01,Factory,P001,287,28,1,314,61,LOW
2026-06-04,F01,Factory,P001,314,3,0,317,61,LOW
2026-06-05,F01,Factory,P001,317,22,1,338,61,LOW
2026-06-06,F01,Factory,P001,338,39,4,373,61,LOW
2026-06-07,F01,Factory,P001,373,3,9,367,61,LOW
2026-06-08,F01,Factory,P001,367,34,32,369,61,LOW
2026-06-09,F01,Factory,P001,369,11,18,362,61,LOW
2026-06-10,F01,Factory,P001,362,34,28,368,61,LOW
2026-06-11,F01,Factory,P001,368,7,30,345,61,LOW
2026-06-12,F01,Factory,P001,345,37,24,358,61,LOW
2026-06-13,F01,Factory,P001,358,23,13,368,61,LOW
2026-06-14,F01,Factory,P001,368,40,31,377,61,LOW
2026-06-15,F01,Factory,P001,377,24,27,374,61,LOW
2026-06-16,F01,Factory,P001,374,18,27,365,61,LOW
2026-06-17,F01,Factory,P001,365,4,32,337,61,LOW
2026-06-18,F01,Factory,P001,337,21,19,339,61,LOW
2026-06-19,F01,Factory,P001,339,7,17,329,61,LOW
2026-06-20,F01,Factory,P001,329,0,28,301,61,LOW
2026-06-21,F01,Factory,P001,301,27,13,315,61,LOW
2026-06-22,F01,Factory,P001,315,32,25,322,61,LOW
2026-06-23,F01,Factory,P001,322,4,1,325,61,LOW
2026-06-24,F01,Factory,P001,325,10,0,335,61,LOW
2026-06-25,F01,Factory,P001,335,23,17,341,61,LOW
2026-06-26,F01,Factory,P001,341,22,2,361,61,LOW
2026-06-27,F01,Factory,P001,361,41,35,367,61,LOW
2026-06-28,F01,Factory,P001,367,26,0,393,61,LOW
2026-06-29,F01,Factory,P001,393,19,28,384,61,LOW
2026-06-30,F01,Factory,P001,384,35,9,410,61,LOW
2026-06-01,F01,Factory,P002,248,25,23,250,54,LOW
2026-06-02,F01,Factory,P002,250,15,9,256,54,LOW
2026-06-03,F01,Factory,P002,256,16,0,272,54,LOW
2026-06-04,F01,Factory,P002,272,17,0,289,54,LOW
2026-06-05,F01,Factory,P002,289,1,15,275,54,LOW
2026-06-06,F01,Factory,P002,275,17,26,266,54,LOW
2026-06-07,F01,Factory,P002,266,16,25,257,54,LOW
2026-06-08,F01,Factory,P002,257,25,8,274,54,LOW
2026-06-09,F01,Factory,P002,274,31,13,292,54,LOW
2026-06-10,F01,Factory,P002,292,21,2,311,54,LOW
2026-06-11,F01,Factory,P002,311,8,16,303,54,LOW
2026-06-12,F01,Factory,P002,303,10,17,296,54,LOW
2026-06-13,F01,Factory,P002,296,2,7,291,54,LOW
2026-06-14,F01,Factory,P002,291,23,17,297,54,LOW
2026-06-15,F01,Factory,P002,297,36,26,307,54,LOW
2026-06-16,F01,Factory,P002,307,30,0,337,54,LOW
2026-06-17,F01,Factory,P002,337,25,7,355,54,LOW
2026-06-18,F01,Factory,P002,355,11,7,359,54,LOW
2026-06-19,F01,Factory,P002,359,20,4,375,54,LOW
2026-06-20,F01,Factory,P002,375,24,6,393,54,LOW
2026-06-21,F01,Factory,P002,393,24,24,393,54,LOW
2026-06-22,F01,Factory,P002,393,8,4,397,54,LOW
2026-06-23,F01,Factory,P002,397,39,28,408,54,LOW
2026-06-24,F01,Factory,P002,408,13,35,386,54,LOW
2026-06-25,F01,Factory,P002,386,10,35,361,54,LOW
2026-06-26,F01,Factory,P002,361,5,23,343,54,LOW
2026-06-27,F01,Factory,P002,343,0,6,337,54,LOW
2026-06-28,F01,Factory,P002,337,16,2,351,54,LOW
2026-06-29,F01,Factory,P002,351,19,8,362,54,LOW
2026-06-30,F01,Factory,P002,362,4,34,332,54,LOW
2026-06-01,F01,Factory,P003,131,15,12,134,28,LOW
2026-06-02,F01,Factory,P003,134,2,4,132,28,LOW
2026-06-03,F01,Factory,P003,132,5,4,133,28,LOW
2026-06-04,F01,Factory,P003,133,6,6,133,28,LOW
2026-06-05,F01,Factory,P003,133,7,3,137,28,LOW
2026-06-06,F01,Factory,P003,137,16,12,141,28,LOW
2026-06-07,F01,Factory,P003,141,5,3,143,28,LOW
2026-06-08,F01,Factory,P003,143,9,5,147,28,LOW
2026-06-09,F01,Factory,P003,147,17,6,158,28,LOW
2026-06-10,F01,Factory,P003,158,0,1,157,28,LOW
2026-06-11,F01,Factory,P003,157,1,5,153,28,LOW
2026-06-12,F01,Factory,P003,153,6,12,147,28,LOW
2026-06-13,F01,Factory,P003,147,16,1,162,28,LOW
2026-06-14,F01,Factory,P003,162,18,9,171,28,LOW
2026-06-15,F01,Factory,P003,171,6,6,171,28,LOW
2026-06-16,F01,Factory,P003,171,9,2,178,28,LOW
2026-06-17,F01,Factory,P003,178,19,0,197,28,LOW
2026-06-18,F01,Factory,P003,197,1,5,193,28,LOW
2026-06-19,F01,Factory,P003,193,3,1,195,28,LOW
2026-06-20,F01,Factory,P003,195,9,7,197,28,LOW
2026-06-21,F01,Factory,P003,197,3,15,185,28,LOW
2026-06-22,F01,Factory,P003,185,20,12,193,28,LOW
2026-06-23,F01,Factory,P003,193,12,18,187,28,LOW
2026-06-24,F01,Factory,P003,187,8,7,188,28,LOW
2026-06-25,F01,Factory,P003,188,0,12,176,28,LOW
2026-06-26,F01,Factory,P003,176,2,11,167,28,LOW
2026-06-27,F01,Factory,P003,167,15,3,179,28,LOW
2026-06-28,F01,Factory,P003,179,13,5,187,28,LOW
2026-06-29,F01,Factory,P003,187,9,9,187,28,LOW
2026-06-30,F01,Factory,P003,187,5,14,178,28,LOW
2026-06-01,F01,Factory,P004,91,4,4,91,20,LOW
2026-06-02,F01,Factory,P004,91,8,2,97,20,LOW
2026-06-03,F01,Factory,P004,97,5,8,94,20,LOW
2026-06-04,F01,Factory,P004,94,4,1,97,20,LOW
2026-06-05,F01,Factory,P004,97,3,8,92,20,LOW
2026-06-06,F01,Factory,P004,92,8,7,93,20,LOW
2026-06-07,F01,Factory,P004,93,2,7,88,20,LOW
2026-06-08,F01,Factory,P004,88,4,6,86,20,LOW
2026-06-09,F01,Factory,P004,86,8,1,93,20,LOW
2026-06-10,F01,Factory,P004,93,10,5,98,20,LOW
2026-06-11,F01,Factory,P004,98,8,6,100,20,LOW
2026-06-12,F01,Factory,P004,100,2,7,95,20,LOW
2026-06-13,F01,Factory,P004,95,2,2,95,20,LOW
2026-06-14,F01,Factory,P004,95,1,1,95,20,LOW
2026-06-15,F01,Factory,P004,95,10,2,103,20,LOW
2026-06-16,F01,Factory,P004,103,4,4,103,20,LOW
2026-06-17,F01,Factory,P004,103,8,5,106,20,LOW
2026-06-18,F01,Factory,P004,106,6,8,104,20,LOW
2026-06-19,F01,Factory,P004,104,6,7,103,20,LOW
2026-06-20,F01,Factory,P004,103,10,6,107,20,LOW
2026-06-21,F01,Factory,P004,107,0,2,105,20,LOW
2026-06-22,F01,Factory,P004,105,8,4,109,20,LOW
2026-06-23,F01,Factory,P004,109,3,3,109,20,LOW
2026-06-24,F01,Factory,P004,109,1,2,108,20,LOW
2026-06-25,F01,Factory,P004,108,10,0,118,20,LOW
2026-06-26,F01,Factory,P004,118,11,3,126,20,LOW
2026-06-27,F01,Factory,P004,126,12,3,135,20,LOW
2026-06-28,F01,Factory,P004,135,13,7,141,20,LOW
2026-06-29,F01,Factory,P004,141,14,0,155,20,LOW
2026-06-30,F01,Factory,P004,155,15,4,166,20,LOW
2026-06-01,F01,Factory,P005,87,3,0,90,19,LOW
2026-06-02,F01,Factory,P005,90,10,5,95,19,LOW
2026-06-03,F01,Factory,P005,95,10,5,100,19,LOW
2026-06-04,F01,Factory,P005,100,1,3,98,19,LOW
2026-06-05,F01,Factory,P005,98,5,1,102,19,LOW
2026-06-06,F01,Factory,P005,102,11,9,104,19,LOW
2026-06-07,F01,Factory,P005,104,7,5,106,19,LOW
2026-06-08,F01,Factory,P005,106,9,6,109,19,LOW
2026-06-09,F01,Factory,P005,109,0,5,104,19,LOW
2026-06-10,F01,Factory,P005,104,10,8,106,19,LOW
2026-06-11,F01,Factory,P005,106,7,8,105,19,LOW
2026-06-12,F01,Factory,P005,105,7,3,109,19,LOW
2026-06-13,F01,Factory,P005,109,5,6,108,19,LOW
2026-06-14,F01,Factory,P005,108,11,2,117,19,LOW
2026-06-15,F01,Factory,P005,117,4,7,114,19,LOW
2026-06-16,F01,Factory,P005,114,10,4,120,19,LOW
2026-06-17,F01,Factory,P005,120,9,0,129,19,LOW
2026-06-18,F01,Factory,P005,129,4,11,122,19,LOW
2026-06-19,F01,Factory,P005,122,8,10,120,19,LOW
2026-06-20,F01,Factory,P005,120,3,3,120,19,LOW
2026-06-21,F01,Factory,P005,120,14,11,123,19,LOW
2026-06-22,F01,Factory,P005,123,13,3,133,19,LOW
2026-06-23,F01,Factory,P005,133,12,5,140,19,LOW
2026-06-24,F01,Factory,P005,140,14,11,143,19,LOW
2026-06-25,F01,Factory,P005,143,7,4,146,19,LOW
2026-06-26,F01,Factory,P005,146,17,6,157,19,LOW
2026-06-27,F01,Factory,P005,157,8,9,156,19,LOW
2026-06-28,F01,Factory,P005,156,17,1,172,19,LOW
2026-06-29,F01,Factory,P005,172,20,7,185,19,LOW
2026-06-30,F01,Factory,P005,185,0,5,180,19,LOW
2026-06-01,F01,Factory,P006,271,15,18,268,59,LOW
2026-06-02,F01,Factory,P006,268,18,3,283,59,LOW
2026-06-03,F01,Factory,P006,283,17,6,294,59,LOW
2026-06-04,F01,Factory,P006,294,9,20,283,59,LOW
2026-06-05,F01,Factory,P006,283,28,4,307,59,LOW
2026-06-06,F01,Factory,P006,307,22,12,317,59,LOW
2026-06-07,F01,Factory,P006,317,13,22,308,59,LOW
2026-06-08,F01,Factory,P006,308,9,22,295,59,LOW
2026-06-09,F01,Factory,P006,295,14,2,307,59,LOW
2026-06-10,F01,Factory,P006,307,30,25,312,59,LOW
2026-06-11,F01,Factory,P006,312,21,22,311,59,LOW
2026-06-12,F01,Factory,P006,311,5,10,306,59,LOW
2026-06-13,F01,Factory,P006,306,13,22,297,59,LOW
2026-06-14,F01,Factory,P006,297,13,21,289,59,LOW
2026-06-15,F01,Factory,P006,289,11,16,284,59,LOW
2026-06-16,F01,Factory,P006,284,7,15,276,59,LOW
2026-06-17,F01,Factory,P006,276,2,19,259,59,LOW
2026-06-18,F01,Factory,P006,259,0,24,235,59,LOW
2026-06-19,F01,Factory,P006,235,24,13,246,59,LOW
2026-06-20,F01,Factory,P006,246,27,19,254,59,LOW
2026-06-21,F01,Factory,P006,254,4,18,240,59,LOW
2026-06-22,F01,Factory,P006,240,11,20,231,59,LOW
2026-06-23,F01,Factory,P006,231,24,21,234,59,LOW
2026-06-24,F01,Factory,P006,234,13,4,243,59,LOW
2026-06-25,F01,Factory,P006,243,3,3,243,59,LOW
2026-06-26,F01,Factory,P006,243,29,14,258,59,LOW
2026-06-27,F01,Factory,P006,258,11,11,258,59,LOW
2026-06-28,F01,Factory,P006,258,5,14,249,59,LOW
2026-06-29,F01,Factory,P006,249,13,19,243,59,LOW
2026-06-30,F01,Factory,P006,243,0,22,221,59,LOW
2026-06-01,F01,Factory,P007,193,1,7,187,42,LOW
2026-06-02,F01,Factory,P007,187,7,12,182,42,LOW
2026-06-03,F01,Factory,P007,182,14,3,193,42,LOW
2026-06-04,F01,Factory,P007,193,11,10,194,42,LOW
2026-06-05,F01,Factory,P007,194,11,0,205,42,LOW
2026-06-06,F01,Factory,P007,205,4,10,199,42,LOW
2026-06-07,F01,Factory,P007,199,6,10,195,42,LOW
2026-06-08,F01,Factory,P007,195,3,13,185,42,LOW
2026-06-09,F01,Factory,P007,185,4,11,178,42,LOW
2026-06-10,F01,Factory,P007,178,18,6,190,42,LOW
2026-06-11,F01,Factory,P007,190,3,0,193,42,LOW
2026-06-12,F01,Factory,P007,193,8,2,199,42,LOW
2026-06-13,F01,Factory,P007,199,21,18,202,42,LOW
2026-06-14,F01,Factory,P007,202,24,18,208,42,LOW
2026-06-15,F01,Factory,P007,208,15,6,217,42,LOW
2026-06-16,F01,Factory,P007,217,12,5,224,42,LOW
2026-06-17,F01,Factory,P007,224,23,9,238,42,LOW
2026-06-18,F01,Factory,P007,238,11,15,234,42,LOW
2026-06-19,F01,Factory,P007,234,10,8,236,42,LOW
2026-06-20,F01,Factory,P007,236,6,1,241,42,LOW
2026-06-21,F01,Factory,P007,241,1,9,233,42,LOW
2026-06-22,F01,Factory,P007,233,28,5,256,42,LOW
2026-06-23,F01,Factory,P007,256,20,8,268,42,LOW
2026-06-24,F01,Factory,P007,268,9,4,273,42,LOW
2026-06-25,F01,Factory,P007,273,19,17,275,42,LOW
2026-06-26,F01,Factory,P007,275,11,14,272,42,LOW
2026-06-27,F01,Factory,P007,272,16,7,281,42,LOW
2026-06-28,F01,Factory,P007,281,24,15,290,42,LOW
2026-06-29,F01,Factory,P007,290,2,14,278,42,LOW
2026-06-30,F01,Factory,P007,278,13,21,270,42,LOW
2026-06-01,F01,Factory,P008,131,4,12,123,28,LOW
2026-06-02,F01,Factory,P008,123,9,1,131,28,LOW
2026-06-03,F01,Factory,P008,131,6,11,126,28,LOW
2026-06-04,F01,Factory,P008,126,3,8,121,28,LOW
2026-06-05,F01,Factory,P008,121,11,8,124,28,LOW
2026-06-06,F01,Factory,P008,124,1,4,121,28,LOW
2026-06-07,F01,Factory,P008,121,5,4,122,28,LOW
2026-06-08,F01,Factory,P008,122,13,0,135,28,LOW
2026-06-09,F01,Factory,P008,135,8,12,131,28,LOW
2026-06-10,F01,Factory,P008,131,14,7,138,28,LOW
2026-06-11,F01,Factory,P008,138,16,5,149,28,LOW
2026-06-12,F01,Factory,P008,149,11,7,153,28,LOW
2026-06-13,F01,Factory,P008,153,0,0,153,28,LOW
2026-06-14,F01,Factory,P008,153,17,2,168,28,LOW
2026-06-15,F01,Factory,P008,168,7,9,166,28,LOW
2026-06-16,F01,Factory,P008,166,11,8,169,28,LOW
2026-06-17,F01,Factory,P008,169,20,12,177,28,LOW
2026-06-18,F01,Factory,P008,177,20,11,186,28,LOW
2026-06-19,F01,Factory,P008,186,22,10,198,28,LOW
2026-06-20,F01,Factory,P008,198,13,15,196,28,LOW
2026-06-21,F01,Factory,P008,196,20,1,215,28,LOW
2026-06-22,F01,Factory,P008,215,23,14,224,28,LOW
2026-06-23,F01,Factory,P008,224,25,15,234,28,LOW
2026-06-24,F01,Factory,P008,234,26,6,254,28,LOW
2026-06-25,F01,Factory,P008,254,5,4,255,28,LOW
2026-06-26,F01,Factory,P008,255,7,5,257,28,LOW
2026-06-27,F01,Factory,P008,257,14,4,267,28,LOW
2026-06-28,F01,Factory,P008,267,5,13,259,28,LOW
2026-06-29,F01,Factory,P008,259,25,3,281,28,LOW
2026-06-30,F01,Factory,P008,281,17,18,280,28,LOW
2026-06-01,F01,Factory,P009,142,11,1,152,31,LOW
2026-06-02,F01,Factory,P009,152,13,0,165,31,LOW
2026-06-03,F01,Factory,P009,165,4,5,164,31,LOW
2026-06-04,F01,Factory,P009,164,17,3,178,31,LOW
2026-06-05,F01,Factory,P009,178,17,16,179,31,LOW
2026-06-06,F01,Factory,P009,179,21,5,195,31,LOW
2026-06-07,F01,Factory,P009,195,2,4,193,31,LOW
2026-06-08,F01,Factory,P009,193,18,3,208,31,LOW
2026-06-09,F01,Factory,P009,208,16,7,217,31,LOW
2026-06-10,F01,Factory,P009,217,20,12,225,31,LOW
2026-06-11,F01,Factory,P009,225,16,17,224,31,LOW
2026-06-12,F01,Factory,P009,224,26,8,242,31,LOW
2026-06-13,F01,Factory,P009,242,15,15,242,31,LOW
2026-06-14,F01,Factory,P009,242,24,11,255,31,LOW
2026-06-15,F01,Factory,P009,255,11,21,245,31,LOW
2026-06-16,F01,Factory,P009,245,28,13,260,31,LOW
2026-06-17,F01,Factory,P009,260,3,7,256,31,LOW
2026-06-18,F01,Factory,P009,256,14,17,253,31,LOW
2026-06-19,F01,Factory,P009,253,20,20,253,31,LOW
2026-06-20,F01,Factory,P009,253,0,11,242,31,LOW
2026-06-21,F01,Factory,P009,242,21,23,240,31,LOW
2026-06-22,F01,Factory,P009,240,4,21,223,31,LOW
2026-06-23,F01,Factory,P009,223,0,4,219,31,LOW
2026-06-24,F01,Factory,P009,219,22,16,225,31,LOW
2026-06-25,F01,Factory,P009,225,27,13,239,31,LOW
2026-06-26,F01,Factory,P009,239,17,12,244,31,LOW
2026-06-27,F01,Factory,P009,244,15,12,247,31,LOW
2026-06-28,F01,Factory,P009,247,8,20,235,31,LOW
2026-06-29,F01,Factory,P009,235,10,14,231,31,LOW
2026-06-30,F01,Factory,P009,231,18,12,237,31,LOW
2026-06-01,F01,Factory,P010,127,9,0,136,27,LOW
2026-06-02,F01,Factory,P010,136,5,5,136,27,LOW
2026-06-03,F01,Factory,P010,136,6,11,131,27,LOW
2026-06-04,F01,Factory,P010,131,14,9,136,27,LOW
2026-06-05,F01,Factory,P010,136,5,0,141,27,LOW
2026-06-06,F01,Factory,P010,141,12,12,141,27,LOW
2026-06-07,F01,Factory,P010,141,8,11,138,27,LOW
2026-06-08,F01,Factory,P010,138,15,7,146,27,LOW
2026-06-09,F01,Factory,P010,146,3,0,149,27,LOW
2026-06-10,F01,Factory,P010,149,13,7,155,27,LOW
2026-06-11,F01,Factory,P010,155,2,0,157,27,LOW
2026-06-12,F01,Factory,P010,157,18,4,171,27,LOW
2026-06-13,F01,Factory,P010,171,6,10,167,27,LOW
2026-06-14,F01,Factory,P010,167,7,14,160,27,LOW
2026-06-15,F01,Factory,P010,160,13,5,168,27,LOW
2026-06-16,F01,Factory,P010,168,5,13,160,27,LOW
2026-06-17,F01,Factory,P010,160,11,14,157,27,LOW
2026-06-18,F01,Factory,P010,157,6,0,163,27,LOW
2026-06-19,F01,Factory,P010,163,17,3,177,27,LOW
2026-06-20,F01,Factory,P010,177,18,12,183,27,LOW
2026-06-21,F01,Factory,P010,183,5,13,175,27,LOW
2026-06-22,F01,Factory,P010,175,1,6,170,27,LOW
2026-06-23,F01,Factory,P010,170,7,11,166,27,LOW
2026-06-24,F01,Factory,P010,166,10,9,167,27,LOW
2026-06-25,F01,Factory,P010,167,9,11,165,27,LOW
2026-06-26,F01,Factory,P010,165,3,11,157,27,LOW
2026-06-27,F01,Factory,P010,157,0,1,156,27,LOW
2026-06-28,F01,Factory,P010,156,13,2,167,27,LOW
2026-06-29,F01,Factory,P010,167,15,2,180,27,LOW
2026-06-30,F01,Factory,P010,180,3,16,167,27,LOW
2026-06-01,F01,Factory,P011,380,8,34,354,83,LOW
2026-06-02,F01,Factory,P011,354,15,27,342,83,LOW
2026-06-03,F01,Factory,P011,342,39,3,378,83,LOW
2026-06-04,F01,Factory,P011,378,15,21,372,83,LOW
2026-06-05,F01,Factory,P011,372,39,6,405,83,LOW
2026-06-06,F01,Factory,P011,405,9,14,400,83,LOW
2026-06-07,F01,Factory,P011,400,10,10,400,83,LOW
2026-06-08,F01,Factory,P011,400,6,33,373,83,LOW
2026-06-09,F01,Factory,P011,373,36,5,404,83,LOW
2026-06-10,F01,Factory,P011,404,26,25,405,83,LOW
2026-06-11,F01,Factory,P011,405,31,39,397,83,LOW
2026-06-12,F01,Factory,P011,397,31,26,402,83,LOW
2026-06-13,F01,Factory,P011,402,1,3,400,83,LOW
2026-06-14,F01,Factory,P011,400,30,36,394,83,LOW
2026-06-15,F01,Factory,P011,394,19,25,388,83,LOW
2026-06-16,F01,Factory,P011,388,10,17,381,83,LOW
2026-06-17,F01,Factory,P011,381,35,25,391,83,LOW
2026-06-18,F01,Factory,P011,391,5,34,362,83,LOW
2026-06-19,F01,Factory,P011,362,41,17,386,83,LOW
2026-06-20,F01,Factory,P011,386,16,20,382,83,LOW
2026-06-21,F01,Factory,P011,382,37,17,402,83,LOW
2026-06-22,F01,Factory,P011,402,1,2,401,83,LOW
2026-06-23,F01,Factory,P011,401,40,31,410,83,LOW
2026-06-24,F01,Factory,P011,410,39,5,444,83,LOW
2026-06-25,F01,Factory,P011,444,9,17,436,83,LOW
2026-06-26,F01,Factory,P011,436,12,16,432,83,LOW
2026-06-27,F01,Factory,P011,432,30,12,450,83,LOW
2026-06-28,F01,Factory,P011,450,6,18,438,83,LOW
2026-06-29,F01,Factory,P011,438,39,26,451,83,LOW
2026-06-30,F01,Factory,P011,451,18,14,455,83,LOW
2026-06-01,F01,Factory,P012,314,22,5,331,69,LOW
2026-06-02,F01,Factory,P012,331,34,28,337,69,LOW
2026-06-03,F01,Factory,P012,337,1,32,306,69,LOW
2026-06-04,F01,Factory,P012,306,0,13,293,69,LOW
2026-06-05,F01,Factory,P012,293,24,9,308,69,LOW
2026-06-06,F01,Factory,P012,308,7,1,314,69,LOW
2026-06-07,F01,Factory,P012,314,28,1,341,69,LOW
2026-06-08,F01,Factory,P012,341,20,13,348,69,LOW
2026-06-09,F01,Factory,P012,348,41,31,358,69,LOW
2026-06-10,F01,Factory,P012,358,35,25,368,69,LOW
2026-06-11,F01,Factory,P012,368,24,12,380,69,LOW
2026-06-12,F01,Factory,P012,380,7,36,351,69,LOW
2026-06-13,F01,Factory,P012,351,16,15,352,69,LOW
2026-06-14,F01,Factory,P012,352,6,9,349,69,LOW
2026-06-15,F01,Factory,P012,349,27,14,362,69,LOW
2026-06-16,F01,Factory,P012,362,26,7,381,69,LOW
2026-06-17,F01,Factory,P012,381,3,33,351,69,LOW
2026-06-18,F01,Factory,P012,351,18,12,357,69,LOW
2026-06-19,F01,Factory,P012,357,12,23,346,69,LOW
2026-06-20,F01,Factory,P012,346,24,13,357,69,LOW
2026-06-21,F01,Factory,P012,357,40,31,366,69,LOW
2026-06-22,F01,Factory,P012,366,8,23,351,69,LOW
2026-06-23,F01,Factory,P012,351,41,17,375,69,LOW
2026-06-24,F01,Factory,P012,375,1,4,372,69,LOW
2026-06-25,F01,Factory,P012,372,30,33,369,69,LOW
2026-06-26,F01,Factory,P012,369,5,19,355,69,LOW
2026-06-27,F01,Factory,P012,355,21,9,367,69,LOW
2026-06-28,F01,Factory,P012,367,28,31,364,69,LOW
2026-06-29,F01,Factory,P012,364,10,1,373,69,LOW
2026-06-30,F01,Factory,P012,373,16,11,378,69,LOW
2026-06-01,F01,Factory,P013,407,36,21,422,89,LOW
2026-06-02,F01,Factory,P013,422,0,14,408,89,LOW
2026-06-03,F01,Factory,P013,408,37,19,426,89,LOW
2026-06-04,F01,Factory,P013,426,29,11,444,89,LOW
2026-06-05,F01,Factory,P013,444,17,5,456,89,LOW
2026-06-06,F01,Factory,P013,456,4,1,459,89,LOW
2026-06-07,F01,Factory,P013,459,35,7,487,89,LOW
2026-06-08,F01,Factory,P013,487,34,45,476,89,LOW
2026-06-09,F01,Factory,P013,476,41,27,490,89,LOW
2026-06-10,F01,Factory,P013,490,7,23,474,89,LOW
2026-06-11,F01,Factory,P013,474,52,18,508,89,LOW
2026-06-12,F01,Factory,P013,508,52,35,525,89,LOW
2026-06-13,F01,Factory,P013,525,17,7,535,89,LOW
2026-06-14,F01,Factory,P013,535,1,14,522,89,LOW
2026-06-15,F01,Factory,P013,522,21,34,509,89,LOW
2026-06-16,F01,Factory,P013,509,36,23,522,89,LOW
2026-06-17,F01,Factory,P013,522,46,40,528,89,LOW
2026-06-18,F01,Factory,P013,528,47,46,529,89,LOW
2026-06-19,F01,Factory,P013,529,23,42,510,89,LOW
2026-06-20,F01,Factory,P013,510,26,9,527,89,LOW
2026-06-21,F01,Factory,P013,527,9,4,532,89,LOW
2026-06-22,F01,Factory,P013,532,63,8,587,89,LOW
2026-06-23,F01,Factory,P013,587,60,45,602,89,LOW
2026-06-24,F01,Factory,P013,602,32,54,580,89,LOW
2026-06-25,F01,Factory,P013,580,65,53,592,89,LOW
2026-06-26,F01,Factory,P013,592,36,17,611,89,LOW
2026-06-27,F01,Factory,P013,611,3,51,563,89,LOW
2026-06-28,F01,Factory,P013,563,61,30,594,89,LOW
2026-06-29,F01,Factory,P013,594,5,48,551,89,LOW
2026-06-30,F01,Factory,P013,551,20,30,541,89,LOW
2026-06-01,F01,Factory,P014,205,16,2,219,45,LOW
2026-06-02,F01,Factory,P014,219,1,1,219,45,LOW
2026-06-03,F01,Factory,P014,219,25,20,224,45,LOW
2026-06-04,F01,Factory,P014,224,11,9,226,45,LOW
2026-06-05,F01,Factory,P014,226,11,7,230,45,LOW
2026-06-06,F01,Factory,P014,230,15,8,237,45,LOW
2026-06-07,F01,Factory,P014,237,17,8,246,45,LOW
2026-06-08,F01,Factory,P014,246,18,22,242,45,LOW
2026-06-09,F01,Factory,P014,242,6,1,247,45,LOW
2026-06-10,F01,Factory,P014,247,15,2,260,45,LOW
2026-06-11,F01,Factory,P014,260,7,20,247,45,LOW
2026-06-12,F01,Factory,P014,247,12,13,246,45,LOW
2026-06-13,F01,Factory,P014,246,23,3,266,45,LOW
2026-06-14,F01,Factory,P014,266,15,0,281,45,LOW
2026-06-15,F01,Factory,P014,281,17,6,292,45,LOW
2026-06-16,F01,Factory,P014,292,32,7,317,45,LOW
2026-06-17,F01,Factory,P014,317,7,0,324,45,LOW
2026-06-18,F01,Factory,P014,324,5,6,323,45,LOW
2026-06-19,F01,Factory,P014,323,9,23,309,45,LOW
2026-06-20,F01,Factory,P014,309,33,25,317,45,LOW
2026-06-21,F01,Factory,P014,317,37,27,327,45,LOW
2026-06-22,F01,Factory,P014,327,18,12,333,45,LOW
2026-06-23,F01,Factory,P014,333,26,10,349,45,LOW
2026-06-24,F01,Factory,P014,349,25,33,341,45,LOW
2026-06-25,F01,Factory,P014,341,8,26,323,45,LOW
2026-06-26,F01,Factory,P014,323,37,17,343,45,LOW
2026-06-27,F01,Factory,P014,343,14,8,349,45,LOW
2026-06-28,F01,Factory,P014,349,7,10,346,45,LOW
2026-06-29,F01,Factory,P014,346,32,17,361,45,LOW
2026-06-30,F01,Factory,P014,361,9,19,351,45,LOW
2026-06-01,F01,Factory,P015,265,26,0,291,58,LOW
2026-06-02,F01,Factory,P015,291,0,27,264,58,LOW
2026-06-03,F01,Factory,P015,264,24,14,274,58,LOW
2026-06-04,F01,Factory,P015,274,30,15,289,58,LOW
2026-06-05,F01,Factory,P015,289,18,5,302,58,LOW
2026-06-06,F01,Factory,P015,302,29,22,309,58,LOW
2026-06-07,F01,Factory,P015,309,11,22,298,58,LOW
2026-06-08,F01,Factory,P015,298,26,2,322,58,LOW
2026-06-09,F01,Factory,P015,322,6,19,309,58,LOW
2026-06-10,F01,Factory,P015,309,23,19,313,58,LOW
2026-06-11,F01,Factory,P015,313,14,25,302,58,LOW
2026-06-12,F01,Factory,P015,302,16,6,312,58,LOW
2026-06-13,F01,Factory,P015,312,4,27,289,58,LOW
2026-06-14,F01,Factory,P015,289,25,12,302,58,LOW
2026-06-15,F01,Factory,P015,302,7,2,307,58,LOW
2026-06-16,F01,Factory,P015,307,5,3,309,58,LOW
2026-06-17,F01,Factory,P015,309,20,5,324,58,LOW
2026-06-18,F01,Factory,P015,324,5,9,320,58,LOW
2026-06-19,F01,Factory,P015,320,27,15,332,58,LOW
2026-06-20,F01,Factory,P015,332,6,24,314,58,LOW
2026-06-21,F01,Factory,P015,314,19,5,328,58,LOW
2026-06-22,F01,Factory,P015,328,28,31,325,58,LOW
2026-06-23,F01,Factory,P015,325,21,5,341,58,LOW
2026-06-24,F01,Factory,P015,341,13,20,334,58,LOW
2026-06-25,F01,Factory,P015,334,40,30,344,58,LOW
2026-06-26,F01,Factory,P015,344,40,28,356,58,LOW
2026-06-27,F01,Factory,P015,356,25,22,359,58,LOW
2026-06-28,F01,Factory,P015,359,32,25,366,58,LOW
2026-06-29,F01,Factory,P015,366,28,4,390,58,LOW
2026-06-30,F01,Factory,P015,390,42,0,432,58,LOW
2026-06-01,F02,Factory,P001,89,4,3,90,19,LOW
2026-06-02,F02,Factory,P001,90,10,0,100,19,LOW
2026-06-03,F02,Factory,P001,100,5,3,102,19,LOW
2026-06-04,F02,Factory,P001,102,1,2,101,19,LOW
2026-06-05,F02,Factory,P001,101,5,9,97,19,LOW
2026-06-06,F02,Factory,P001,97,4,7,94,19,LOW
2026-06-07,F02,Factory,P001,94,8,7,95,19,LOW
2026-06-08,F02,Factory,P001,95,9,6,98,19,LOW
2026-06-09,F02,Factory,P001,98,8,1,105,19,LOW
2026-06-10,F02,Factory,P001,105,9,0,114,19,LOW
2026-06-11,F02,Factory,P001,114,10,7,117,19,LOW
2026-06-12,F02,Factory,P001,117,10,7,120,19,LOW
2026-06-13,F02,Factory,P001,120,5,4,121,19,LOW
2026-06-14,F02,Factory,P001,121,8,5,124,19,LOW
2026-06-15,F02,Factory,P001,124,5,5,124,19,LOW
2026-06-16,F02,Factory,P001,124,8,2,130,19,LOW
2026-06-17,F02,Factory,P001,130,10,4,136,19,LOW
2026-06-18,F02,Factory,P001,136,4,5,135,19,LOW
2026-06-19,F02,Factory,P001,135,1,7,129,19,LOW
2026-06-20,F02,Factory,P001,129,11,11,129,19,LOW
2026-06-21,F02,Factory,P001,129,4,6,127,19,LOW
2026-06-22,F02,Factory,P001,127,7,8,126,19,LOW
2026-06-23,F02,Factory,P001,126,9,9,126,19,LOW
2026-06-24,F02,Factory,P001,126,12,1,137,19,LOW
2026-06-25,F02,Factory,P001,137,6,8,135,19,LOW
2026-06-26,F02,Factory,P001,135,8,6,137,19,LOW
2026-06-27,F02,Factory,P001,137,2,7,132,19,LOW
2026-06-28,F02,Factory,P001,132,11,0,143,19,LOW
2026-06-29,F02,Factory,P001,143,10,12,141,19,LOW
2026-06-30,F02,Factory,P001,141,9,13,137,19,LOW
2026-06-01,F02,Factory,P002,293,12,0,305,64,LOW
2026-06-02,F02,Factory,P002,305,25,6,324,64,LOW
2026-06-03,F02,Factory,P002,324,0,5,319,64,LOW
2026-06-04,F02,Factory,P002,319,36,24,331,64,LOW
2026-06-05,F02,Factory,P002,331,11,19,323,64,LOW
2026-06-06,F02,Factory,P002,323,13,5,331,64,LOW
2026-06-07,F02,Factory,P002,331,40,26,345,64,LOW
2026-06-08,F02,Factory,P002,345,15,12,348,64,LOW
2026-06-09,F02,Factory,P002,348,35,15,368,64,LOW
2026-06-10,F02,Factory,P002,368,17,13,372,64,LOW
2026-06-11,F02,Factory,P002,372,20,19,373,64,LOW
2026-06-12,F02,Factory,P002,373,1,17,357,64,LOW
2026-06-13,F02,Factory,P002,357,19,9,367,64,LOW
2026-06-14,F02,Factory,P002,367,15,15,367,64,LOW
2026-06-15,F02,Factory,P002,367,16,32,351,64,LOW
2026-06-16,F02,Factory,P002,351,22,17,356,64,LOW
2026-06-17,F02,Factory,P002,356,11,32,335,64,LOW
2026-06-18,F02,Factory,P002,335,0,18,317,64,LOW
2026-06-19,F02,Factory,P002,317,6,23,300,64,LOW
2026-06-20,F02,Factory,P002,300,13,8,305,64,LOW
2026-06-21,F02,Factory,P002,305,2,23,284,64,LOW
2026-06-22,F02,Factory,P002,284,13,7,290,64,LOW
2026-06-23,F02,Factory,P002,290,30,0,320,64,LOW
2026-06-24,F02,Factory,P002,320,18,5,333,64,LOW
2026-06-25,F02,Factory,P002,333,5,0,338,64,LOW
2026-06-26,F02,Factory,P002,338,7,31,314,64,LOW
2026-06-27,F02,Factory,P002,314,17,30,301,64,LOW
2026-06-28,F02,Factory,P002,301,9,22,288,64,LOW
2026-06-29,F02,Factory,P002,288,3,3,288,64,LOW
2026-06-30,F02,Factory,P002,288,0,25,263,64,LOW
2026-06-01,F02,Factory,P003,182,14,13,183,40,LOW
2026-06-02,F02,Factory,P003,183,20,5,198,40,LOW
2026-06-03,F02,Factory,P003,198,17,9,206,40,LOW
2026-06-04,F02,Factory,P003,206,13,13,206,40,LOW
2026-06-05,F02,Factory,P003,206,11,0,217,40,LOW
2026-06-06,F02,Factory,P003,217,2,10,209,40,LOW
2026-06-07,F02,Factory,P003,209,14,14,209,40,LOW
2026-06-08,F02,Factory,P003,209,14,3,220,40,LOW
2026-06-09,F02,Factory,P003,220,9,9,220,40,LOW
2026-06-10,F02,Factory,P003,220,26,11,235,40,LOW
2026-06-11,F02,Factory,P003,235,18,16,237,40,LOW
2026-06-12,F02,Factory,P003,237,10,22,225,40,LOW
2026-06-13,F02,Factory,P003,225,18,18,225,40,LOW
2026-06-14,F02,Factory,P003,225,20,13,232,40,LOW
2026-06-15,F02,Factory,P003,232,0,13,219,40,LOW
2026-06-16,F02,Factory,P003,219,3,12,210,40,LOW
2026-06-17,F02,Factory,P003,210,18,11,217,40,LOW
2026-06-18,F02,Factory,P003,217,8,1,224,40,LOW
2026-06-19,F02,Factory,P003,224,18,15,227,40,LOW
2026-06-20,F02,Factory,P003,227,13,15,225,40,LOW
2026-06-21,F02,Factory,P003,225,21,11,235,40,LOW
2026-06-22,F02,Factory,P003,235,1,20,216,40,LOW
2026-06-23,F02,Factory,P003,216,12,14,214,40,LOW
2026-06-24,F02,Factory,P003,214,23,7,230,40,LOW
2026-06-25,F02,Factory,P003,230,17,0,247,40,LOW
2026-06-26,F02,Factory,P003,247,26,1,272,40,LOW
2026-06-27,F02,Factory,P003,272,18,9,281,40,LOW
2026-06-28,F02,Factory,P003,281,1,12,270,40,LOW
2026-06-29,F02,Factory,P003,270,30,4,296,40,LOW
2026-06-30,F02,Factory,P003,296,10,5,301,40,LOW
2026-06-01,F02,Factory,P004,192,2,4,190,42,LOW
2026-06-02,F02,Factory,P004,190,13,14,189,42,LOW
2026-06-03,F02,Factory,P004,189,15,13,191,42,LOW
2026-06-04,F02,Factory,P004,191,16,7,200,42,LOW
2026-06-05,F02,Factory,P004,200,22,3,219,42,LOW
2026-06-06,F02,Factory,P004,219,18,2,235,42,LOW
2026-06-07,F02,Factory,P004,235,22,2,255,42,LOW
2026-06-08,F02,Factory,P004,255,6,9,252,42,LOW
2026-06-09,F02,Factory,P004,252,21,1,272,42,LOW
2026-06-10,F02,Factory,P004,272,8,9,271,42,LOW
2026-06-11,F02,Factory,P004,271,24,25,270,42,LOW
2026-06-12,F02,Factory,P004,270,20,13,277,42,LOW
2026-06-13,F02,Factory,P004,277,11,22,266,42,LOW
2026-06-14,F02,Factory,P004,266,3,3,266,42,LOW
2026-06-15,F02,Factory,P004,266,6,6,266,42,LOW
2026-06-16,F02,Factory,P004,266,15,24,257,42,LOW
2026-06-17,F02,Factory,P004,257,20,9,268,42,LOW
2026-06-18,F02,Factory,P004,268,6,16,258,42,LOW
2026-06-19,F02,Factory,P004,258,8,24,242,42,LOW
2026-06-20,F02,Factory,P004,242,14,13,243,42,LOW
2026-06-21,F02,Factory,P004,243,27,7,263,42,LOW
2026-06-22,F02,Factory,P004,263,15,13,265,42,LOW
2026-06-23,F02,Factory,P004,265,8,1,272,42,LOW
2026-06-24,F02,Factory,P004,272,9,3,278,42,LOW
2026-06-25,F02,Factory,P004,278,22,0,300,42,LOW
2026-06-26,F02,Factory,P004,300,11,26,285,42,LOW
2026-06-27,F02,Factory,P004,285,19,18,286,42,LOW
2026-06-28,F02,Factory,P004,286,23,8,301,42,LOW
2026-06-29,F02,Factory,P004,301,23,6,318,42,LOW
2026-06-30,F02,Factory,P004,318,24,21,321,42,LOW
2026-06-01,F02,Factory,P005,159,16,13,162,34,LOW
2026-06-02,F02,Factory,P005,162,0,4,158,34,LOW
2026-06-03,F02,Factory,P005,158,10,4,164,34,LOW
2026-06-04,F02,Factory,P005,164,12,13,163,34,LOW
2026-06-05,F02,Factory,P005,163,5,14,154,34,LOW
2026-06-06,F02,Factory,P005,154,16,13,157,34,LOW
2026-06-07,F02,Factory,P005,157,1,4,154,34,LOW
2026-06-08,F02,Factory,P005,154,2,1,155,34,LOW
2026-06-09,F02,Factory,P005,155,1,6,150,34,LOW
2026-06-10,F02,Factory,P005,150,1,4,147,34,LOW
2026-06-11,F02,Factory,P005,147,17,12,152,34,LOW
2026-06-12,F02,Factory,P005,152,17,0,169,34,LOW
2026-06-13,F02,Factory,P005,169,13,10,172,34,LOW
2026-06-14,F02,Factory,P005,172,2,15,159,34,LOW
2026-06-15,F02,Factory,P005,159,7,14,152,34,LOW
2026-06-16,F02,Factory,P005,152,2,9,145,34,LOW
2026-06-17,F02,Factory,P005,145,2,13,134,34,LOW
2026-06-18,F02,Factory,P005,134,9,0,143,34,LOW
2026-06-19,F02,Factory,P005,143,3,5,141,34,LOW
2026-06-20,F02,Factory,P005,141,0,0,141,34,LOW
2026-06-21,F02,Factory,P005,141,15,13,143,34,LOW
2026-06-22,F02,Factory,P005,143,9,12,140,34,LOW
2026-06-23,F02,Factory,P005,140,11,0,151,34,LOW
2026-06-24,F02,Factory,P005,151,12,0,163,34,LOW
2026-06-25,F02,Factory,P005,163,16,5,174,34,LOW
2026-06-26,F02,Factory,P005,174,2,4,172,34,LOW
2026-06-27,F02,Factory,P005,172,14,14,172,34,LOW
2026-06-28,F02,Factory,P005,172,11,2,181,34,LOW
2026-06-29,F02,Factory,P005,181,19,14,186,34,LOW
2026-06-30,F02,Factory,P005,186,9,9,186,34,LOW
2026-06-01,F02,Factory,P006,125,14,4,135,27,LOW
2026-06-02,F02,Factory,P006,135,0,1,134,27,LOW
2026-06-03,F02,Factory,P006,134,9,12,131,27,LOW
2026-06-04,F02,Factory,P006,131,11,8,134,27,LOW
2026-06-05,F02,Factory,P006,134,5,5,134,27,LOW
2026-06-06,F02,Factory,P006,134,0,4,130,27,LOW
2026-06-07,F02,Factory,P006,130,9,11,128,27,LOW
2026-06-08,F02,Factory,P006,128,14,9,133,27,LOW
2026-06-09,F02,Factory,P006,133,0,10,123,27,LOW
2026-06-10,F02,Factory,P006,123,3,7,119,27,LOW
2026-06-11,F02,Factory,P006,119,13,9,123,27,LOW
2026-06-12,F02,Factory,P006,123,9,3,129,27,LOW
2026-06-13,F02,Factory,P006,129,8,8,129,27,LOW
2026-06-14,F02,Factory,P006,129,8,4,133,27,LOW
2026-06-15,F02,Factory,P006,133,6,7,132,27,LOW
2026-06-16,F02,Factory,P006,132,0,12,120,27,LOW
2026-06-17,F02,Factory,P006,120,1,11,110,27,LOW
2026-06-18,F02,Factory,P006,110,0,5,105,27,LOW
2026-06-19,F02,Factory,P006,105,5,5,105,27,LOW
2026-06-20,F02,Factory,P006,105,5,8,102,27,LOW
2026-06-21,F02,Factory,P006,102,0,9,93,27,LOW
2026-06-22,F02,Factory,P006,93,7,7,93,27,LOW
2026-06-23,F02,Factory,P006,93,1,0,94,27,LOW
2026-06-24,F02,Factory,P006,94,4,2,96,27,LOW
2026-06-25,F02,Factory,P006,96,9,8,97,27,LOW
2026-06-26,F02,Factory,P006,97,5,6,96,27,LOW
2026-06-27,F02,Factory,P006,96,0,6,90,27,LOW
2026-06-28,F02,Factory,P006,90,1,6,85,27,LOW
2026-06-29,F02,Factory,P006,85,3,3,85,27,LOW
2026-06-30,F02,Factory,P006,85,2,3,84,27,LOW
2026-06-01,F02,Factory,P007,287,30,22,295,63,LOW
2026-06-02,F02,Factory,P007,295,12,8,299,63,LOW
2026-06-03,F02,Factory,P007,299,18,19,298,63,LOW
2026-06-04,F02,Factory,P007,298,6,21,283,63,LOW
2026-06-05,F02,Factory,P007,283,33,23,293,63,LOW
2026-06-06,F02,Factory,P007,293,19,9,303,63,LOW
2026-06-07,F02,Factory,P007,303,11,22,292,63,LOW
2026-06-08,F02,Factory,P007,292,16,3,305,63,LOW
2026-06-09,F02,Factory,P007,305,25,4,326,63,LOW
2026-06-10,F02,Factory,P007,326,39,13,352,63,LOW
2026-06-11,F02,Factory,P007,352,15,1,366,63,LOW
2026-06-12,F02,Factory,P007,366,7,34,339,63,LOW
2026-06-13,F02,Factory,P007,339,22,29,332,63,LOW
2026-06-14,F02,Factory,P007,332,39,1,370,63,LOW
2026-06-15,F02,Factory,P007,370,17,31,356,63,LOW
2026-06-16,F02,Factory,P007,356,21,17,360,63,LOW
2026-06-17,F02,Factory,P007,360,25,25,360,63,LOW
2026-06-18,F02,Factory,P007,360,42,31,371,63,LOW
2026-06-19,F02,Factory,P007,371,28,21,378,63,LOW
2026-06-20,F02,Factory,P007,378,16,4,390,63,LOW
2026-06-21,F02,Factory,P007,390,34,0,424,63,LOW
2026-06-22,F02,Factory,P007,424,37,20,441,63,LOW
2026-06-23,F02,Factory,P007,441,43,41,443,63,LOW
2026-06-24,F02,Factory,P007,443,30,25,448,63,LOW
2026-06-25,F02,Factory,P007,448,27,16,459,63,LOW
2026-06-26,F02,Factory,P007,459,5,1,463,63,LOW
2026-06-27,F02,Factory,P007,463,41,42,462,63,LOW
2026-06-28,F02,Factory,P007,462,3,15,450,63,LOW
2026-06-29,F02,Factory,P007,450,34,31,453,63,LOW
2026-06-30,F02,Factory,P007,453,41,31,463,63,LOW
2026-06-01,F02,Factory,P008,177,1,4,174,38,LOW
2026-06-02,F02,Factory,P008,174,9,1,182,38,LOW
2026-06-03,F02,Factory,P008,182,7,6,183,38,LOW
2026-06-04,F02,Factory,P008,183,21,5,199,38,LOW
2026-06-05,F02,Factory,P008,199,23,13,209,38,LOW
2026-06-06,F02,Factory,P008,209,17,16,210,38,LOW
2026-06-07,F02,Factory,P008,210,21,4,227,38,LOW
2026-06-08,F02,Factory,P008,227,11,11,227,38,LOW
2026-06-09,F02,Factory,P008,227,27,0,254,38,LOW
2026-06-10,F02,Factory,P008,254,14,5,263,38,LOW
2026-06-11,F02,Factory,P008,263,6,19,250,38,LOW
2026-06-12,F02,Factory,P008,250,6,19,237,38,LOW
2026-06-13,F02,Factory,P008,237,28,17,248,38,LOW
2026-06-14,F02,Factory,P008,248,5,3,250,38,LOW
2026-06-15,F02,Factory,P008,250,13,13,250,38,LOW
2026-06-16,F02,Factory,P008,250,24,10,264,38,LOW
2026-06-17,F02,Factory,P008,264,5,25,244,38,LOW
2026-06-18,F02,Factory,P008,244,27,15,256,38,LOW
2026-06-19,F02,Factory,P008,256,22,23,255,38,LOW
2026-06-20,F02,Factory,P008,255,14,3,266,38,LOW
2026-06-21,F02,Factory,P008,266,19,11,274,38,LOW
2026-06-22,F02,Factory,P008,274,27,20,281,38,LOW
2026-06-23,F02,Factory,P008,281,16,10,287,38,LOW
2026-06-24,F02,Factory,P008,287,14,17,284,38,LOW
2026-06-25,F02,Factory,P008,284,22,14,292,38,LOW
2026-06-26,F02,Factory,P008,292,19,28,283,38,LOW
2026-06-27,F02,Factory,P008,283,8,4,287,38,LOW
2026-06-28,F02,Factory,P008,287,27,26,288,38,LOW
2026-06-29,F02,Factory,P008,288,21,11,298,38,LOW
2026-06-30,F02,Factory,P008,298,12,13,297,38,LOW
2026-06-01,F02,Factory,P009,221,1,11,211,48,LOW
2026-06-02,F02,Factory,P009,211,7,5,213,48,LOW
2026-06-03,F02,Factory,P009,213,14,20,207,48,LOW
2026-06-04,F02,Factory,P009,207,5,18,194,48,LOW
2026-06-05,F02,Factory,P009,194,12,18,188,48,LOW
2026-06-06,F02,Factory,P009,188,8,17,179,48,LOW
2026-06-07,F02,Factory,P009,179,14,11,182,48,LOW
2026-06-08,F02,Factory,P009,182,12,8,186,48,LOW
2026-06-09,F02,Factory,P009,186,12,15,183,48,LOW
2026-06-10,F02,Factory,P009,183,17,0,200,48,LOW
2026-06-11,F02,Factory,P009,200,17,16,201,48,LOW
2026-06-12,F02,Factory,P009,201,18,9,210,48,LOW
2026-06-13,F02,Factory,P009,210,8,14,204,48,LOW
2026-06-14,F02,Factory,P009,204,16,7,213,48,LOW
2026-06-15,F02,Factory,P009,213,10,7,216,48,LOW
2026-06-16,F02,Factory,P009,216,1,0,217,48,LOW
2026-06-17,F02,Factory,P009,217,2,8,211,48,LOW
2026-06-18,F02,Factory,P009,211,13,8,216,48,LOW
2026-06-19,F02,Factory,P009,216,25,4,237,48,LOW
2026-06-20,F02,Factory,P009,237,11,5,243,48,LOW
2026-06-21,F02,Factory,P009,243,8,14,237,48,LOW
2026-06-22,F02,Factory,P009,237,8,7,238,48,LOW
2026-06-23,F02,Factory,P009,238,19,19,238,48,LOW
2026-06-24,F02,Factory,P009,238,6,2,242,48,LOW
2026-06-25,F02,Factory,P009,242,7,13,236,48,LOW
2026-06-26,F02,Factory,P009,236,27,3,260,48,LOW
2026-06-27,F02,Factory,P009,260,1,13,248,48,LOW
2026-06-28,F02,Factory,P009,248,30,13,265,48,LOW
2026-06-29,F02,Factory,P009,265,30,16,279,48,LOW
2026-06-30,F02,Factory,P009,279,1,11,269,48,LOW
2026-06-01,F02,Factory,P010,68,6,3,71,14,LOW
2026-06-02,F02,Factory,P010,71,1,1,71,14,LOW
2026-06-03,F02,Factory,P010,71,5,3,73,14,LOW
2026-06-04,F02,Factory,P010,73,5,2,76,14,LOW
2026-06-05,F02,Factory,P010,76,3,4,75,14,LOW
2026-06-06,F02,Factory,P010,75,0,3,72,14,LOW
2026-06-07,F02,Factory,P010,72,3,5,70,14,LOW
2026-06-08,F02,Factory,P010,70,5,2,73,14,LOW
2026-06-09,F02,Factory,P010,73,2,1,74,14,LOW
2026-06-10,F02,Factory,P010,74,1,1,74,14,LOW
2026-06-11,F02,Factory,P010,74,6,0,80,14,LOW
2026-06-12,F02,Factory,P010,80,0,4,76,14,LOW
2026-06-13,F02,Factory,P010,76,2,5,73,14,LOW
2026-06-14,F02,Factory,P010,73,6,5,74,14,LOW
2026-06-15,F02,Factory,P010,74,4,3,75,14,LOW
2026-06-16,F02,Factory,P010,75,3,1,77,14,LOW
2026-06-17,F02,Factory,P010,77,5,6,76,14,LOW
2026-06-18,F02,Factory,P010,76,2,0,78,14,LOW
2026-06-19,F02,Factory,P010,78,5,2,81,14,LOW
2026-06-20,F02,Factory,P010,81,7,6,82,14,LOW
2026-06-21,F02,Factory,P010,82,9,3,88,14,LOW
2026-06-22,F02,Factory,P010,88,9,0,97,14,LOW
2026-06-23,F02,Factory,P010,97,4,2,99,14,LOW
2026-06-24,F02,Factory,P010,99,11,5,105,14,LOW
2026-06-25,F02,Factory,P010,105,4,1,108,14,LOW
2026-06-26,F02,Factory,P010,108,10,6,112,14,LOW
2026-06-27,F02,Factory,P010,112,11,4,119,14,LOW
2026-06-28,F02,Factory,P010,119,2,3,118,14,LOW
2026-06-29,F02,Factory,P010,118,8,2,124,14,LOW
2026-06-30,F02,Factory,P010,124,1,9,116,14,LOW
2026-06-01,F02,Factory,P011,196,12,7,201,43,LOW
2026-06-02,F02,Factory,P011,201,13,14,200,43,LOW
2026-06-03,F02,Factory,P011,200,0,8,192,43,LOW
2026-06-04,F02,Factory,P011,192,6,1,197,43,LOW
2026-06-05,F02,Factory,P011,197,0,8,189,43,LOW
2026-06-06,F02,Factory,P011,189,12,9,192,43,LOW
2026-06-07,F02,Factory,P011,192,18,8,202,43,LOW
2026-06-08,F02,Factory,P011,202,14,16,200,43,LOW
2026-06-09,F02,Factory,P011,200,16,18,198,43,LOW
2026-06-10,F02,Factory,P011,198,5,14,189,43,LOW
2026-06-11,F02,Factory,P011,189,16,10,195,43,LOW
2026-06-12,F02,Factory,P011,195,0,10,185,43,LOW
2026-06-13,F02,Factory,P011,185,19,11,193,43,LOW
2026-06-14,F02,Factory,P011,193,0,5,188,43,LOW
2026-06-15,F02,Factory,P011,188,13,14,187,43,LOW
2026-06-16,F02,Factory,P011,187,10,15,182,43,LOW
2026-06-17,F02,Factory,P011,182,17,4,195,43,LOW
2026-06-18,F02,Factory,P011,195,4,17,182,43,LOW
2026-06-19,F02,Factory,P011,182,12,15,179,43,LOW
2026-06-20,F02,Factory,P011,179,20,7,192,43,LOW
2026-06-21,F02,Factory,P011,192,1,17,176,43,LOW
2026-06-22,F02,Factory,P011,176,12,2,186,43,LOW
2026-06-23,F02,Factory,P011,186,12,0,198,43,LOW
2026-06-24,F02,Factory,P011,198,6,6,198,43,LOW
2026-06-25,F02,Factory,P011,198,10,10,198,43,LOW
2026-06-26,F02,Factory,P011,198,20,6,212,43,LOW
2026-06-27,F02,Factory,P011,212,19,19,212,43,LOW
2026-06-28,F02,Factory,P011,212,19,5,226,43,LOW
2026-06-29,F02,Factory,P011,226,18,6,238,43,LOW
2026-06-30,F02,Factory,P011,238,13,14,237,43,LOW
2026-06-01,F02,Factory,P012,381,13,0,394,83,LOW
2026-06-02,F02,Factory,P012,394,41,28,407,83,LOW
2026-06-03,F02,Factory,P012,407,6,15,398,83,LOW
2026-06-04,F02,Factory,P012,398,12,38,372,83,LOW
2026-06-05,F02,Factory,P012,372,43,25,390,83,LOW
2026-06-06,F02,Factory,P012,390,21,2,409,83,LOW
2026-06-07,F02,Factory,P012,409,12,3,418,83,LOW
2026-06-08,F02,Factory,P012,418,41,3,456,83,LOW
2026-06-09,F02,Factory,P012,456,38,42,452,83,LOW
2026-06-10,F02,Factory,P012,452,17,30,439,83,LOW
2026-06-11,F02,Factory,P012,439,47,18,468,83,LOW
2026-06-12,F02,Factory,P012,468,26,9,485,83,LOW
2026-06-13,F02,Factory,P012,485,25,41,469,83,LOW
2026-06-14,F02,Factory,P012,469,38,9,498,83,LOW
2026-06-15,F02,Factory,P012,498,32,34,496,83,LOW
2026-06-16,F02,Factory,P012,496,4,37,463,83,LOW
2026-06-17,F02,Factory,P012,463,11,13,461,83,LOW
2026-06-18,F02,Factory,P012,461,23,23,461,83,LOW
2026-06-19,F02,Factory,P012,461,52,10,503,83,LOW
2026-06-20,F02,Factory,P012,503,15,18,500,83,LOW
2026-06-21,F02,Factory,P012,500,53,48,505,83,LOW
2026-06-22,F02,Factory,P012,505,28,34,499,83,LOW
2026-06-23,F02,Factory,P012,499,56,41,514,83,LOW
2026-06-24,F02,Factory,P012,514,43,27,530,83,LOW
2026-06-25,F02,Factory,P012,530,64,12,582,83,LOW
2026-06-26,F02,Factory,P012,582,26,41,567,83,LOW
2026-06-27,F02,Factory,P012,567,1,28,540,83,LOW
2026-06-28,F02,Factory,P012,540,57,9,588,83,LOW
2026-06-29,F02,Factory,P012,588,58,23,623,83,LOW
2026-06-30,F02,Factory,P012,623,66,39,650,83,LOW
2026-06-01,F02,Factory,P013,130,2,9,123,28,LOW
2026-06-02,F02,Factory,P013,123,0,2,121,28,LOW
2026-06-03,F02,Factory,P013,121,13,10,124,28,LOW
2026-06-04,F02,Factory,P013,124,0,4,120,28,LOW
2026-06-05,F02,Factory,P013,120,1,3,118,28,LOW
2026-06-06,F02,Factory,P013,118,13,2,129,28,LOW
2026-06-07,F02,Factory,P013,129,10,9,130,28,LOW
2026-06-08,F02,Factory,P013,130,14,4,140,28,LOW
2026-06-09,F02,Factory,P013,140,11,6,145,28,LOW
2026-06-10,F02,Factory,P013,145,1,3,143,28,LOW
2026-06-11,F02,Factory,P013,143,12,9,146,28,LOW
2026-06-12,F02,Factory,P013,146,9,10,145,28,LOW
2026-06-13,F02,Factory,P013,145,12,4,153,28,LOW
2026-06-14,F02,Factory,P013,153,5,14,144,28,LOW
2026-06-15,F02,Factory,P013,144,17,0,161,28,LOW
2026-06-16,F02,Factory,P013,161,15,2,174,28,LOW
2026-06-17,F02,Factory,P013,174,18,10,182,28,LOW
2026-06-18,F02,Factory,P013,182,15,12,185,28,LOW
2026-06-19,F02,Factory,P013,185,13,4,194,28,LOW
2026-06-20,F02,Factory,P013,194,19,10,203,28,LOW
2026-06-21,F02,Factory,P013,203,13,6,210,28,LOW
2026-06-22,F02,Factory,P013,210,0,11,199,28,LOW
2026-06-23,F02,Factory,P013,199,8,12,195,28,LOW
2026-06-24,F02,Factory,P013,195,8,18,185,28,LOW
2026-06-25,F02,Factory,P013,185,15,8,192,28,LOW
2026-06-26,F02,Factory,P013,192,16,12,196,28,LOW
2026-06-27,F02,Factory,P013,196,14,10,200,28,LOW
2026-06-28,F02,Factory,P013,200,23,6,217,28,LOW
2026-06-29,F02,Factory,P013,217,11,5,223,28,LOW
2026-06-30,F02,Factory,P013,223,15,21,217,28,LOW
2026-06-01,F02,Factory,P014,135,9,2,142,29,LOW
2026-06-02,F02,Factory,P014,142,15,11,146,29,LOW
2026-06-03,F02,Factory,P014,146,7,2,151,29,LOW
2026-06-04,F02,Factory,P014,151,7,12,146,29,LOW
2026-06-05,F02,Factory,P014,146,10,2,154,29,LOW
2026-06-06,F02,Factory,P014,154,3,14,143,29,LOW
2026-06-07,F02,Factory,P014,143,7,9,141,29,LOW
2026-06-08,F02,Factory,P014,141,6,1,146,29,LOW
2026-06-09,F02,Factory,P014,146,7,9,144,29,LOW
2026-06-10,F02,Factory,P014,144,6,8,142,29,LOW
2026-06-11,F02,Factory,P014,142,7,4,145,29,LOW
2026-06-12,F02,Factory,P014,145,4,3,146,29,LOW
2026-06-13,F02,Factory,P014,146,4,10,140,29,LOW
2026-06-14,F02,Factory,P014,140,5,10,135,29,LOW
2026-06-15,F02,Factory,P014,135,4,4,135,29,LOW
2026-06-16,F02,Factory,P014,135,14,11,138,29,LOW
2026-06-17,F02,Factory,P014,138,6,3,141,29,LOW
2026-06-18,F02,Factory,P014,141,12,0,153,29,LOW
2026-06-19,F02,Factory,P014,153,8,8,153,29,LOW
2026-06-20,F02,Factory,P014,153,12,1,164,29,LOW
2026-06-21,F02,Factory,P014,164,0,4,160,29,LOW
2026-06-22,F02,Factory,P014,160,2,8,154,29,LOW
2026-06-23,F02,Factory,P014,154,17,4,167,29,LOW
2026-06-24,F02,Factory,P014,167,9,3,173,29,LOW
2026-06-25,F02,Factory,P014,173,0,11,162,29,LOW
2026-06-26,F02,Factory,P014,162,5,8,159,29,LOW
2026-06-27,F02,Factory,P014,159,12,12,159,29,LOW
2026-06-28,F02,Factory,P014,159,3,8,154,29,LOW
2026-06-29,F02,Factory,P014,154,17,7,164,29,LOW
2026-06-30,F02,Factory,P014,164,0,4,160,29,LOW
2026-06-01,F02,Factory,P015,383,37,30,390,84,LOW
2026-06-02,F02,Factory,P015,390,15,7,398,84,LOW
2026-06-03,F02,Factory,P015,398,14,9,403,84,LOW
2026-06-04,F02,Factory,P015,403,37,33,407,84,LOW
2026-06-05,F02,Factory,P015,407,2,29,380,84,LOW
2026-06-06,F02,Factory,P015,380,35,23,392,84,LOW
2026-06-07,F02,Factory,P015,392,42,1,433,84,LOW
2026-06-08,F02,Factory,P015,433,37,5,465,84,LOW
2026-06-09,F02,Factory,P015,465,52,22,495,84,LOW
2026-06-10,F02,Factory,P015,495,5,36,464,84,LOW
2026-06-11,F02,Factory,P015,464,43,21,486,84,LOW
2026-06-12,F02,Factory,P015,486,18,0,504,84,LOW
2026-06-13,F02,Factory,P015,504,57,9,552,84,LOW
2026-06-14,F02,Factory,P015,552,58,32,578,84,LOW
2026-06-15,F02,Factory,P015,578,49,39,588,84,LOW
2026-06-16,F02,Factory,P015,588,62,1,649,84,LOW
2026-06-17,F02,Factory,P015,649,80,2,727,84,LOW
2026-06-18,F02,Factory,P015,727,89,18,798,84,LOW
2026-06-19,F02,Factory,P015,798,83,6,875,84,LOW
2026-06-20,F02,Factory,P015,875,50,47,878,84,LOW
2026-06-21,F02,Factory,P015,878,104,10,972,84,LOW
2026-06-22,F02,Factory,P015,972,4,62,914,84,LOW
2026-06-23,F02,Factory,P015,914,5,70,849,84,LOW
2026-06-24,F02,Factory,P015,849,4,81,772,84,LOW
2026-06-25,F02,Factory,P015,772,51,73,750,84,LOW
2026-06-26,F02,Factory,P015,750,11,20,741,84,LOW
2026-06-27,F02,Factory,P015,741,41,2,780,84,LOW
2026-06-28,F02,Factory,P015,780,9,25,764,84,LOW
2026-06-29,F02,Factory,P015,764,70,53,781,84,LOW
2026-06-30,F02,Factory,P015,781,8,4,785,84,LOW
2026-06-01,F03,Factory,P001,134,10,4,140,29,LOW
2026-06-02,F03,Factory,P001,140,13,4,149,29,LOW
2026-06-03,F03,Factory,P001,149,6,3,152,29,LOW
2026-06-04,F03,Factory,P001,152,5,10,147,29,LOW
2026-06-05,F03,Factory,P001,147,8,9,146,29,LOW
2026-06-06,F03,Factory,P001,146,1,7,140,29,LOW
2026-06-07,F03,Factory,P001,140,7,12,135,29,LOW
2026-06-08,F03,Factory,P001,135,6,1,140,29,LOW
2026-06-09,F03,Factory,P001,140,11,2,149,29,LOW
2026-06-10,F03,Factory,P001,149,16,5,160,29,LOW
2026-06-11,F03,Factory,P001,160,15,10,165,29,LOW
2026-06-12,F03,Factory,P001,165,9,9,165,29,LOW
2026-06-13,F03,Factory,P001,165,3,1,167,29,LOW
2026-06-14,F03,Factory,P001,167,15,15,167,29,LOW
2026-06-15,F03,Factory,P001,167,17,4,180,29,LOW
2026-06-16,F03,Factory,P001,180,7,6,181,29,LOW
2026-06-17,F03,Factory,P001,181,15,11,185,29,LOW
2026-06-18,F03,Factory,P001,185,18,17,186,29,LOW
2026-06-19,F03,Factory,P001,186,9,11,184,29,LOW
2026-06-20,F03,Factory,P001,184,11,17,178,29,LOW
2026-06-21,F03,Factory,P001,178,7,3,182,29,LOW
2026-06-22,F03,Factory,P001,182,8,11,179,29,LOW
2026-06-23,F03,Factory,P001,179,20,14,185,29,LOW
2026-06-24,F03,Factory,P001,185,0,9,176,29,LOW
2026-06-25,F03,Factory,P001,176,3,6,173,29,LOW
2026-06-26,F03,Factory,P001,173,19,16,176,29,LOW
2026-06-27,F03,Factory,P001,176,3,2,177,29,LOW
2026-06-28,F03,Factory,P001,177,15,6,186,29,LOW
2026-06-29,F03,Factory,P001,186,9,15,180,29,LOW
2026-06-30,F03,Factory,P001,180,20,16,184,29,LOW
2026-06-01,F03,Factory,P002,125,11,11,125,27,LOW
2026-06-02,F03,Factory,P002,125,10,10,125,27,LOW
2026-06-03,F03,Factory,P002,125,8,0,133,27,LOW
2026-06-04,F03,Factory,P002,133,13,12,134,27,LOW
2026-06-05,F03,Factory,P002,134,4,5,133,27,LOW
2026-06-06,F03,Factory,P002,133,9,8,134,27,LOW
2026-06-07,F03,Factory,P002,134,10,5,139,27,LOW
2026-06-08,F03,Factory,P002,139,14,10,143,27,LOW
2026-06-09,F03,Factory,P002,143,16,8,151,27,LOW
2026-06-10,F03,Factory,P002,151,1,12,140,27,LOW
2026-06-11,F03,Factory,P002,140,1,2,139,27,LOW
2026-06-12,F03,Factory,P002,139,4,2,141,27,LOW
2026-06-13,F03,Factory,P002,141,12,6,147,27,LOW
2026-06-14,F03,Factory,P002,147,3,0,150,27,LOW
2026-06-15,F03,Factory,P002,150,3,10,143,27,LOW
2026-06-16,F03,Factory,P002,143,13,4,152,27,LOW
2026-06-17,F03,Factory,P002,152,1,8,145,27,LOW
2026-06-18,F03,Factory,P002,145,14,0,159,27,LOW
2026-06-19,F03,Factory,P002,159,15,2,172,27,LOW
2026-06-20,F03,Factory,P002,172,5,10,167,27,LOW
2026-06-21,F03,Factory,P002,167,1,4,164,27,LOW
2026-06-22,F03,Factory,P002,164,2,3,163,27,LOW
2026-06-23,F03,Factory,P002,163,15,3,175,27,LOW
2026-06-24,F03,Factory,P002,175,0,3,172,27,LOW
2026-06-25,F03,Factory,P002,172,1,10,163,27,LOW
2026-06-26,F03,Factory,P002,163,19,2,180,27,LOW
2026-06-27,F03,Factory,P002,180,16,6,190,27,LOW
2026-06-28,F03,Factory,P002,190,1,13,178,27,LOW
2026-06-29,F03,Factory,P002,178,4,8,174,27,LOW
2026-06-30,F03,Factory,P002,174,10,10,174,27,LOW
2026-06-01,F03,Factory,P003,195,3,4,194,42,LOW
2026-06-02,F03,Factory,P003,194,17,17,194,42,LOW
2026-06-03,F03,Factory,P003,194,0,7,187,42,LOW
2026-06-04,F03,Factory,P003,187,20,5,202,42,LOW
2026-06-05,F03,Factory,P003,202,11,18,195,42,LOW
2026-06-06,F03,Factory,P003,195,23,12,206,42,LOW
2026-06-07,F03,Factory,P003,206,17,12,211,42,LOW
2026-06-08,F03,Factory,P003,211,7,18,200,42,LOW
2026-06-09,F03,Factory,P003,200,0,1,199,42,LOW
2026-06-10,F03,Factory,P003,199,14,15,198,42,LOW
2026-06-11,F03,Factory,P003,198,19,12,205,42,LOW
2026-06-12,F03,Factory,P003,205,9,7,207,42,LOW
2026-06-13,F03,Factory,P003,207,10,5,212,42,LOW
2026-06-14,F03,Factory,P003,212,10,2,220,42,LOW
2026-06-15,F03,Factory,P003,220,8,20,208,42,LOW
2026-06-16,F03,Factory,P003,208,18,2,224,42,LOW
2026-06-17,F03,Factory,P003,224,8,5,227,42,LOW
2026-06-18,F03,Factory,P003,227,7,15,219,42,LOW
2026-06-19,F03,Factory,P003,219,24,14,229,42,LOW
2026-06-20,F03,Factory,P003,229,13,3,239,42,LOW
2026-06-21,F03,Factory,P003,239,4,18,225,42,LOW
2026-06-22,F03,Factory,P003,225,18,11,232,42,LOW
2026-06-23,F03,Factory,P003,232,16,19,229,42,LOW
2026-06-24,F03,Factory,P003,229,22,1,250,42,LOW
2026-06-25,F03,Factory,P003,250,12,1,261,42,LOW
2026-06-26,F03,Factory,P003,261,12,16,257,42,LOW
2026-06-27,F03,Factory,P003,257,6,3,260,42,LOW
2026-06-28,F03,Factory,P003,260,15,13,262,42,LOW
2026-06-29,F03,Factory,P003,262,22,0,284,42,LOW
2026-06-30,F03,Factory,P003,284,8,21,271,42,LOW
2026-06-01,F03,Factory,P004,106,8,8,106,23,LOW
2026-06-02,F03,Factory,P004,106,10,8,108,23,LOW
2026-06-03,F03,Factory,P004,108,6,9,105,23,LOW
2026-06-04,F03,Factory,P004,105,5,9,101,23,LOW
2026-06-05,F03,Factory,P004,101,4,4,101,23,LOW
2026-06-06,F03,Factory,P004,101,8,3,106,23,LOW
2026-06-07,F03,Factory,P004,106,1,8,99,23,LOW
2026-06-08,F03,Factory,P004,99,5,8,96,23,LOW
2026-06-09,F03,Factory,P004,96,4,8,92,23,LOW
2026-06-10,F03,Factory,P004,92,6,6,92,23,LOW
2026-06-11,F03,Factory,P004,92,8,1,99,23,LOW
2026-06-12,F03,Factory,P004,99,9,8,100,23,LOW
2026-06-13,F03,Factory,P004,100,7,9,98,23,LOW
2026-06-14,F03,Factory,P004,98,10,5,103,23,LOW
2026-06-15,F03,Factory,P004,103,5,8,100,23,LOW
2026-06-16,F03,Factory,P004,100,2,5,97,23,LOW
2026-06-17,F03,Factory,P004,97,9,8,98,23,LOW
2026-06-18,F03,Factory,P004,98,3,0,101,23,LOW
2026-06-19,F03,Factory,P004,101,4,8,97,23,LOW
2026-06-20,F03,Factory,P004,97,6,0,103,23,LOW
2026-06-21,F03,Factory,P004,103,1,3,101,23,LOW
2026-06-22,F03,Factory,P004,101,4,1,104,23,LOW
2026-06-23,F03,Factory,P004,104,6,4,106,23,LOW
2026-06-24,F03,Factory,P004,106,2,2,106,23,LOW
2026-06-25,F03,Factory,P004,106,8,9,105,23,LOW
2026-06-26,F03,Factory,P004,105,12,5,112,23,LOW
2026-06-27,F03,Factory,P004,112,0,9,103,23,LOW
2026-06-28,F03,Factory,P004,103,11,2,112,23,LOW
2026-06-29,F03,Factory,P004,112,5,0,117,23,LOW
2026-06-30,F03,Factory,P004,117,11,8,120,23,LOW
2026-06-01,F03,Factory,P005,70,0,4,66,15,LOW
2026-06-02,F03,Factory,P005,66,3,3,66,15,LOW
2026-06-03,F03,Factory,P005,66,1,4,63,15,LOW
2026-06-04,F03,Factory,P005,63,2,5,60,15,LOW
2026-06-05,F03,Factory,P005,60,1,3,58,15,LOW
2026-06-06,F03,Factory,P005,58,2,4,56,15,LOW
2026-06-07,F03,Factory,P005,56,3,3,56,15,LOW
2026-06-08,F03,Factory,P005,56,0,3,53,15,LOW
2026-06-09,F03,Factory,P005,53,0,1,52,15,LOW
2026-06-10,F03,Factory,P005,52,1,0,53,15,LOW
2026-06-11,F03,Factory,P005,53,3,1,55,15,LOW
2026-06-12,F03,Factory,P005,55,3,3,55,15,LOW
2026-06-13,F03,Factory,P005,55,1,3,53,15,LOW
2026-06-14,F03,Factory,P005,53,1,1,53,15,LOW
2026-06-15,F03,Factory,P005,53,3,3,53,15,LOW
2026-06-16,F03,Factory,P005,53,3,0,56,15,LOW
2026-06-17,F03,Factory,P005,56,4,1,59,15,LOW
2026-06-18,F03,Factory,P005,59,1,4,56,15,LOW
2026-06-19,F03,Factory,P005,56,0,2,54,15,LOW
2026-06-20,F03,Factory,P005,54,2,1,55,15,LOW
2026-06-21,F03,Factory,P005,55,4,2,57,15,LOW
2026-06-22,F03,Factory,P005,57,5,1,61,15,LOW
2026-06-23,F03,Factory,P005,61,6,4,63,15,LOW
2026-06-24,F03,Factory,P005,63,2,5,60,15,LOW
2026-06-25,F03,Factory,P005,60,6,3,63,15,LOW
2026-06-26,F03,Factory,P005,63,0,3,60,15,LOW
2026-06-27,F03,Factory,P005,60,4,2,62,15,LOW
2026-06-28,F03,Factory,P005,62,1,3,60,15,LOW
2026-06-29,F03,Factory,P005,60,5,1,64,15,LOW
2026-06-30,F03,Factory,P005,64,3,0,67,15,LOW
2026-06-01,F03,Factory,P006,61,4,5,60,13,LOW
2026-06-02,F03,Factory,P006,60,5,2,63,13,LOW
2026-06-03,F03,Factory,P006,63,0,2,61,13,LOW
2026-06-04,F03,Factory,P006,61,6,0,67,13,LOW
2026-06-05,F03,Factory,P006,67,1,5,63,13,LOW
2026-06-06,F03,Factory,P006,63,3,1,65,13,LOW
2026-06-07,F03,Factory,P006,65,0,2,63,13,LOW
2026-06-08,F03,Factory,P006,63,4,5,62,13,LOW
2026-06-09,F03,Factory,P006,62,6,2,66,13,LOW
2026-06-10,F03,Factory,P006,66,3,5,64,13,LOW
2026-06-11,F03,Factory,P006,64,6,1,69,13,LOW
2026-06-12,F03,Factory,P006,69,5,4,70,13,LOW
2026-06-13,F03,Factory,P006,70,1,6,65,13,LOW
2026-06-14,F03,Factory,P006,65,2,3,64,13,LOW
2026-06-15,F03,Factory,P006,64,3,4,63,13,LOW
2026-06-16,F03,Factory,P006,63,6,2,67,13,LOW
2026-06-17,F03,Factory,P006,67,3,4,66,13,LOW
2026-06-18,F03,Factory,P006,66,7,5,68,13,LOW
2026-06-19,F03,Factory,P006,68,6,4,70,13,LOW
2026-06-20,F03,Factory,P006,70,6,6,70,13,LOW
2026-06-21,F03,Factory,P006,70,0,4,66,13,LOW
2026-06-22,F03,Factory,P006,66,0,3,63,13,LOW
2026-06-23,F03,Factory,P006,63,2,1,64,13,LOW
2026-06-24,F03,Factory,P006,64,7,4,67,13,LOW
2026-06-25,F03,Factory,P006,67,4,5,66,13,LOW
2026-06-26,F03,Factory,P006,66,0,3,63,13,LOW
2026-06-27,F03,Factory,P006,63,1,1,63,13,LOW
2026-06-28,F03,Factory,P006,63,1,3,61,13,LOW
2026-06-29,F03,Factory,P006,61,4,4,61,13,LOW
2026-06-30,F03,Factory,P006,61,3,5,59,13,LOW
2026-06-01,F03,Factory,P007,79,3,1,81,17,LOW
2026-06-02,F03,Factory,P007,81,0,1,80,17,LOW
2026-06-03,F03,Factory,P007,80,4,3,81,17,LOW
2026-06-04,F03,Factory,P007,81,8,1,88,17,LOW
2026-06-05,F03,Factory,P007,88,2,7,83,17,LOW
2026-06-06,F03,Factory,P007,83,0,3,80,17,LOW
2026-06-07,F03,Factory,P007,80,1,4,77,17,LOW
2026-06-08,F03,Factory,P007,77,8,1,84,17,LOW
2026-06-09,F03,Factory,P007,84,3,3,84,17,LOW
2026-06-10,F03,Factory,P007,84,7,7,84,17,LOW
2026-06-11,F03,Factory,P007,84,0,3,81,17,LOW
2026-06-12,F03,Factory,P007,81,7,0,88,17,LOW
2026-06-13,F03,Factory,P007,88,8,1,95,17,LOW
2026-06-14,F03,Factory,P007,95,5,8,92,17,LOW
2026-06-15,F03,Factory,P007,92,6,8,90,17,LOW
2026-06-16,F03,Factory,P007,90,6,1,95,17,LOW
2026-06-17,F03,Factory,P007,95,7,5,97,17,LOW
2026-06-18,F03,Factory,P007,97,3,0,100,17,LOW
2026-06-19,F03,Factory,P007,100,7,5,102,17,LOW
2026-06-20,F03,Factory,P007,102,9,1,110,17,LOW
2026-06-21,F03,Factory,P007,110,7,9,108,17,LOW
2026-06-22,F03,Factory,P007,108,11,9,110,17,LOW
2026-06-23,F03,Factory,P007,110,2,1,111,17,LOW
2026-06-24,F03,Factory,P007,111,7,5,113,17,LOW
2026-06-25,F03,Factory,P007,113,3,1,115,17,LOW
2026-06-26,F03,Factory,P007,115,2,3,114,17,LOW
2026-06-27,F03,Factory,P007,114,10,0,124,17,LOW
2026-06-28,F03,Factory,P007,124,1,3,122,17,LOW
2026-06-29,F03,Factory,P007,122,13,11,124,17,LOW
2026-06-30,F03,Factory,P007,124,6,0,130,17,LOW
2026-06-01,F03,Factory,P008,98,0,7,91,21,LOW
2026-06-02,F03,Factory,P008,91,4,0,95,21,LOW
2026-06-03,F03,Factory,P008,95,9,4,100,21,LOW
2026-06-04,F03,Factory,P008,100,4,4,100,21,LOW
2026-06-05,F03,Factory,P008,100,2,9,93,21,LOW
2026-06-06,F03,Factory,P008,93,8,1,100,21,LOW
2026-06-07,F03,Factory,P008,100,8,1,107,21,LOW
2026-06-08,F03,Factory,P008,107,5,7,105,21,LOW
2026-06-09,F03,Factory,P008,105,0,7,98,21,LOW
2026-06-10,F03,Factory,P008,98,2,6,94,21,LOW
2026-06-11,F03,Factory,P008,94,5,0,99,21,LOW
2026-06-12,F03,Factory,P008,99,9,2,106,21,LOW
2026-06-13,F03,Factory,P008,106,12,8,110,21,LOW
2026-06-14,F03,Factory,P008,110,2,6,106,21,LOW
2026-06-15,F03,Factory,P008,106,4,6,104,21,LOW
2026-06-16,F03,Factory,P008,104,7,2,109,21,LOW
2026-06-17,F03,Factory,P008,109,8,2,115,21,LOW
2026-06-18,F03,Factory,P008,115,12,10,117,21,LOW
2026-06-19,F03,Factory,P008,117,2,8,111,21,LOW
2026-06-20,F03,Factory,P008,111,12,1,122,21,LOW
2026-06-21,F03,Factory,P008,122,11,11,122,21,LOW
2026-06-22,F03,Factory,P008,122,3,6,119,21,LOW
2026-06-23,F03,Factory,P008,119,11,3,127,21,LOW
2026-06-24,F03,Factory,P008,127,3,4,126,21,LOW
2026-06-25,F03,Factory,P008,126,5,8,123,21,LOW
2026-06-26,F03,Factory,P008,123,5,4,124,21,LOW
2026-06-27,F03,Factory,P008,124,14,6,132,21,LOW
2026-06-28,F03,Factory,P008,132,14,9,137,21,LOW
2026-06-29,F03,Factory,P008,137,15,2,150,21,LOW
2026-06-30,F03,Factory,P008,150,16,14,152,21,LOW
2026-06-01,F03,Factory,P009,227,1,7,221,49,LOW
2026-06-02,F03,Factory,P009,221,11,9,223,49,LOW
2026-06-03,F03,Factory,P009,223,21,15,229,49,LOW
2026-06-04,F03,Factory,P009,229,5,13,221,49,LOW
2026-06-05,F03,Factory,P009,221,26,9,238,49,LOW
2026-06-06,F03,Factory,P009,238,26,14,250,49,LOW
2026-06-07,F03,Factory,P009,250,28,22,256,49,LOW
2026-06-08,F03,Factory,P009,256,0,20,236,49,LOW
2026-06-09,F03,Factory,P009,236,5,18,223,49,LOW
2026-06-10,F03,Factory,P009,223,21,5,239,49,LOW
2026-06-11,F03,Factory,P009,239,1,9,231,49,LOW
2026-06-12,F03,Factory,P009,231,8,12,227,49,LOW
2026-06-13,F03,Factory,P009,227,2,0,229,49,LOW
2026-06-14,F03,Factory,P009,229,12,16,225,49,LOW
2026-06-15,F03,Factory,P009,225,8,7,226,49,LOW
2026-06-16,F03,Factory,P009,226,4,6,224,49,LOW
2026-06-17,F03,Factory,P009,224,8,5,227,49,LOW
2026-06-18,F03,Factory,P009,227,9,6,230,49,LOW
2026-06-19,F03,Factory,P009,230,19,7,242,49,LOW
2026-06-20,F03,Factory,P009,242,22,14,250,49,LOW
2026-06-21,F03,Factory,P009,250,19,14,255,49,LOW
2026-06-22,F03,Factory,P009,255,28,6,277,49,LOW
2026-06-23,F03,Factory,P009,277,33,5,305,49,LOW
2026-06-24,F03,Factory,P009,305,5,24,286,49,LOW
2026-06-25,F03,Factory,P009,286,31,2,315,49,LOW
2026-06-26,F03,Factory,P009,315,23,15,323,49,LOW
2026-06-27,F03,Factory,P009,323,8,16,315,49,LOW
2026-06-28,F03,Factory,P009,315,26,17,324,49,LOW
2026-06-29,F03,Factory,P009,324,20,28,316,49,LOW
2026-06-30,F03,Factory,P009,316,8,19,305,49,LOW
2026-06-01,F03,Factory,P010,131,5,12,124,28,LOW
2026-06-02,F03,Factory,P010,124,3,10,117,28,LOW
2026-06-03,F03,Factory,P010,117,8,2,123,28,LOW
2026-06-04,F03,Factory,P010,123,11,2,132,28,LOW
2026-06-05,F03,Factory,P010,132,4,4,132,28,LOW
2026-06-06,F03,Factory,P010,132,10,5,137,28,LOW
2026-06-07,F03,Factory,P010,137,9,7,139,28,LOW
2026-06-08,F03,Factory,P010,139,3,3,139,28,LOW
2026-06-09,F03,Factory,P010,139,5,2,142,28,LOW
2026-06-10,F03,Factory,P010,142,15,5,152,28,LOW
2026-06-11,F03,Factory,P010,152,7,10,149,28,LOW
2026-06-12,F03,Factory,P010,149,14,9,154,28,LOW
2026-06-13,F03,Factory,P010,154,10,14,150,28,LOW
2026-06-14,F03,Factory,P010,150,16,3,163,28,LOW
2026-06-15,F03,Factory,P010,163,3,6,160,28,LOW
2026-06-16,F03,Factory,P010,160,16,15,161,28,LOW
2026-06-17,F03,Factory,P010,161,14,11,164,28,LOW
2026-06-18,F03,Factory,P010,164,4,9,159,28,LOW
2026-06-19,F03,Factory,P010,159,3,8,154,28,LOW
2026-06-20,F03,Factory,P010,154,3,1,156,28,LOW
2026-06-21,F03,Factory,P010,156,18,13,161,28,LOW
2026-06-22,F03,Factory,P010,161,13,10,164,28,LOW
2026-06-23,F03,Factory,P010,164,4,9,159,28,LOW
2026-06-24,F03,Factory,P010,159,14,8,165,28,LOW
2026-06-25,F03,Factory,P010,165,5,6,164,28,LOW
2026-06-26,F03,Factory,P010,164,16,4,176,28,LOW
2026-06-27,F03,Factory,P010,176,21,12,185,28,LOW
2026-06-28,F03,Factory,P010,185,20,9,196,28,LOW
2026-06-29,F03,Factory,P010,196,5,0,201,28,LOW
2026-06-30,F03,Factory,P010,201,13,7,207,28,LOW
2026-06-01,F03,Factory,P011,125,1,11,115,27,LOW
2026-06-02,F03,Factory,P011,115,13,4,124,27,LOW
2026-06-03,F03,Factory,P011,124,10,4,130,27,LOW
2026-06-04,F03,Factory,P011,130,7,8,129,27,LOW
2026-06-05,F03,Factory,P011,129,6,9,126,27,LOW
2026-06-06,F03,Factory,P011,126,2,8,120,27,LOW
2026-06-07,F03,Factory,P011,120,14,10,124,27,LOW
2026-06-08,F03,Factory,P011,124,0,1,123,27,LOW
2026-06-09,F03,Factory,P011,123,9,11,121,27,LOW
2026-06-10,F03,Factory,P011,121,12,10,123,27,LOW
2026-06-11,F03,Factory,P011,123,2,6,119,27,LOW
2026-06-12,F03,Factory,P011,119,10,6,123,27,LOW
2026-06-13,F03,Factory,P011,123,11,2,132,27,LOW
2026-06-14,F03,Factory,P011,132,7,5,134,27,LOW
2026-06-15,F03,Factory,P011,134,15,2,147,27,LOW
2026-06-16,F03,Factory,P011,147,5,0,152,27,LOW
2026-06-17,F03,Factory,P011,152,2,14,140,27,LOW
2026-06-18,F03,Factory,P011,140,14,3,151,27,LOW
2026-06-19,F03,Factory,P011,151,12,8,155,27,LOW
2026-06-20,F03,Factory,P011,155,17,4,168,27,LOW
2026-06-21,F03,Factory,P011,168,20,5,183,27,LOW
2026-06-22,F03,Factory,P011,183,15,7,191,27,LOW
2026-06-23,F03,Factory,P011,191,15,6,200,27,LOW
2026-06-24,F03,Factory,P011,200,21,12,209,27,LOW
2026-06-25,F03,Factory,P011,209,7,19,197,27,LOW
2026-06-26,F03,Factory,P011,197,17,8,206,27,LOW
2026-06-27,F03,Factory,P011,206,3,19,190,27,LOW
2026-06-28,F03,Factory,P011,190,17,12,195,27,LOW
2026-06-29,F03,Factory,P011,195,19,11,203,27,LOW
2026-06-30,F03,Factory,P011,203,5,4,204,27,LOW
2026-06-01,F03,Factory,P012,105,1,0,106,23,LOW
2026-06-02,F03,Factory,P012,106,9,8,107,23,LOW
2026-06-03,F03,Factory,P012,107,2,5,104,23,LOW
2026-06-04,F03,Factory,P012,104,1,4,101,23,LOW
2026-06-05,F03,Factory,P012,101,9,8,102,23,LOW
2026-06-06,F03,Factory,P012,102,11,3,110,23,LOW
2026-06-07,F03,Factory,P012,110,12,8,114,23,LOW
2026-06-08,F03,Factory,P012,114,4,3,115,23,LOW
2026-06-09,F03,Factory,P012,115,1,10,106,23,LOW
2026-06-10,F03,Factory,P012,106,2,2,106,23,LOW
2026-06-11,F03,Factory,P012,106,5,1,110,23,LOW
2026-06-12,F03,Factory,P012,110,10,7,113,23,LOW
2026-06-13,F03,Factory,P012,113,2,1,114,23,LOW
2026-06-14,F03,Factory,P012,114,0,10,104,23,LOW
2026-06-15,F03,Factory,P012,104,5,6,103,23,LOW
2026-06-16,F03,Factory,P012,103,1,2,102,23,LOW
2026-06-17,F03,Factory,P012,102,6,2,106,23,LOW
2026-06-18,F03,Factory,P012,106,7,9,104,23,LOW
2026-06-19,F03,Factory,P012,104,3,6,101,23,LOW
2026-06-20,F03,Factory,P012,101,10,8,103,23,LOW
2026-06-21,F03,Factory,P012,103,0,1,102,23,LOW
2026-06-22,F03,Factory,P012,102,11,9,104,23,LOW
2026-06-23,F03,Factory,P012,104,4,5,103,23,LOW
2026-06-24,F03,Factory,P012,103,6,6,103,23,LOW
2026-06-25,F03,Factory,P012,103,9,3,109,23,LOW
2026-06-26,F03,Factory,P012,109,11,0,120,23,LOW
2026-06-27,F03,Factory,P012,120,0,11,109,23,LOW
2026-06-28,F03,Factory,P012,109,2,9,102,23,LOW
2026-06-29,F03,Factory,P012,102,3,3,102,23,LOW
2026-06-30,F03,Factory,P012,102,0,9,93,23,LOW
2026-06-01,F03,Factory,P013,266,11,4,273,58,LOW
2026-06-02,F03,Factory,P013,273,16,4,285,58,LOW
2026-06-03,F03,Factory,P013,285,27,2,310,58,LOW
2026-06-04,F03,Factory,P013,310,18,12,316,58,LOW
2026-06-05,F03,Factory,P013,316,1,1,316,58,LOW
2026-06-06,F03,Factory,P013,316,20,12,324,58,LOW
2026-06-07,F03,Factory,P013,324,5,4,325,58,LOW
2026-06-08,F03,Factory,P013,325,32,23,334,58,LOW
2026-06-09,F03,Factory,P013,334,24,27,331,58,LOW
2026-06-10,F03,Factory,P013,331,2,22,311,58,LOW
2026-06-11,F03,Factory,P013,311,28,6,333,58,LOW
2026-06-12,F03,Factory,P013,333,21,25,329,58,LOW
2026-06-13,F03,Factory,P013,329,24,7,346,58,LOW
2026-06-14,F03,Factory,P013,346,28,25,349,58,LOW
2026-06-15,F03,Factory,P013,349,0,19,330,58,LOW
2026-06-16,F03,Factory,P013,330,20,12,338,58,LOW
2026-06-17,F03,Factory,P013,338,1,2,337,58,LOW
2026-06-18,F03,Factory,P013,337,31,27,341,58,LOW
2026-06-19,F03,Factory,P013,341,17,31,327,58,LOW
2026-06-20,F03,Factory,P013,327,37,21,343,58,LOW
2026-06-21,F03,Factory,P013,343,24,32,335,58,LOW
2026-06-22,F03,Factory,P013,335,25,30,330,58,LOW
2026-06-23,F03,Factory,P013,330,40,6,364,58,LOW
2026-06-24,F03,Factory,P013,364,29,26,367,58,LOW
2026-06-25,F03,Factory,P013,367,36,12,391,58,LOW
2026-06-26,F03,Factory,P013,391,41,19,413,58,LOW
2026-06-27,F03,Factory,P013,413,19,6,426,58,LOW
2026-06-28,F03,Factory,P013,426,17,40,403,58,LOW
2026-06-29,F03,Factory,P013,403,35,29,409,58,LOW
2026-06-30,F03,Factory,P013,409,45,10,444,58,LOW
2026-06-01,F03,Factory,P014,394,32,14,412,86,LOW
2026-06-02,F03,Factory,P014,412,43,17,438,86,LOW
2026-06-03,F03,Factory,P014,438,46,32,452,86,LOW
2026-06-04,F03,Factory,P014,452,43,41,454,86,LOW
2026-06-05,F03,Factory,P014,454,44,14,484,86,LOW
2026-06-06,F03,Factory,P014,484,31,22,493,86,LOW
2026-06-07,F03,Factory,P014,493,3,29,467,86,LOW
2026-06-08,F03,Factory,P014,467,25,18,474,86,LOW
2026-06-09,F03,Factory,P014,474,6,23,457,86,LOW
2026-06-10,F03,Factory,P014,457,33,4,486,86,LOW
2026-06-11,F03,Factory,P014,486,38,8,516,86,LOW
2026-06-12,F03,Factory,P014,516,9,20,505,86,LOW
2026-06-13,F03,Factory,P014,505,24,45,484,86,LOW
2026-06-14,F03,Factory,P014,484,4,16,472,86,LOW
2026-06-15,F03,Factory,P014,472,43,11,504,86,LOW
2026-06-16,F03,Factory,P014,504,61,37,528,86,LOW
2026-06-17,F03,Factory,P014,528,62,49,541,86,LOW
2026-06-18,F03,Factory,P014,541,7,24,524,86,LOW
2026-06-19,F03,Factory,P014,524,48,0,572,86,LOW
2026-06-20,F03,Factory,P014,572,32,39,565,86,LOW
2026-06-21,F03,Factory,P014,565,55,23,597,86,LOW
2026-06-22,F03,Factory,P014,597,63,39,621,86,LOW
2026-06-23,F03,Factory,P014,621,3,17,607,86,LOW
2026-06-24,F03,Factory,P014,607,70,0,677,86,LOW
2026-06-25,F03,Factory,P014,677,9,23,663,86,LOW
2026-06-26,F03,Factory,P014,663,81,46,698,86,LOW
2026-06-27,F03,Factory,P014,698,12,27,683,86,LOW
2026-06-28,F03,Factory,P014,683,79,14,748,86,LOW
2026-06-29,F03,Factory,P014,748,53,34,767,86,LOW
2026-06-30,F03,Factory,P014,767,72,57,782,86,LOW
2026-06-01,F03,Factory,P015,218,22,2,238,47,LOW
2026-06-02,F03,Factory,P015,238,13,15,236,47,LOW
2026-06-03,F03,Factory,P015,236,12,15,233,47,LOW
2026-06-04,F03,Factory,P015,233,18,8,243,47,LOW
2026-06-05,F03,Factory,P015,243,3,23,223,47,LOW
2026-06-06,F03,Factory,P015,223,22,19,226,47,LOW
2026-06-07,F03,Factory,P015,226,8,6,228,47,LOW
2026-06-08,F03,Factory,P015,228,9,0,237,47,LOW
2026-06-09,F03,Factory,P015,237,4,7,234,47,LOW
2026-06-10,F03,Factory,P015,234,28,4,258,47,LOW
2026-06-11,F03,Factory,P015,258,16,13,261,47,LOW
2026-06-12,F03,Factory,P015,261,11,23,249,47,LOW
2026-06-13,F03,Factory,P015,249,2,20,231,47,LOW
2026-06-14,F03,Factory,P015,231,20,7,244,47,LOW
2026-06-15,F03,Factory,P015,244,23,10,257,47,LOW
2026-06-16,F03,Factory,P015,257,31,0,288,47,LOW
2026-06-17,F03,Factory,P015,288,1,15,274,47,LOW
2026-06-18,F03,Factory,P015,274,31,1,304,47,LOW
2026-06-19,F03,Factory,P015,304,29,28,305,47,LOW
2026-06-20,F03,Factory,P015,305,18,26,297,47,LOW
2026-06-21,F03,Factory,P015,297,28,6,319,47,LOW
2026-06-22,F03,Factory,P015,319,33,21,331,47,LOW
2026-06-23,F03,Factory,P015,331,0,18,313,47,LOW
2026-06-24,F03,Factory,P015,313,25,24,314,47,LOW
2026-06-25,F03,Factory,P015,314,30,14,330,47,LOW
2026-06-26,F03,Factory,P015,330,12,6,336,47,LOW
2026-06-27,F03,Factory,P015,336,3,21,318,47,LOW
2026-06-28,F03,Factory,P015,318,37,2,353,47,LOW
2026-06-29,F03,Factory,P015,353,30,20,363,47,LOW
2026-06-30,F03,Factory,P015,363,7,7,363,47,LOW
2026-06-01,F04,Factory,P001,75,2,4,73,16,LOW
2026-06-02,F04,Factory,P001,73,2,5,70,16,LOW
2026-06-03,F04,Factory,P001,70,2,0,72,16,LOW
2026-06-04,F04,Factory,P001,72,0,2,70,16,LOW
2026-06-05,F04,Factory,P001,70,3,5,68,16,LOW
2026-06-06,F04,Factory,P001,68,3,0,71,16,LOW
2026-06-07,F04,Factory,P001,71,1,3,69,16,LOW
2026-06-08,F04,Factory,P001,69,2,4,67,16,LOW
2026-06-09,F04,Factory,P001,67,7,2,72,16,LOW
2026-06-10,F04,Factory,P001,72,4,5,71,16,LOW
2026-06-11,F04,Factory,P001,71,1,3,69,16,LOW
2026-06-12,F04,Factory,P001,69,2,3,68,16,LOW
2026-06-13,F04,Factory,P001,68,5,0,73,16,LOW
2026-06-14,F04,Factory,P001,73,1,0,74,16,LOW
2026-06-15,F04,Factory,P001,74,0,0,74,16,LOW
2026-06-16,F04,Factory,P001,74,6,6,74,16,LOW
2026-06-17,F04,Factory,P001,74,3,6,71,16,LOW
2026-06-18,F04,Factory,P001,71,5,5,71,16,LOW
2026-06-19,F04,Factory,P001,71,5,1,75,16,LOW
2026-06-20,F04,Factory,P001,75,4,3,76,16,LOW
2026-06-21,F04,Factory,P001,76,5,5,76,16,LOW
2026-06-22,F04,Factory,P001,76,1,4,73,16,LOW
2026-06-23,F04,Factory,P001,73,7,0,80,16,LOW
2026-06-24,F04,Factory,P001,80,4,7,77,16,LOW
2026-06-25,F04,Factory,P001,77,0,1,76,16,LOW
2026-06-26,F04,Factory,P001,76,7,1,82,16,LOW
2026-06-27,F04,Factory,P001,82,7,7,82,16,LOW
2026-06-28,F04,Factory,P001,82,4,3,83,16,LOW
2026-06-29,F04,Factory,P001,83,4,2,85,16,LOW
2026-06-30,F04,Factory,P001,85,3,4,84,16,LOW
2026-06-01,F04,Factory,P002,114,12,10,116,25,LOW
2026-06-02,F04,Factory,P002,116,12,1,127,25,LOW
2026-06-03,F04,Factory,P002,127,4,9,122,25,LOW
2026-06-04,F04,Factory,P002,122,8,4,126,25,LOW
2026-06-05,F04,Factory,P002,126,4,1,129,25,LOW
2026-06-06,F04,Factory,P002,129,5,5,129,25,LOW
2026-06-07,F04,Factory,P002,129,6,6,129,25,LOW
2026-06-08,F04,Factory,P002,129,4,2,131,25,LOW
2026-06-09,F04,Factory,P002,131,14,5,140,25,LOW
2026-06-10,F04,Factory,P002,140,4,8,136,25,LOW
2026-06-11,F04,Factory,P002,136,9,7,138,25,LOW
2026-06-12,F04,Factory,P002,138,3,9,132,25,LOW
2026-06-13,F04,Factory,P002,132,3,10,125,25,LOW
2026-06-14,F04,Factory,P002,125,6,4,127,25,LOW
2026-06-15,F04,Factory,P002,127,5,5,127,25,LOW
2026-06-16,F04,Factory,P002,127,9,5,131,25,LOW
2026-06-17,F04,Factory,P002,131,2,7,126,25,LOW
2026-06-18,F04,Factory,P002,126,4,1,129,25,LOW
2026-06-19,F04,Factory,P002,129,13,3,139,25,LOW
2026-06-20,F04,Factory,P002,139,10,2,147,25,LOW
2026-06-21,F04,Factory,P002,147,6,5,148,25,LOW
2026-06-22,F04,Factory,P002,148,2,13,137,25,LOW
2026-06-23,F04,Factory,P002,137,5,7,135,25,LOW
2026-06-24,F04,Factory,P002,135,9,5,139,25,LOW
2026-06-25,F04,Factory,P002,139,9,7,141,25,LOW
2026-06-26,F04,Factory,P002,141,1,9,133,25,LOW
2026-06-27,F04,Factory,P002,133,1,5,129,25,LOW
2026-06-28,F04,Factory,P002,129,5,5,129,25,LOW
2026-06-29,F04,Factory,P002,129,1,8,122,25,LOW
2026-06-30,F04,Factory,P002,122,6,0,128,25,LOW
2026-06-01,F04,Factory,P003,179,0,9,170,39,LOW
2026-06-02,F04,Factory,P003,170,13,9,174,39,LOW
2026-06-03,F04,Factory,P003,174,15,12,177,39,LOW
2026-06-04,F04,Factory,P003,177,19,16,180,39,LOW
2026-06-05,F04,Factory,P003,180,19,14,185,39,LOW
2026-06-06,F04,Factory,P003,185,9,9,185,39,LOW
2026-06-07,F04,Factory,P003,185,14,3,196,39,LOW
2026-06-08,F04,Factory,P003,196,16,11,201,39,LOW
2026-06-09,F04,Factory,P003,201,13,16,198,39,LOW
2026-06-10,F04,Factory,P003,198,16,17,197,39,LOW
2026-06-11,F04,Factory,P003,197,23,15,205,39,LOW
2026-06-12,F04,Factory,P003,205,7,3,209,39,LOW
2026-06-13,F04,Factory,P003,209,7,14,202,39,LOW
2026-06-14,F04,Factory,P003,202,21,17,206,39,LOW
2026-06-15,F04,Factory,P003,206,17,13,210,39,LOW
2026-06-16,F04,Factory,P003,210,24,14,220,39,LOW
2026-06-17,F04,Factory,P003,220,3,11,212,39,LOW
2026-06-18,F04,Factory,P003,212,9,13,208,39,LOW
2026-06-19,F04,Factory,P003,208,16,5,219,39,LOW
2026-06-20,F04,Factory,P003,219,8,1,226,39,LOW
2026-06-21,F04,Factory,P003,226,8,18,216,39,LOW
2026-06-22,F04,Factory,P003,216,17,19,214,39,LOW
2026-06-23,F04,Factory,P003,214,24,17,221,39,LOW
2026-06-24,F04,Factory,P003,221,4,7,218,39,LOW
2026-06-25,F04,Factory,P003,218,1,1,218,39,LOW
2026-06-26,F04,Factory,P003,218,6,5,219,39,LOW
2026-06-27,F04,Factory,P003,219,0,17,202,39,LOW
2026-06-28,F04,Factory,P003,202,13,13,202,39,LOW
2026-06-29,F04,Factory,P003,202,16,19,199,39,LOW
2026-06-30,F04,Factory,P003,199,3,6,196,39,LOW
2026-06-01,F04,Factory,P004,105,4,5,104,23,LOW
2026-06-02,F04,Factory,P004,104,6,7,103,23,LOW
2026-06-03,F04,Factory,P004,103,6,2,107,23,LOW
2026-06-04,F04,Factory,P004,107,7,9,105,23,LOW
2026-06-05,F04,Factory,P004,105,7,5,107,23,LOW
2026-06-06,F04,Factory,P004,107,2,0,109,23,LOW
2026-06-07,F04,Factory,P004,109,2,0,111,23,LOW
2026-06-08,F04,Factory,P004,111,5,9,107,23,LOW
2026-06-09,F04,Factory,P004,107,5,6,106,23,LOW
2026-06-10,F04,Factory,P004,106,11,7,110,23,LOW
2026-06-11,F04,Factory,P004,110,8,8,110,23,LOW
2026-06-12,F04,Factory,P004,110,3,4,109,23,LOW
2026-06-13,F04,Factory,P004,109,5,7,107,23,LOW
2026-06-14,F04,Factory,P004,107,5,9,103,23,LOW
2026-06-15,F04,Factory,P004,103,2,1,104,23,LOW
2026-06-16,F04,Factory,P004,104,9,7,106,23,LOW
2026-06-17,F04,Factory,P004,106,8,3,111,23,LOW
2026-06-18,F04,Factory,P004,111,0,3,108,23,LOW
2026-06-19,F04,Factory,P004,108,6,4,110,23,LOW
2026-06-20,F04,Factory,P004,110,11,9,112,23,LOW
2026-06-21,F04,Factory,P004,112,10,0,122,23,LOW
2026-06-22,F04,Factory,P004,122,1,5,118,23,LOW
2026-06-23,F04,Factory,P004,118,8,7,119,23,LOW
2026-06-24,F04,Factory,P004,119,4,1,122,23,LOW
2026-06-25,F04,Factory,P004,122,4,9,117,23,LOW
2026-06-26,F04,Factory,P004,117,13,10,120,23,LOW
2026-06-27,F04,Factory,P004,120,8,1,127,23,LOW
2026-06-28,F04,Factory,P004,127,14,1,140,23,LOW
2026-06-29,F04,Factory,P004,140,4,13,131,23,LOW
2026-06-30,F04,Factory,P004,131,8,2,137,23,LOW
2026-06-01,F04,Factory,P005,294,18,2,310,64,LOW
2026-06-02,F04,Factory,P005,310,11,29,292,64,LOW
2026-06-03,F04,Factory,P005,292,10,25,277,64,LOW
2026-06-04,F04,Factory,P005,277,18,17,278,64,LOW
2026-06-05,F04,Factory,P005,278,23,14,287,64,LOW
2026-06-06,F04,Factory,P005,287,1,25,263,64,LOW
2026-06-07,F04,Factory,P005,263,15,17,261,64,LOW
2026-06-08,F04,Factory,P005,261,17,17,261,64,LOW
2026-06-09,F04,Factory,P005,261,11,21,251,64,LOW
2026-06-10,F04,Factory,P005,251,6,16,241,64,LOW
2026-06-11,F04,Factory,P005,241,17,12,246,64,LOW
2026-06-12,F04,Factory,P005,246,0,9,237,64,LOW
2026-06-13,F04,Factory,P005,237,1,11,227,64,LOW
2026-06-14,F04,Factory,P005,227,19,11,235,64,LOW
2026-06-15,F04,Factory,P005,235,21,8,248,64,LOW
2026-06-16,F04,Factory,P005,248,9,10,247,64,LOW
2026-06-17,F04,Factory,P005,247,6,19,234,64,LOW
2026-06-18,F04,Factory,P005,234,23,9,248,64,LOW
2026-06-19,F04,Factory,P005,248,24,0,272,64,LOW
2026-06-20,F04,Factory,P005,272,5,7,270,64,LOW
2026-06-21,F04,Factory,P005,270,12,6,276,64,LOW
2026-06-22,F04,Factory,P005,276,17,21,272,64,LOW
2026-06-23,F04,Factory,P005,272,15,12,275,64,LOW
2026-06-24,F04,Factory,P005,275,2,7,270,64,LOW
2026-06-25,F04,Factory,P005,270,26,21,275,64,LOW
2026-06-26,F04,Factory,P005,275,3,0,278,64,LOW
2026-06-27,F04,Factory,P005,278,28,4,302,64,LOW
2026-06-28,F04,Factory,P005,302,21,24,299,64,LOW
2026-06-29,F04,Factory,P005,299,29,15,313,64,LOW
2026-06-30,F04,Factory,P005,313,14,23,304,64,LOW
2026-06-01,F04,Factory,P006,243,20,20,243,53,LOW
2026-06-02,F04,Factory,P006,243,15,22,236,53,LOW
2026-06-03,F04,Factory,P006,236,22,1,257,53,LOW
2026-06-04,F04,Factory,P006,257,9,19,247,53,LOW
2026-06-05,F04,Factory,P006,247,3,17,233,53,LOW
2026-06-06,F04,Factory,P006,233,9,4,238,53,LOW
2026-06-07,F04,Factory,P006,238,15,21,232,53,LOW
2026-06-08,F04,Factory,P006,232,26,9,249,53,LOW
2026-06-09,F04,Factory,P006,249,0,21,228,53,LOW
2026-06-10,F04,Factory,P006,228,25,13,240,53,LOW
2026-06-11,F04,Factory,P006,240,18,12,246,53,LOW
2026-06-12,F04,Factory,P006,246,0,3,243,53,LOW
2026-06-13,F04,Factory,P006,243,4,21,226,53,LOW
2026-06-14,F04,Factory,P006,226,1,12,215,53,LOW
2026-06-15,F04,Factory,P006,215,9,0,224,53,LOW
2026-06-16,F04,Factory,P006,224,25,0,249,53,LOW
2026-06-17,F04,Factory,P006,249,26,18,257,53,LOW
2026-06-18,F04,Factory,P006,257,25,4,278,53,LOW
2026-06-19,F04,Factory,P006,278,29,16,291,53,LOW
2026-06-20,F04,Factory,P006,291,14,19,286,53,LOW
2026-06-21,F04,Factory,P006,286,11,7,290,53,LOW
2026-06-22,F04,Factory,P006,290,10,16,284,53,LOW
2026-06-23,F04,Factory,P006,284,21,6,299,53,LOW
2026-06-24,F04,Factory,P006,299,9,27,281,53,LOW
2026-06-25,F04,Factory,P006,281,18,24,275,53,LOW
2026-06-26,F04,Factory,P006,275,11,7,279,53,LOW
2026-06-27,F04,Factory,P006,279,9,14,274,53,LOW
2026-06-28,F04,Factory,P006,274,26,13,287,53,LOW
2026-06-29,F04,Factory,P006,287,10,26,271,53,LOW
2026-06-30,F04,Factory,P006,271,18,10,279,53,LOW
2026-06-01,F04,Factory,P007,142,0,7,135,31,LOW
2026-06-02,F04,Factory,P007,135,9,12,132,31,LOW
2026-06-03,F04,Factory,P007,132,3,2,133,31,LOW
2026-06-04,F04,Factory,P007,133,15,7,141,31,LOW
2026-06-05,F04,Factory,P007,141,0,1,140,31,LOW
2026-06-06,F04,Factory,P007,140,8,8,140,31,LOW
2026-06-07,F04,Factory,P007,140,4,5,139,31,LOW
2026-06-08,F04,Factory,P007,139,12,12,139,31,LOW
2026-06-09,F04,Factory,P007,139,8,5,142,31,LOW
2026-06-10,F04,Factory,P007,142,6,1,147,31,LOW
2026-06-11,F04,Factory,P007,147,0,11,136,31,LOW
2026-06-12,F04,Factory,P007,136,0,10,126,31,LOW
2026-06-13,F04,Factory,P007,126,3,8,121,31,LOW
2026-06-14,F04,Factory,P007,121,14,8,127,31,LOW
2026-06-15,F04,Factory,P007,127,10,3,134,31,LOW
2026-06-16,F04,Factory,P007,134,9,8,135,31,LOW
2026-06-17,F04,Factory,P007,135,6,0,141,31,LOW
2026-06-18,F04,Factory,P007,141,15,2,154,31,LOW
2026-06-19,F04,Factory,P007,154,18,13,159,31,LOW
2026-06-20,F04,Factory,P007,159,0,11,148,31,LOW
2026-06-21,F04,Factory,P007,148,11,3,156,31,LOW
2026-06-22,F04,Factory,P007,156,15,1,170,31,LOW
2026-06-23,F04,Factory,P007,170,5,16,159,31,LOW
2026-06-24,F04,Factory,P007,159,14,1,172,31,LOW
2026-06-25,F04,Factory,P007,172,3,4,171,31,LOW
2026-06-26,F04,Factory,P007,171,1,3,169,31,LOW
2026-06-27,F04,Factory,P007,169,12,0,181,31,LOW
2026-06-28,F04,Factory,P007,181,6,5,182,31,LOW
2026-06-29,F04,Factory,P007,182,21,17,186,31,LOW
2026-06-30,F04,Factory,P007,186,19,6,199,31,LOW
2026-06-01,F04,Factory,P008,288,18,14,292,63,LOW
2026-06-02,F04,Factory,P008,292,30,21,301,63,LOW
2026-06-03,F04,Factory,P008,301,33,16,318,63,LOW
2026-06-04,F04,Factory,P008,318,35,23,330,63,LOW
2026-06-05,F04,Factory,P008,330,30,21,339,63,LOW
2026-06-06,F04,Factory,P008,339,14,20,333,63,LOW
2026-06-07,F04,Factory,P008,333,14,21,326,63,LOW
2026-06-08,F04,Factory,P008,326,10,25,311,63,LOW
2026-06-09,F04,Factory,P008,311,21,22,310,63,LOW
2026-06-10,F04,Factory,P008,310,8,24,294,63,LOW
2026-06-11,F04,Factory,P008,294,28,4,318,63,LOW
2026-06-12,F04,Factory,P008,318,13,21,310,63,LOW
2026-06-13,F04,Factory,P008,310,33,22,321,63,LOW
2026-06-14,F04,Factory,P008,321,18,9,330,63,LOW
2026-06-15,F04,Factory,P008,330,37,28,339,63,LOW
2026-06-16,F04,Factory,P008,339,37,10,366,63,LOW
2026-06-17,F04,Factory,P008,366,19,8,377,63,LOW
2026-06-18,F04,Factory,P008,377,44,32,389,63,LOW
2026-06-19,F04,Factory,P008,389,8,9,388,63,LOW
2026-06-20,F04,Factory,P008,388,26,15,399,63,LOW
2026-06-21,F04,Factory,P008,399,22,14,407,63,LOW
2026-06-22,F04,Factory,P008,407,33,35,405,63,LOW
2026-06-23,F04,Factory,P008,405,45,18,432,63,LOW
2026-06-24,F04,Factory,P008,432,44,29,447,63,LOW
2026-06-25,F04,Factory,P008,447,10,34,423,63,LOW
2026-06-26,F04,Factory,P008,423,18,26,415,63,LOW
2026-06-27,F04,Factory,P008,415,36,38,413,63,LOW
2026-06-28,F04,Factory,P008,413,48,32,429,63,LOW
2026-06-29,F04,Factory,P008,429,26,16,439,63,LOW
2026-06-30,F04,Factory,P008,439,23,40,422,63,LOW
2026-06-01,F04,Factory,P009,138,3,6,135,30,LOW
2026-06-02,F04,Factory,P009,135,10,0,145,30,LOW
2026-06-03,F04,Factory,P009,145,11,3,153,30,LOW
2026-06-04,F04,Factory,P009,153,5,9,149,30,LOW
2026-06-05,F04,Factory,P009,149,0,2,147,30,LOW
2026-06-06,F04,Factory,P009,147,8,8,147,30,LOW
2026-06-07,F04,Factory,P009,147,1,5,143,30,LOW
2026-06-08,F04,Factory,P009,143,5,7,141,30,LOW
2026-06-09,F04,Factory,P009,141,5,0,146,30,LOW
2026-06-10,F04,Factory,P009,146,9,11,144,30,LOW
2026-06-11,F04,Factory,P009,144,10,5,149,30,LOW
2026-06-12,F04,Factory,P009,149,8,1,156,30,LOW
2026-06-13,F04,Factory,P009,156,4,6,154,30,LOW
2026-06-14,F04,Factory,P009,154,11,7,158,30,LOW
2026-06-15,F04,Factory,P009,158,18,9,167,30,LOW
2026-06-16,F04,Factory,P009,167,0,8,159,30,LOW
2026-06-17,F04,Factory,P009,159,11,0,170,30,LOW
2026-06-18,F04,Factory,P009,170,8,14,164,30,LOW
2026-06-19,F04,Factory,P009,164,7,7,164,30,LOW
2026-06-20,F04,Factory,P009,164,4,1,167,30,LOW
2026-06-21,F04,Factory,P009,167,6,12,161,30,LOW
2026-06-22,F04,Factory,P009,161,19,10,170,30,LOW
2026-06-23,F04,Factory,P009,170,17,11,176,30,LOW
2026-06-24,F04,Factory,P009,176,14,7,183,30,LOW
2026-06-25,F04,Factory,P009,183,1,7,177,30,LOW
2026-06-26,F04,Factory,P009,177,19,9,187,30,LOW
2026-06-27,F04,Factory,P009,187,17,0,204,30,LOW
2026-06-28,F04,Factory,P009,204,5,5,204,30,LOW
2026-06-29,F04,Factory,P009,204,8,19,193,30,LOW
2026-06-30,F04,Factory,P009,193,11,12,192,30,LOW
2026-06-01,F04,Factory,P010,93,7,3,97,20,LOW
2026-06-02,F04,Factory,P010,97,11,2,106,20,LOW
2026-06-03,F04,Factory,P010,106,0,7,99,20,LOW
2026-06-04,F04,Factory,P010,99,7,2,104,20,LOW
2026-06-05,F04,Factory,P010,104,11,1,114,20,LOW
2026-06-06,F04,Factory,P010,114,3,1,116,20,LOW
2026-06-07,F04,Factory,P010,116,2,8,110,20,LOW
2026-06-08,F04,Factory,P010,110,9,7,112,20,LOW
2026-06-09,F04,Factory,P010,112,12,0,124,20,LOW
2026-06-10,F04,Factory,P010,124,9,1,132,20,LOW
2026-06-11,F04,Factory,P010,132,15,8,139,20,LOW
2026-06-12,F04,Factory,P010,139,12,7,144,20,LOW
2026-06-13,F04,Factory,P010,144,6,9,141,20,LOW
2026-06-14,F04,Factory,P010,141,14,2,153,20,LOW
2026-06-15,F04,Factory,P010,153,16,10,159,20,LOW
2026-06-16,F04,Factory,P010,159,1,14,146,20,LOW
2026-06-17,F04,Factory,P010,146,3,8,141,20,LOW
2026-06-18,F04,Factory,P010,141,2,2,141,20,LOW
2026-06-19,F04,Factory,P010,141,10,9,142,20,LOW
2026-06-20,F04,Factory,P010,142,11,4,149,20,LOW
2026-06-21,F04,Factory,P010,149,14,0,163,20,LOW
2026-06-22,F04,Factory,P010,163,17,4,176,20,LOW
2026-06-23,F04,Factory,P010,176,13,15,174,20,LOW
2026-06-24,F04,Factory,P010,174,5,6,173,20,LOW
2026-06-25,F04,Factory,P010,173,17,14,176,20,LOW
2026-06-26,F04,Factory,P010,176,5,8,173,20,LOW
2026-06-27,F04,Factory,P010,173,6,8,171,20,LOW
2026-06-28,F04,Factory,P010,171,7,0,178,20,LOW
2026-06-29,F04,Factory,P010,178,20,10,188,20,LOW
2026-06-30,F04,Factory,P010,188,10,1,197,20,LOW
2026-06-01,F04,Factory,P011,428,3,20,411,94,LOW
2026-06-02,F04,Factory,P011,411,33,10,434,94,LOW
2026-06-03,F04,Factory,P011,434,40,16,458,94,LOW
2026-06-04,F04,Factory,P011,458,0,24,434,94,LOW
2026-06-05,F04,Factory,P011,434,9,0,443,94,LOW
2026-06-06,F04,Factory,P011,443,7,12,438,94,LOW
2026-06-07,F04,Factory,P011,438,27,42,423,94,LOW
2026-06-08,F04,Factory,P011,423,11,2,432,94,LOW
2026-06-09,F04,Factory,P011,432,10,13,429,94,LOW
2026-06-10,F04,Factory,P011,429,10,13,426,94,LOW
2026-06-11,F04,Factory,P011,426,51,15,462,94,LOW
2026-06-12,F04,Factory,P011,462,36,31,467,94,LOW
2026-06-13,F04,Factory,P011,467,7,11,463,94,LOW
2026-06-14,F04,Factory,P011,463,23,21,465,94,LOW
2026-06-15,F04,Factory,P011,465,0,29,436,94,LOW
2026-06-16,F04,Factory,P011,436,16,13,439,94,LOW
2026-06-17,F04,Factory,P011,439,32,40,431,94,LOW
2026-06-18,F04,Factory,P011,431,45,42,434,94,LOW
2026-06-19,F04,Factory,P011,434,22,5,451,94,LOW
2026-06-20,F04,Factory,P011,451,12,15,448,94,LOW
2026-06-21,F04,Factory,P011,448,16,9,455,94,LOW
2026-06-22,F04,Factory,P011,455,8,8,455,94,LOW
2026-06-23,F04,Factory,P011,455,36,22,469,94,LOW
2026-06-24,F04,Factory,P011,469,2,25,446,94,LOW
2026-06-25,F04,Factory,P011,446,46,18,474,94,LOW
2026-06-26,F04,Factory,P011,474,18,12,480,94,LOW
2026-06-27,F04,Factory,P011,480,22,13,489,94,LOW
2026-06-28,F04,Factory,P011,489,56,47,498,94,LOW
2026-06-29,F04,Factory,P011,498,21,45,474,94,LOW
2026-06-30,F04,Factory,P011,474,50,3,521,94,LOW
2026-06-01,F04,Factory,P012,435,26,28,433,95,LOW
2026-06-02,F04,Factory,P012,433,22,19,436,95,LOW
2026-06-03,F04,Factory,P012,436,26,29,433,95,LOW
2026-06-04,F04,Factory,P012,433,15,25,423,95,LOW
2026-06-05,F04,Factory,P012,423,12,37,398,95,LOW
2026-06-06,F04,Factory,P012,398,4,2,400,95,LOW
2026-06-07,F04,Factory,P012,400,1,13,388,95,LOW
2026-06-08,F04,Factory,P012,388,29,37,380,95,LOW
2026-06-09,F04,Factory,P012,380,21,6,395,95,LOW
2026-06-10,F04,Factory,P012,395,18,4,409,95,LOW
2026-06-11,F04,Factory,P012,409,24,29,404,95,LOW
2026-06-12,F04,Factory,P012,404,1,31,374,95,LOW
2026-06-13,F04,Factory,P012,374,10,24,360,95,LOW
2026-06-14,F04,Factory,P012,360,36,27,369,95,LOW
2026-06-15,F04,Factory,P012,369,30,24,375,95,LOW
2026-06-16,F04,Factory,P012,375,8,5,378,95,LOW
2026-06-17,F04,Factory,P012,378,17,22,373,95,LOW
2026-06-18,F04,Factory,P012,373,28,28,373,95,LOW
2026-06-19,F04,Factory,P012,373,14,32,355,95,LOW
2026-06-20,F04,Factory,P012,355,19,8,366,95,LOW
2026-06-21,F04,Factory,P012,366,33,4,395,95,LOW
2026-06-22,F04,Factory,P012,395,19,30,384,95,LOW
2026-06-23,F04,Factory,P012,384,37,9,412,95,LOW
2026-06-24,F04,Factory,P012,412,8,1,419,95,LOW
2026-06-25,F04,Factory,P012,419,4,33,390,95,LOW
2026-06-26,F04,Factory,P012,390,37,19,408,95,LOW
2026-06-27,F04,Factory,P012,408,29,13,424,95,LOW
2026-06-28,F04,Factory,P012,424,10,0,434,95,LOW
2026-06-29,F04,Factory,P012,434,36,1,469,95,LOW
2026-06-30,F04,Factory,P012,469,6,36,439,95,LOW
2026-06-01,F04,Factory,P013,209,15,9,215,45,LOW
2026-06-02,F04,Factory,P013,215,5,3,217,45,LOW
2026-06-03,F04,Factory,P013,217,12,7,222,45,LOW
2026-06-04,F04,Factory,P013,222,14,3,233,45,LOW
2026-06-05,F04,Factory,P013,233,6,2,237,45,LOW
2026-06-06,F04,Factory,P013,237,12,6,243,45,LOW
2026-06-07,F04,Factory,P013,243,6,13,236,45,LOW
2026-06-08,F04,Factory,P013,236,14,4,246,45,LOW
2026-06-09,F04,Factory,P013,246,20,8,258,45,LOW
2026-06-10,F04,Factory,P013,258,10,11,257,45,LOW
2026-06-11,F04,Factory,P013,257,4,10,251,45,LOW
2026-06-12,F04,Factory,P013,251,18,3,266,45,LOW
2026-06-13,F04,Factory,P013,266,18,1,283,45,LOW
2026-06-14,F04,Factory,P013,283,21,0,304,45,LOW
2026-06-15,F04,Factory,P013,304,6,10,300,45,LOW
2026-06-16,F04,Factory,P013,300,22,21,301,45,LOW
2026-06-17,F04,Factory,P013,301,17,3,315,45,LOW
2026-06-18,F04,Factory,P013,315,15,24,306,45,LOW
2026-06-19,F04,Factory,P013,306,3,21,288,45,LOW
2026-06-20,F04,Factory,P013,288,13,0,301,45,LOW
2026-06-21,F04,Factory,P013,301,25,0,326,45,LOW
2026-06-22,F04,Factory,P013,326,14,6,334,45,LOW
2026-06-23,F04,Factory,P013,334,23,1,356,45,LOW
2026-06-24,F04,Factory,P013,356,4,18,342,45,LOW
2026-06-25,F04,Factory,P013,342,41,1,382,45,LOW
2026-06-26,F04,Factory,P013,382,21,30,373,45,LOW
2026-06-27,F04,Factory,P013,373,13,18,368,45,LOW
2026-06-28,F04,Factory,P013,368,38,26,380,45,LOW
2026-06-29,F04,Factory,P013,380,13,28,365,45,LOW
2026-06-30,F04,Factory,P013,365,30,18,377,45,LOW
2026-06-01,F04,Factory,P014,308,16,27,297,67,LOW
2026-06-02,F04,Factory,P014,297,32,28,301,67,LOW
2026-06-03,F04,Factory,P014,301,24,10,315,67,LOW
2026-06-04,F04,Factory,P014,315,4,3,316,67,LOW
2026-06-05,F04,Factory,P014,316,37,11,342,67,LOW
2026-06-06,F04,Factory,P014,342,4,7,339,67,LOW
2026-06-07,F04,Factory,P014,339,0,17,322,67,LOW
2026-06-08,F04,Factory,P014,322,23,12,333,67,LOW
2026-06-09,F04,Factory,P014,333,30,15,348,67,LOW
2026-06-10,F04,Factory,P014,348,41,25,364,67,LOW
2026-06-11,F04,Factory,P014,364,3,9,358,67,LOW
2026-06-12,F04,Factory,P014,358,33,18,373,67,LOW
2026-06-13,F04,Factory,P014,373,34,12,395,67,LOW
2026-06-14,F04,Factory,P014,395,1,30,366,67,LOW
2026-06-15,F04,Factory,P014,366,35,23,378,67,LOW
2026-06-16,F04,Factory,P014,378,19,0,397,67,LOW
2026-06-17,F04,Factory,P014,397,35,25,407,67,LOW
2026-06-18,F04,Factory,P014,407,33,6,434,67,LOW
2026-06-19,F04,Factory,P014,434,39,31,442,67,LOW
2026-06-20,F04,Factory,P014,442,47,24,465,67,LOW
2026-06-21,F04,Factory,P014,465,42,18,489,67,LOW
2026-06-22,F04,Factory,P014,489,42,33,498,67,LOW
2026-06-23,F04,Factory,P014,498,48,41,505,67,LOW
2026-06-24,F04,Factory,P014,505,0,38,467,67,LOW
2026-06-25,F04,Factory,P014,467,45,25,487,67,LOW
2026-06-26,F04,Factory,P014,487,31,34,484,67,LOW
2026-06-27,F04,Factory,P014,484,27,19,492,67,LOW
2026-06-28,F04,Factory,P014,492,49,38,503,67,LOW
2026-06-29,F04,Factory,P014,503,12,41,474,67,LOW
2026-06-30,F04,Factory,P014,474,19,6,487,67,LOW
2026-06-01,F04,Factory,P015,160,17,3,174,35,LOW
2026-06-02,F04,Factory,P015,174,4,4,174,35,LOW
2026-06-03,F04,Factory,P015,174,10,2,182,35,LOW
2026-06-04,F04,Factory,P015,182,3,7,178,35,LOW
2026-06-05,F04,Factory,P015,178,4,3,179,35,LOW
2026-06-06,F04,Factory,P015,179,20,10,189,35,LOW
2026-06-07,F04,Factory,P015,189,0,1,188,35,LOW
2026-06-08,F04,Factory,P015,188,18,4,202,35,LOW
2026-06-09,F04,Factory,P015,202,3,13,192,35,LOW
2026-06-10,F04,Factory,P015,192,20,7,205,35,LOW
2026-06-11,F04,Factory,P015,205,18,8,215,35,LOW
2026-06-12,F04,Factory,P015,215,2,16,201,35,LOW
2026-06-13,F04,Factory,P015,201,22,19,204,35,LOW
2026-06-14,F04,Factory,P015,204,2,11,195,35,LOW
2026-06-15,F04,Factory,P015,195,14,1,208,35,LOW
2026-06-16,F04,Factory,P015,208,24,2,230,35,LOW
2026-06-17,F04,Factory,P015,230,7,22,215,35,LOW
2026-06-18,F04,Factory,P015,215,14,14,215,35,LOW
2026-06-19,F04,Factory,P015,215,12,15,212,35,LOW
2026-06-20,F04,Factory,P015,212,2,14,200,35,LOW
2026-06-21,F04,Factory,P015,200,1,3,198,35,LOW
2026-06-22,F04,Factory,P015,198,12,8,202,35,LOW
2026-06-23,F04,Factory,P015,202,3,15,190,35,LOW
2026-06-24,F04,Factory,P015,190,6,16,180,35,LOW
2026-06-25,F04,Factory,P015,180,0,4,176,35,LOW
2026-06-26,F04,Factory,P015,176,6,10,172,35,LOW
2026-06-27,F04,Factory,P015,172,8,2,178,35,LOW
2026-06-28,F04,Factory,P015,178,12,16,174,35,LOW
2026-06-29,F04,Factory,P015,174,2,4,172,35,LOW
2026-06-30,F04,Factory,P015,172,10,12,170,35,LOW
