Date,Node_ID,Node_Type,Product_ID,Opening_Inventory,Incoming_Quantity,Outgoing_Quantity,Closing_Inventory,Safety_Stock,Inventory_Risk,Days_of_Cover,Cover_vs_Safety
2026-06-01,W01,Warehouse,P001,701,33,101,633,154,HIGH,6.27,4.11
2026-06-02,W01,Warehouse,P001,682,64,120,626,154,HIGH,5.22,4.065
2026-06-03,W01,Warehouse,P001,700,16,13,703,154,LOW,54.08,4.565
2026-06-04,W01,Warehouse,P001,713,30,18,725,154,LOW,40.28,4.708
2026-06-05,W01,Warehouse,P001,734,26,124,636,154,HIGH,5.13,4.13
2026-06-06,W01,Warehouse,P001,714,52,38,728,154,MEDIUM,19.16,4.727
2026-06-07,W01,Warehouse,P001,752,1,46,707,154,MEDIUM,15.37,4.591
2026-06-08,W01,Warehouse,P001,737,41,202,576,154,CRITICAL,2.85,3.74
2026-06-09,W01,Warehouse,P001,722,32,50,704,154,MEDIUM,14.08,4.571
2026-06-10,W01,Warehouse,P001,734,50,15,769,154,LOW,51.27,4.994
2026-06-11,W01,Warehouse,P001,779,21,7,793,154,LOW,113.29,5.149
2026-06-12,W01,Warehouse,P001,798,52,95,755,154,HIGH,7.95,4.903
2026-06-13,W01,Warehouse,P001,815,58,209,664,154,CRITICAL,3.18,4.312
2026-06-14,W01,Warehouse,P001,824,40,309,555,154,CRITICAL,1.8,3.604
2026-06-15,W01,Warehouse,P001,793,90,18,865,154,LOW,48.06,5.617
2026-06-16,W01,Warehouse,P001,875,100,47,928,154,MEDIUM,19.74,6.026
2026-06-17,W01,Warehouse,P001,958,29,121,866,154,HIGH,7.16,5.623
2026-06-18,W01,Warehouse,P001,937,3,78,862,154,HIGH,11.05,5.597
2026-06-19,W01,Warehouse,P001,907,21,134,794,154,HIGH,5.93,5.156
2026-06-20,W01,Warehouse,P001,885,89,268,706,154,CRITICAL,2.63,4.584
2026-06-21,W01,Warehouse,P001,893,23,142,774,154,HIGH,5.45,5.026
2026-06-22,W01,Warehouse,P001,868,51,90,829,154,HIGH,9.21,5.383
2026-06-23,W01,Warehouse,P001,884,69,226,727,154,CRITICAL,3.22,4.721
2026-06-24,W01,Warehouse,P001,866,43,22,887,154,LOW,40.32,5.76
2026-06-25,W01,Warehouse,P001,904,103,349,658,154,CRITICAL,1.89,4.273
2026-06-26,W01,Warehouse,P001,924,37,96,865,154,HIGH,9.01,5.617
2026-06-27,W01,Warehouse,P001,915,98,159,854,154,HIGH,5.37,5.545
2026-06-28,W01,Warehouse,P001,968,58,268,758,154,CRITICAL,2.83,4.922
2026-06-29,W01,Warehouse,P001,938,96,170,864,154,HIGH,5.08,5.61
2026-06-30,W01,Warehouse,P001,987,19,142,864,154,HIGH,6.08,5.61
2026-06-01,W01,Warehouse,P002,420,35,11,444,92,LOW,40.36,4.826
2026-06-02,W01,Warehouse,P002,444,29,28,445,92,MEDIUM,15.89,4.837
2026-06-03,W01,Warehouse,P002,445,4,25,424,92,MEDIUM,16.96,4.609
2026-06-04,W01,Warehouse,P002,424,39,9,454,92,LOW,50.44,4.935
2026-06-05,W01,Warehouse,P002,454,30,31,453,92,MEDIUM,14.61,4.924
2026-06-06,W01,Warehouse,P002,453,2,28,427,92,MEDIUM,15.25,4.641
2026-06-07,W01,Warehouse,P002,427,13,16,424,92,LOW,26.5,4.609
2026-06-08,W01,Warehouse,P002,424,34,0,458,92,LOW,999.0,4.978
2026-06-09,W01,Warehouse,P002,458,0,20,438,92,MEDIUM,21.9,4.761
2026-06-10,W01,Warehouse,P002,438,51,0,489,92,LOW,999.0,5.315
2026-06-11,W01,Warehouse,P002,489,48,3,534,92,LOW,178.0,5.804
2026-06-12,W01,Warehouse,P002,534,32,22,544,92,MEDIUM,24.73,5.913
2026-06-13,W01,Warehouse,P002,544,31,4,571,92,LOW,142.75,6.207
2026-06-14,W01,Warehouse,P002,571,53,15,609,92,LOW,40.6,6.62
2026-06-15,W01,Warehouse,P002,609,58,39,628,92,MEDIUM,16.1,6.826
2026-06-16,W01,Warehouse,P002,628,43,19,652,92,LOW,34.32,7.087
2026-06-17,W01,Warehouse,P002,652,52,64,640,92,HIGH,10.0,6.957
2026-06-18,W01,Warehouse,P002,640,73,58,655,92,HIGH,11.29,7.12
2026-06-19,W01,Warehouse,P002,655,17,38,634,92,MEDIUM,16.68,6.891
2026-06-20,W01,Warehouse,P002,634,31,60,605,92,HIGH,10.08,6.576
2026-06-21,W01,Warehouse,P002,605,71,52,624,92,MEDIUM,12.0,6.783
2026-06-22,W01,Warehouse,P002,624,12,19,617,92,LOW,32.47,6.707
2026-06-23,W01,Warehouse,P002,617,54,45,626,92,MEDIUM,13.91,6.804
2026-06-24,W01,Warehouse,P002,626,27,8,645,92,LOW,80.62,7.011
2026-06-25,W01,Warehouse,P002,645,10,43,612,92,MEDIUM,14.23,6.652
2026-06-26,W01,Warehouse,P002,612,34,29,617,92,MEDIUM,21.28,6.707
2026-06-27,W01,Warehouse,P002,617,62,1,678,92,LOW,678.0,7.37
2026-06-28,W01,Warehouse,P002,678,63,18,723,92,LOW,40.17,7.859
2026-06-29,W01,Warehouse,P002,723,83,68,738,92,HIGH,10.85,8.022
2026-06-30,W01,Warehouse,P002,738,46,23,761,92,LOW,33.09,8.272
2026-06-01,W01,Warehouse,P003,205,5,3,207,45,LOW,69.0,4.6
2026-06-02,W01,Warehouse,P003,207,24,3,228,45,LOW,76.0,5.067
2026-06-03,W01,Warehouse,P003,228,12,10,230,45,MEDIUM,23.0,5.111
2026-06-04,W01,Warehouse,P003,230,19,19,230,45,MEDIUM,12.11,5.111
2026-06-05,W01,Warehouse,P003,230,15,17,228,45,MEDIUM,13.41,5.067
2026-06-06,W01,Warehouse,P003,228,15,9,234,45,LOW,26.0,5.2
2026-06-07,W01,Warehouse,P003,234,4,4,234,45,LOW,58.5,5.2
2026-06-08,W01,Warehouse,P003,234,12,1,245,45,LOW,245.0,5.444
2026-06-09,W01,Warehouse,P003,245,9,11,243,45,MEDIUM,22.09,5.4
2026-06-10,W01,Warehouse,P003,243,14,19,238,45,MEDIUM,12.53,5.289
2026-06-11,W01,Warehouse,P003,238,28,16,250,45,MEDIUM,15.62,5.556
2026-06-12,W01,Warehouse,P003,250,2,10,242,45,MEDIUM,24.2,5.378
2026-06-13,W01,Warehouse,P003,242,21,14,249,45,MEDIUM,17.79,5.533
2026-06-14,W01,Warehouse,P003,249,14,10,253,45,LOW,25.3,5.622
2026-06-15,W01,Warehouse,P003,253,12,14,251,45,MEDIUM,17.93,5.578
2026-06-16,W01,Warehouse,P003,251,5,12,244,45,MEDIUM,20.33,5.422
2026-06-17,W01,Warehouse,P003,244,6,16,234,45,MEDIUM,14.62,5.2
2026-06-18,W01,Warehouse,P003,234,25,11,248,45,MEDIUM,22.55,5.511
2026-06-19,W01,Warehouse,P003,248,12,22,238,45,HIGH,10.82,5.289
2026-06-20,W01,Warehouse,P003,238,19,9,248,45,LOW,27.56,5.511
2026-06-21,W01,Warehouse,P003,248,0,0,248,45,LOW,999.0,5.511
2026-06-22,W01,Warehouse,P003,248,6,5,249,45,LOW,49.8,5.533
2026-06-23,W01,Warehouse,P003,249,22,12,259,45,MEDIUM,21.58,5.756
2026-06-24,W01,Warehouse,P003,259,31,13,277,45,MEDIUM,21.31,6.156
2026-06-25,W01,Warehouse,P003,277,30,14,293,45,MEDIUM,20.93,6.511
2026-06-26,W01,Warehouse,P003,293,12,20,285,45,MEDIUM,14.25,6.333
2026-06-27,W01,Warehouse,P003,285,15,7,293,45,LOW,41.86,6.511
2026-06-28,W01,Warehouse,P003,293,17,19,291,45,MEDIUM,15.32,6.467
2026-06-29,W01,Warehouse,P003,291,13,20,284,45,MEDIUM,14.2,6.311
2026-06-30,W01,Warehouse,P003,284,34,11,307,45,LOW,27.91,6.822
2026-06-01,W01,Warehouse,P004,152,5,6,151,33,LOW,25.17,4.576
2026-06-02,W01,Warehouse,P004,151,15,2,164,33,LOW,82.0,4.97
2026-06-03,W01,Warehouse,P004,164,19,6,177,33,LOW,29.5,5.364
2026-06-04,W01,Warehouse,P004,177,18,13,182,33,MEDIUM,14.0,5.515
2026-06-05,W01,Warehouse,P004,182,17,16,183,33,HIGH,11.44,5.545
2026-06-06,W01,Warehouse,P004,183,4,10,177,33,MEDIUM,17.7,5.364
2026-06-07,W01,Warehouse,P004,177,2,5,174,33,LOW,34.8,5.273
2026-06-08,W01,Warehouse,P004,174,0,11,163,33,MEDIUM,14.82,4.939
2026-06-09,W01,Warehouse,P004,163,12,11,164,33,MEDIUM,14.91,4.97
2026-06-10,W01,Warehouse,P004,164,3,5,162,33,LOW,32.4,4.909
2026-06-11,W01,Warehouse,P004,162,13,13,162,33,MEDIUM,12.46,4.909
2026-06-12,W01,Warehouse,P004,162,17,1,178,33,LOW,178.0,5.394
2026-06-13,W01,Warehouse,P004,178,8,0,186,33,LOW,999.0,5.636
2026-06-14,W01,Warehouse,P004,186,18,2,202,33,LOW,101.0,6.121
2026-06-15,W01,Warehouse,P004,202,20,3,219,33,LOW,73.0,6.636
2026-06-16,W01,Warehouse,P004,219,0,18,201,33,HIGH,11.17,6.091
2026-06-17,W01,Warehouse,P004,201,10,8,203,33,LOW,25.38,6.152
2026-06-18,W01,Warehouse,P004,203,16,5,214,33,LOW,42.8,6.485
2026-06-19,W01,Warehouse,P004,214,17,9,222,33,MEDIUM,24.67,6.727
2026-06-20,W01,Warehouse,P004,222,7,8,221,33,LOW,27.62,6.697
2026-06-21,W01,Warehouse,P004,221,0,6,215,33,LOW,35.83,6.515
2026-06-22,W01,Warehouse,P004,215,15,2,228,33,LOW,114.0,6.909
2026-06-23,W01,Warehouse,P004,228,3,14,217,33,MEDIUM,15.5,6.576
2026-06-24,W01,Warehouse,P004,217,11,2,226,33,LOW,113.0,6.848
2026-06-25,W01,Warehouse,P004,226,20,17,229,33,MEDIUM,13.47,6.939
2026-06-26,W01,Warehouse,P004,229,0,4,225,33,LOW,56.25,6.818
2026-06-27,W01,Warehouse,P004,225,10,16,219,33,MEDIUM,13.69,6.636
2026-06-28,W01,Warehouse,P004,219,1,16,204,33,MEDIUM,12.75,6.182
2026-06-29,W01,Warehouse,P004,204,7,2,209,33,LOW,104.5,6.333
2026-06-30,W01,Warehouse,P004,209,22,1,230,33,LOW,230.0,6.97
2026-06-01,W01,Warehouse,P005,301,4,115,190,66,CRITICAL,1.65,2.879
2026-06-02,W01,Warehouse,P005,277,17,25,269,66,HIGH,10.76,4.076
2026-06-03,W01,Warehouse,P005,282,24,47,259,66,HIGH,5.51,3.924
2026-06-04,W01,Warehouse,P005,289,22,0,311,66,LOW,999.0,4.712
2026-06-05,W01,Warehouse,P005,311,20,19,312,66,MEDIUM,16.42,4.727
2026-06-06,W01,Warehouse,P005,323,32,35,320,66,HIGH,9.14,4.848
2026-06-07,W01,Warehouse,P005,339,5,108,236,66,CRITICAL,2.19,3.576
2026-06-08,W01,Warehouse,P005,315,11,31,295,66,HIGH,9.52,4.47
2026-06-09,W01,Warehouse,P005,318,36,86,268,66,CRITICAL,3.12,4.061
2026-06-10,W01,Warehouse,P005,330,35,81,284,66,CRITICAL,3.51,4.303
2026-06-11,W01,Warehouse,P005,344,39,11,372,66,LOW,33.82,5.636
2026-06-12,W01,Warehouse,P005,380,28,25,383,66,MEDIUM,15.32,5.803
2026-06-13,W01,Warehouse,P005,397,19,31,385,66,MEDIUM,12.42,5.833
2026-06-14,W01,Warehouse,P005,407,10,65,352,66,HIGH,5.42,5.333
2026-06-15,W01,Warehouse,P005,400,45,102,343,66,CRITICAL,3.36,5.197
2026-06-16,W01,Warehouse,P005,420,18,45,393,66,HIGH,8.73,5.955
2026-06-17,W01,Warehouse,P005,420,27,22,425,66,MEDIUM,19.32,6.439
2026-06-18,W01,Warehouse,P005,437,28,112,353,66,CRITICAL,3.15,5.348
2026-06-19,W01,Warehouse,P005,436,13,64,385,66,HIGH,6.02,5.833
2026-06-20,W01,Warehouse,P005,424,37,42,419,66,HIGH,9.98,6.348
2026-06-21,W01,Warehouse,P005,440,16,95,361,66,CRITICAL,3.8,5.47
2026-06-22,W01,Warehouse,P005,432,42,28,446,66,MEDIUM,15.93,6.758
2026-06-23,W01,Warehouse,P005,465,33,84,414,66,CRITICAL,4.93,6.273
2026-06-24,W01,Warehouse,P005,467,18,33,452,66,MEDIUM,13.7,6.848
2026-06-25,W01,Warehouse,P005,468,51,32,487,66,MEDIUM,15.22,7.379
2026-06-26,W01,Warehouse,P005,503,37,27,513,66,MEDIUM,19.0,7.773
2026-06-27,W01,Warehouse,P005,533,61,97,497,66,HIGH,5.12,7.53
2026-06-28,W01,Warehouse,P005,563,53,75,541,66,HIGH,7.21,8.197
2026-06-29,W01,Warehouse,P005,583,25,53,555,66,HIGH,10.47,8.409
2026-06-30,W01,Warehouse,P005,589,51,113,527,66,CRITICAL,4.66,7.985
2026-06-01,W01,Warehouse,P006,190,2,16,176,41,HIGH,11.0,4.293
2026-06-02,W01,Warehouse,P006,176,18,1,193,41,LOW,193.0,4.707
2026-06-03,W01,Warehouse,P006,193,2,13,182,41,MEDIUM,14.0,4.439
2026-06-04,W01,Warehouse,P006,182,18,7,193,41,LOW,27.57,4.707
2026-06-05,W01,Warehouse,P006,193,15,18,190,41,HIGH,10.56,4.634
2026-06-06,W01,Warehouse,P006,190,7,4,193,41,LOW,48.25,4.707
2026-06-07,W01,Warehouse,P006,193,23,5,211,41,LOW,42.2,5.146
2026-06-08,W01,Warehouse,P006,211,12,9,214,41,MEDIUM,23.78,5.22
2026-06-09,W01,Warehouse,P006,214,13,5,222,41,LOW,44.4,5.415
2026-06-10,W01,Warehouse,P006,222,18,15,225,41,MEDIUM,15.0,5.488
2026-06-11,W01,Warehouse,P006,225,5,10,220,41,MEDIUM,22.0,5.366
2026-06-12,W01,Warehouse,P006,220,1,4,217,41,LOW,54.25,5.293
2026-06-13,W01,Warehouse,P006,217,26,10,233,41,MEDIUM,23.3,5.683
2026-06-14,W01,Warehouse,P006,233,18,20,231,41,HIGH,11.55,5.634
2026-06-15,W01,Warehouse,P006,231,19,18,232,41,MEDIUM,12.89,5.659
2026-06-16,W01,Warehouse,P006,232,20,11,241,41,MEDIUM,21.91,5.878
2026-06-17,W01,Warehouse,P006,241,18,6,253,41,LOW,42.17,6.171
2026-06-18,W01,Warehouse,P006,253,27,4,276,41,LOW,69.0,6.732
2026-06-19,W01,Warehouse,P006,276,30,23,283,41,MEDIUM,12.3,6.902
2026-06-20,W01,Warehouse,P006,283,4,19,268,41,MEDIUM,14.11,6.537
2026-06-21,W01,Warehouse,P006,268,32,14,286,41,MEDIUM,20.43,6.976
2026-06-22,W01,Warehouse,P006,286,11,24,273,41,HIGH,11.38,6.659
2026-06-23,W01,Warehouse,P006,273,17,3,287,41,LOW,95.67,7.0
2026-06-24,W01,Warehouse,P006,287,8,19,276,41,MEDIUM,14.53,6.732
2026-06-25,W01,Warehouse,P006,276,15,5,286,41,LOW,57.2,6.976
2026-06-26,W01,Warehouse,P006,286,27,3,310,41,LOW,103.33,7.561
2026-06-27,W01,Warehouse,P006,310,8,14,304,41,MEDIUM,21.71,7.415
2026-06-28,W01,Warehouse,P006,304,1,11,294,41,LOW,26.73,7.171
2026-06-29,W01,Warehouse,P006,294,32,27,299,41,HIGH,11.07,7.293
2026-06-30,W01,Warehouse,P006,299,32,9,322,41,LOW,35.78,7.854
2026-06-01,W01,Warehouse,P007,287,2,22,267,63,MEDIUM,12.14,4.238
2026-06-02,W01,Warehouse,P007,267,12,19,260,63,MEDIUM,13.68,4.127
2026-06-03,W01,Warehouse,P007,260,3,17,246,63,MEDIUM,14.47,3.905
2026-06-04,W01,Warehouse,P007,246,17,22,241,63,HIGH,10.95,3.825
2026-06-05,W01,Warehouse,P007,241,3,9,235,63,LOW,26.11,3.73
2026-06-06,W01,Warehouse,P007,235,28,8,255,63,LOW,31.88,4.048
2026-06-07,W01,Warehouse,P007,255,20,4,271,63,LOW,67.75,4.302
2026-06-08,W01,Warehouse,P007,271,24,7,288,63,LOW,41.14,4.571
2026-06-09,W01,Warehouse,P007,288,20,24,284,63,HIGH,11.83,4.508
2026-06-10,W01,Warehouse,P007,284,23,13,294,63,MEDIUM,22.62,4.667
2026-06-11,W01,Warehouse,P007,294,6,9,291,63,LOW,32.33,4.619
2026-06-12,W01,Warehouse,P007,291,30,6,315,63,LOW,52.5,5.0
2026-06-13,W01,Warehouse,P007,315,25,15,325,63,MEDIUM,21.67,5.159
2026-06-14,W01,Warehouse,P007,325,12,22,315,63,MEDIUM,14.32,5.0
2026-06-15,W01,Warehouse,P007,315,14,8,321,63,LOW,40.12,5.095
2026-06-16,W01,Warehouse,P007,321,21,24,318,63,MEDIUM,13.25,5.048
2026-06-17,W01,Warehouse,P007,318,33,19,332,63,MEDIUM,17.47,5.27
2026-06-18,W01,Warehouse,P007,332,27,25,334,63,MEDIUM,13.36,5.302
2026-06-19,W01,Warehouse,P007,334,11,8,337,63,LOW,42.12,5.349
2026-06-20,W01,Warehouse,P007,337,20,20,337,63,MEDIUM,16.85,5.349
2026-06-21,W01,Warehouse,P007,337,27,5,359,63,LOW,71.8,5.698
2026-06-22,W01,Warehouse,P007,359,34,12,381,63,LOW,31.75,6.048
2026-06-23,W01,Warehouse,P007,381,41,27,395,63,MEDIUM,14.63,6.27
2026-06-24,W01,Warehouse,P007,395,48,24,419,63,MEDIUM,17.46,6.651
2026-06-25,W01,Warehouse,P007,419,27,7,439,63,LOW,62.71,6.968
2026-06-26,W01,Warehouse,P007,439,21,36,424,63,HIGH,11.78,6.73
2026-06-27,W01,Warehouse,P007,424,20,2,442,63,LOW,221.0,7.016
2026-06-28,W01,Warehouse,P007,442,13,26,429,63,MEDIUM,16.5,6.81
2026-06-29,W01,Warehouse,P007,429,33,41,421,63,HIGH,10.27,6.683
2026-06-30,W01,Warehouse,P007,421,48,22,447,63,MEDIUM,20.32,7.095
2026-06-01,W01,Warehouse,P008,221,14,17,218,48,MEDIUM,12.82,4.542
2026-06-02,W01,Warehouse,P008,218,1,12,207,48,MEDIUM,17.25,4.312
2026-06-03,W01,Warehouse,P008,207,11,15,203,48,MEDIUM,13.53,4.229
2026-06-04,W01,Warehouse,P008,203,20,13,210,48,MEDIUM,16.15,4.375
2026-06-05,W01,Warehouse,P008,210,17,14,213,48,MEDIUM,15.21,4.438
2026-06-06,W01,Warehouse,P008,213,15,4,224,48,LOW,56.0,4.667
2026-06-07,W01,Warehouse,P008,224,7,16,215,48,MEDIUM,13.44,4.479
2026-06-08,W01,Warehouse,P008,215,16,4,227,48,LOW,56.75,4.729
2026-06-09,W01,Warehouse,P008,227,24,21,230,48,HIGH,10.95,4.792
2026-06-10,W01,Warehouse,P008,230,17,5,242,48,LOW,48.4,5.042
2026-06-11,W01,Warehouse,P008,242,28,5,265,48,LOW,53.0,5.521
2026-06-12,W01,Warehouse,P008,265,14,22,257,48,HIGH,11.68,5.354
2026-06-13,W01,Warehouse,P008,257,16,6,267,48,LOW,44.5,5.562
2026-06-14,W01,Warehouse,P008,267,2,9,260,48,LOW,28.89,5.417
2026-06-15,W01,Warehouse,P008,260,21,18,263,48,MEDIUM,14.61,5.479
2026-06-16,W01,Warehouse,P008,263,7,4,266,48,LOW,66.5,5.542
2026-06-17,W01,Warehouse,P008,266,23,4,285,48,LOW,71.25,5.938
2026-06-18,W01,Warehouse,P008,285,2,13,274,48,MEDIUM,21.08,5.708
2026-06-19,W01,Warehouse,P008,274,19,6,287,48,LOW,47.83,5.979
2026-06-20,W01,Warehouse,P008,287,7,6,288,48,LOW,48.0,6.0
2026-06-21,W01,Warehouse,P008,288,12,0,300,48,LOW,999.0,6.25
2026-06-22,W01,Warehouse,P008,300,0,11,289,48,LOW,26.27,6.021
2026-06-23,W01,Warehouse,P008,289,0,8,281,48,LOW,35.12,5.854
2026-06-24,W01,Warehouse,P008,281,20,0,301,48,LOW,999.0,6.271
2026-06-25,W01,Warehouse,P008,301,22,18,305,48,MEDIUM,16.94,6.354
2026-06-26,W01,Warehouse,P008,305,21,18,308,48,MEDIUM,17.11,6.417
2026-06-27,W01,Warehouse,P008,308,30,2,336,48,LOW,168.0,7.0
2026-06-28,W01,Warehouse,P008,336,7,10,333,48,LOW,33.3,6.938
2026-06-29,W01,Warehouse,P008,333,28,28,333,48,HIGH,11.89,6.938
2026-06-30,W01,Warehouse,P008,333,37,19,351,48,MEDIUM,18.47,7.312
2026-06-01,W01,Warehouse,P009,787,40,32,795,173,MEDIUM,24.84,4.595
2026-06-02,W01,Warehouse,P009,795,5,36,764,173,MEDIUM,21.22,4.416
2026-06-03,W01,Warehouse,P009,764,48,15,797,173,LOW,53.13,4.607
2026-06-04,W01,Warehouse,P009,797,76,64,809,173,MEDIUM,12.64,4.676
2026-06-05,W01,Warehouse,P009,809,30,73,766,173,HIGH,10.49,4.428
2026-06-06,W01,Warehouse,P009,766,10,69,707,173,HIGH,10.25,4.087
2026-06-07,W01,Warehouse,P009,707,67,15,759,173,LOW,50.6,4.387
2026-06-08,W01,Warehouse,P009,759,61,23,797,173,LOW,34.65,4.607
2026-06-09,W01,Warehouse,P009,797,79,12,864,173,LOW,72.0,4.994
2026-06-10,W01,Warehouse,P009,864,26,26,864,173,LOW,33.23,4.994
2026-06-11,W01,Warehouse,P009,864,21,28,857,173,LOW,30.61,4.954
2026-06-12,W01,Warehouse,P009,857,64,53,868,173,MEDIUM,16.38,5.017
2026-06-13,W01,Warehouse,P009,868,59,16,911,173,LOW,56.94,5.266
2026-06-14,W01,Warehouse,P009,911,22,83,850,173,HIGH,10.24,4.913
2026-06-15,W01,Warehouse,P009,850,26,8,868,173,LOW,108.5,5.017
2026-06-16,W01,Warehouse,P009,868,49,0,917,173,LOW,999.0,5.301
2026-06-17,W01,Warehouse,P009,917,39,77,879,173,HIGH,11.42,5.081
2026-06-18,W01,Warehouse,P009,879,29,61,847,173,MEDIUM,13.89,4.896
2026-06-19,W01,Warehouse,P009,847,51,29,869,173,LOW,29.97,5.023
2026-06-20,W01,Warehouse,P009,869,71,51,889,173,MEDIUM,17.43,5.139
2026-06-21,W01,Warehouse,P009,889,35,19,905,173,LOW,47.63,5.231
2026-06-22,W01,Warehouse,P009,905,103,15,993,173,LOW,66.2,5.74
2026-06-23,W01,Warehouse,P009,993,118,46,1065,173,MEDIUM,23.15,6.156
2026-06-24,W01,Warehouse,P009,1065,132,37,1160,173,LOW,31.35,6.705
2026-06-25,W01,Warehouse,P009,1160,81,71,1170,173,MEDIUM,16.48,6.763
2026-06-26,W01,Warehouse,P009,1170,49,25,1194,173,LOW,47.76,6.902
2026-06-27,W01,Warehouse,P009,1194,77,78,1193,173,MEDIUM,15.29,6.896
2026-06-28,W01,Warehouse,P009,1193,38,91,1140,173,MEDIUM,12.53,6.59
2026-06-29,W01,Warehouse,P009,1140,90,18,1212,173,LOW,67.33,7.006
2026-06-30,W01,Warehouse,P009,1212,141,5,1348,173,LOW,269.6,7.792
2026-06-01,W01,Warehouse,P010,211,16,20,207,46,HIGH,10.35,4.5
2026-06-02,W01,Warehouse,P010,218,17,41,194,46,CRITICAL,4.73,4.217
2026-06-03,W01,Warehouse,P010,219,18,43,194,46,CRITICAL,4.51,4.217
2026-06-04,W01,Warehouse,P010,224,23,36,211,46,HIGH,5.86,4.587
2026-06-05,W01,Warehouse,P010,232,23,25,230,46,HIGH,9.2,5.0
2026-06-06,W01,Warehouse,P010,246,6,15,237,46,MEDIUM,15.8,5.152
2026-06-07,W01,Warehouse,P010,247,18,35,230,46,HIGH,6.57,5.0
2026-06-08,W01,Warehouse,P010,253,2,11,244,46,MEDIUM,22.18,5.304
2026-06-09,W01,Warehouse,P010,250,29,36,243,46,HIGH,6.75,5.283
2026-06-10,W01,Warehouse,P010,261,24,10,275,46,LOW,27.5,5.978
2026-06-11,W01,Warehouse,P010,280,2,22,260,46,HIGH,11.82,5.652
2026-06-12,W01,Warehouse,P010,274,29,48,255,46,HIGH,5.31,5.543
2026-06-13,W01,Warehouse,P010,290,28,31,287,46,HIGH,9.26,6.239
2026-06-14,W01,Warehouse,P010,304,18,70,252,46,CRITICAL,3.6,5.478
2026-06-15,W01,Warehouse,P010,304,36,48,292,46,HIGH,6.08,6.348
2026-06-16,W01,Warehouse,P010,327,23,55,295,46,HIGH,5.36,6.413
2026-06-17,W01,Warehouse,P010,321,14,51,284,46,HIGH,5.57,6.174
2026-06-18,W01,Warehouse,P010,309,20,62,267,46,CRITICAL,4.31,5.804
2026-06-19,W01,Warehouse,P010,303,17,37,283,46,HIGH,7.65,6.152
2026-06-20,W01,Warehouse,P010,302,11,61,252,46,CRITICAL,4.13,5.478
2026-06-21,W01,Warehouse,P010,294,11,34,271,46,HIGH,7.97,5.891
2026-06-22,W01,Warehouse,P010,288,28,47,269,46,HIGH,5.72,5.848
2026-06-23,W01,Warehouse,P010,304,16,28,292,46,HIGH,10.43,6.348
2026-06-24,W01,Warehouse,P010,311,27,67,271,46,CRITICAL,4.04,5.891
2026-06-25,W01,Warehouse,P010,320,20,0,340,46,LOW,999.0,7.391
2026-06-26,W01,Warehouse,P010,340,4,0,344,46,LOW,999.0,7.478
2026-06-27,W01,Warehouse,P010,344,36,118,262,46,CRITICAL,2.22,5.696
2026-06-28,W01,Warehouse,P010,352,2,4,350,46,LOW,87.5,7.609
2026-06-29,W01,Warehouse,P010,353,34,50,337,46,HIGH,6.74,7.326
2026-06-30,W01,Warehouse,P010,369,14,49,334,46,HIGH,6.82,7.261
2026-06-01,W01,Warehouse,P011,165,4,8,161,36,MEDIUM,20.12,4.472
2026-06-02,W01,Warehouse,P011,166,7,34,139,36,CRITICAL,4.09,3.861
2026-06-03,W01,Warehouse,P011,159,14,6,167,36,LOW,27.83,4.639
2026-06-04,W01,Warehouse,P011,171,11,43,139,36,CRITICAL,3.23,3.861
2026-06-05,W01,Warehouse,P011,167,19,37,149,36,CRITICAL,4.03,4.139
2026-06-06,W01,Warehouse,P011,174,2,15,161,36,HIGH,10.73,4.472
2026-06-07,W01,Warehouse,P011,172,4,5,171,36,LOW,34.2,4.75
2026-06-08,W01,Warehouse,P011,174,3,16,161,36,HIGH,10.06,4.472
2026-06-09,W01,Warehouse,P011,172,11,16,167,36,HIGH,10.44,4.639
2026-06-10,W01,Warehouse,P011,177,9,15,171,36,HIGH,11.4,4.75
2026-06-11,W01,Warehouse,P011,182,3,59,126,36,CRITICAL,2.14,3.5
2026-06-12,W01,Warehouse,P011,168,12,6,174,36,LOW,29.0,4.833
2026-06-13,W01,Warehouse,P011,177,17,50,144,36,CRITICAL,2.88,4.0
2026-06-14,W01,Warehouse,P011,180,21,5,196,36,LOW,39.2,5.444
2026-06-15,W01,Warehouse,P011,199,15,67,147,36,CRITICAL,2.19,4.083
2026-06-16,W01,Warehouse,P011,196,19,13,202,36,MEDIUM,15.54,5.611
2026-06-17,W01,Warehouse,P011,211,23,23,211,36,HIGH,9.17,5.861
2026-06-18,W01,Warehouse,P011,226,13,44,195,36,CRITICAL,4.43,5.417
2026-06-19,W01,Warehouse,P011,227,21,8,240,36,LOW,30.0,6.667
2026-06-20,W01,Warehouse,P011,246,16,73,189,36,CRITICAL,2.59,5.25
2026-06-21,W01,Warehouse,P011,243,16,20,239,36,HIGH,11.95,6.639
2026-06-22,W01,Warehouse,P011,253,1,48,206,36,CRITICAL,4.29,5.722
2026-06-23,W01,Warehouse,P011,241,21,38,224,36,HIGH,5.89,6.222
2026-06-24,W01,Warehouse,P011,249,30,54,225,36,CRITICAL,4.17,6.25
2026-06-25,W01,Warehouse,P011,265,16,4,277,36,LOW,69.25,7.694
2026-06-26,W01,Warehouse,P011,280,19,9,290,36,LOW,32.22,8.056
2026-06-27,W01,Warehouse,P011,295,26,10,311,36,LOW,31.1,8.639
2026-06-28,W01,Warehouse,P011,317,35,23,329,36,MEDIUM,14.3,9.139
2026-06-29,W01,Warehouse,P011,343,18,9,352,36,LOW,39.11,9.778
2026-06-30,W01,Warehouse,P011,357,9,92,274,36,CRITICAL,2.98,7.611
2026-06-01,W01,Warehouse,P012,110,3,12,101,24,HIGH,8.42,4.208
2026-06-02,W01,Warehouse,P012,108,12,20,100,24,HIGH,5.0,4.167
2026-06-03,W01,Warehouse,P012,114,0,6,108,24,MEDIUM,18.0,4.5
2026-06-04,W01,Warehouse,P012,111,5,8,108,24,MEDIUM,13.5,4.5
2026-06-05,W01,Warehouse,P012,113,3,18,98,24,HIGH,5.44,4.083
2026-06-06,W01,Warehouse,P012,111,4,9,106,24,HIGH,11.78,4.417
2026-06-07,W01,Warehouse,P012,112,5,9,108,24,MEDIUM,12.0,4.5
2026-06-08,W01,Warehouse,P012,114,3,16,101,24,HIGH,6.31,4.208
2026-06-09,W01,Warehouse,P012,113,13,22,104,24,CRITICAL,4.73,4.333
2026-06-10,W01,Warehouse,P012,121,8,36,93,24,CRITICAL,2.58,3.875
2026-06-11,W01,Warehouse,P012,118,8,4,122,24,LOW,30.5,5.083
2026-06-12,W01,Warehouse,P012,124,5,11,118,24,HIGH,10.73,4.917
2026-06-13,W01,Warehouse,P012,124,7,4,127,24,LOW,31.75,5.292
2026-06-14,W01,Warehouse,P012,130,1,14,117,24,HIGH,8.36,4.875
2026-06-15,W01,Warehouse,P012,127,13,30,110,24,CRITICAL,3.67,4.583
2026-06-16,W01,Warehouse,P012,132,13,7,138,24,MEDIUM,19.71,5.75
2026-06-17,W01,Warehouse,P012,143,7,19,131,24,HIGH,6.89,5.458
2026-06-18,W01,Warehouse,P012,142,7,15,134,24,HIGH,8.93,5.583
2026-06-19,W01,Warehouse,P012,144,6,0,150,24,LOW,999.0,6.25
2026-06-20,W01,Warehouse,P012,150,15,53,112,24,CRITICAL,2.11,4.667
2026-06-21,W01,Warehouse,P012,152,1,15,138,24,HIGH,9.2,5.75
2026-06-22,W01,Warehouse,P012,147,9,34,122,24,CRITICAL,3.59,5.083
2026-06-23,W01,Warehouse,P012,146,17,11,152,24,MEDIUM,13.82,6.333
2026-06-24,W01,Warehouse,P012,158,14,60,112,24,CRITICAL,1.87,4.667
2026-06-25,W01,Warehouse,P012,158,15,10,163,24,MEDIUM,16.3,6.792
2026-06-26,W01,Warehouse,P012,169,17,22,164,24,HIGH,7.45,6.833
2026-06-27,W01,Warehouse,P012,180,0,32,148,24,CRITICAL,4.62,6.167
2026-06-28,W01,Warehouse,P012,167,16,17,166,24,HIGH,9.76,6.917
2026-06-29,W01,Warehouse,P012,178,9,21,166,24,HIGH,7.9,6.917
2026-06-30,W01,Warehouse,P012,181,2,46,137,24,CRITICAL,2.98,5.708
2026-06-01,W01,Warehouse,P013,74,0,12,62,16,HIGH,5.17,3.875
2026-06-02,W01,Warehouse,P013,71,0,16,55,16,CRITICAL,3.44,3.438
2026-06-03,W01,Warehouse,P013,67,7,12,62,16,HIGH,5.17,3.875
2026-06-04,W01,Warehouse,P013,71,4,14,61,16,CRITICAL,4.36,3.812
2026-06-05,W01,Warehouse,P013,70,7,23,54,16,CRITICAL,2.35,3.375
2026-06-06,W01,Warehouse,P013,71,1,10,62,16,HIGH,6.2,3.875
2026-06-07,W01,Warehouse,P013,69,6,3,72,16,MEDIUM,24.0,4.5
2026-06-08,W01,Warehouse,P013,74,6,0,80,16,LOW,999.0,5.0
2026-06-09,W01,Warehouse,P013,80,8,14,74,16,HIGH,5.29,4.625
2026-06-10,W01,Warehouse,P013,84,7,13,78,16,HIGH,6.0,4.875
2026-06-11,W01,Warehouse,P013,85,2,9,78,16,HIGH,8.67,4.875
2026-06-12,W01,Warehouse,P013,84,8,2,90,16,LOW,45.0,5.625
2026-06-13,W01,Warehouse,P013,91,9,5,95,16,MEDIUM,19.0,5.938
2026-06-14,W01,Warehouse,P013,98,6,9,95,16,HIGH,10.56,5.938
2026-06-15,W01,Warehouse,P013,100,8,19,89,16,CRITICAL,4.68,5.562
2026-06-16,W01,Warehouse,P013,100,4,4,100,16,LOW,25.0,6.25
2026-06-17,W01,Warehouse,P013,103,5,20,88,16,CRITICAL,4.4,5.5
2026-06-18,W01,Warehouse,P013,102,9,14,97,16,HIGH,6.93,6.062
2026-06-19,W01,Warehouse,P013,104,4,35,73,16,CRITICAL,2.09,4.562
2026-06-20,W01,Warehouse,P013,99,0,4,95,16,MEDIUM,23.75,5.938
2026-06-21,W01,Warehouse,P013,98,0,33,65,16,CRITICAL,1.97,4.062
2026-06-22,W01,Warehouse,P013,90,1,20,71,16,CRITICAL,3.55,4.438
2026-06-23,W01,Warehouse,P013,86,8,26,68,16,CRITICAL,2.62,4.25
2026-06-24,W01,Warehouse,P013,88,10,0,98,16,LOW,999.0,6.125
2026-06-25,W01,Warehouse,P013,98,4,17,85,16,HIGH,5.0,5.312
2026-06-26,W01,Warehouse,P013,98,8,21,85,16,CRITICAL,4.05,5.312
2026-06-27,W01,Warehouse,P013,101,6,8,99,16,MEDIUM,12.38,6.188
2026-06-28,W01,Warehouse,P013,104,1,16,89,16,HIGH,5.56,5.562
2026-06-29,W01,Warehouse,P013,101,3,19,85,16,CRITICAL,4.47,5.312
2026-06-30,W01,Warehouse,P013,99,9,15,93,16,HIGH,6.2,5.812
2026-06-01,W01,Warehouse,P014,180,12,0,192,39,LOW,999.0,4.923
2026-06-02,W01,Warehouse,P014,192,15,8,199,39,MEDIUM,24.88,5.103
2026-06-03,W01,Warehouse,P014,199,2,4,197,39,LOW,49.25,5.051
2026-06-04,W01,Warehouse,P014,197,18,17,198,39,HIGH,11.65,5.077
2026-06-05,W01,Warehouse,P014,198,12,18,192,39,HIGH,10.67,4.923
2026-06-06,W01,Warehouse,P014,192,4,5,191,39,LOW,38.2,4.897
2026-06-07,W01,Warehouse,P014,191,21,3,209,39,LOW,69.67,5.359
2026-06-08,W01,Warehouse,P014,209,17,4,222,39,LOW,55.5,5.692
2026-06-09,W01,Warehouse,P014,222,8,10,220,39,MEDIUM,22.0,5.641
2026-06-10,W01,Warehouse,P014,220,9,19,210,39,HIGH,11.05,5.385
2026-06-11,W01,Warehouse,P014,210,25,10,225,39,MEDIUM,22.5,5.769
2026-06-12,W01,Warehouse,P014,225,14,1,238,39,LOW,238.0,6.103
2026-06-13,W01,Warehouse,P014,238,6,0,244,39,LOW,999.0,6.256
2026-06-14,W01,Warehouse,P014,244,25,5,264,39,LOW,52.8,6.769
2026-06-15,W01,Warehouse,P014,264,11,21,254,39,MEDIUM,12.1,6.513
2026-06-16,W01,Warehouse,P014,254,22,15,261,39,MEDIUM,17.4,6.692
2026-06-17,W01,Warehouse,P014,261,1,14,248,39,MEDIUM,17.71,6.359
2026-06-18,W01,Warehouse,P014,248,17,7,258,39,LOW,36.86,6.615
2026-06-19,W01,Warehouse,P014,258,23,23,258,39,HIGH,11.22,6.615
2026-06-20,W01,Warehouse,P014,258,8,8,258,39,LOW,32.25,6.615
2026-06-21,W01,Warehouse,P014,258,10,20,248,39,MEDIUM,12.4,6.359
2026-06-22,W01,Warehouse,P014,248,2,21,229,39,HIGH,10.9,5.872
2026-06-23,W01,Warehouse,P014,229,21,10,240,39,MEDIUM,24.0,6.154
2026-06-24,W01,Warehouse,P014,240,17,21,236,39,HIGH,11.24,6.051
2026-06-25,W01,Warehouse,P014,236,22,6,252,39,LOW,42.0,6.462
2026-06-26,W01,Warehouse,P014,252,1,16,237,39,MEDIUM,14.81,6.077
2026-06-27,W01,Warehouse,P014,237,4,2,239,39,LOW,119.5,6.128
2026-06-28,W01,Warehouse,P014,239,28,10,257,39,LOW,25.7,6.59
2026-06-29,W01,Warehouse,P014,257,20,5,272,39,LOW,54.4,6.974
2026-06-30,W01,Warehouse,P014,272,3,1,274,39,LOW,274.0,7.026
2026-06-01,W01,Warehouse,P015,234,10,0,244,51,LOW,999.0,4.784
2026-06-02,W01,Warehouse,P015,244,12,7,249,51,LOW,35.57,4.882
2026-06-03,W01,Warehouse,P015,249,16,14,251,51,MEDIUM,17.93,4.922
2026-06-04,W01,Warehouse,P015,251,9,11,249,51,MEDIUM,22.64,4.882
2026-06-05,W01,Warehouse,P015,249,2,7,244,51,LOW,34.86,4.784
2026-06-06,W01,Warehouse,P015,244,29,23,250,51,HIGH,10.87,4.902
2026-06-07,W01,Warehouse,P015,250,15,23,242,51,HIGH,10.52,4.745
2026-06-08,W01,Warehouse,P015,242,15,3,254,51,LOW,84.67,4.98
2026-06-09,W01,Warehouse,P015,254,26,10,270,51,LOW,27.0,5.294
2026-06-10,W01,Warehouse,P015,270,20,17,273,51,MEDIUM,16.06,5.353
2026-06-11,W01,Warehouse,P015,273,10,19,264,51,MEDIUM,13.89,5.176
2026-06-12,W01,Warehouse,P015,264,16,9,271,51,LOW,30.11,5.314
2026-06-13,W01,Warehouse,P015,271,9,20,260,51,MEDIUM,13.0,5.098
2026-06-14,W01,Warehouse,P015,260,7,3,264,51,LOW,88.0,5.176
2026-06-15,W01,Warehouse,P015,264,29,8,285,51,LOW,35.62,5.588
2026-06-16,W01,Warehouse,P015,285,22,20,287,51,MEDIUM,14.35,5.627
2026-06-17,W01,Warehouse,P015,287,29,17,299,51,MEDIUM,17.59,5.863
2026-06-18,W01,Warehouse,P015,299,26,24,301,51,MEDIUM,12.54,5.902
2026-06-19,W01,Warehouse,P015,301,34,1,334,51,LOW,334.0,6.549
2026-06-20,W01,Warehouse,P015,334,30,5,359,51,LOW,71.8,7.039
2026-06-21,W01,Warehouse,P015,359,39,1,397,51,LOW,397.0,7.784
2026-06-22,W01,Warehouse,P015,397,12,7,402,51,LOW,57.43,7.882
2026-06-23,W01,Warehouse,P015,402,30,0,432,51,LOW,999.0,8.471
2026-06-24,W01,Warehouse,P015,432,0,21,411,51,MEDIUM,19.57,8.059
2026-06-25,W01,Warehouse,P015,411,49,21,439,51,MEDIUM,20.9,8.608
2026-06-26,W01,Warehouse,P015,439,24,28,435,51,MEDIUM,15.54,8.529
2026-06-27,W01,Warehouse,P015,435,29,16,448,51,LOW,28.0,8.784
2026-06-28,W01,Warehouse,P015,448,32,0,480,51,LOW,999.0,9.412
2026-06-29,W01,Warehouse,P015,480,14,32,462,51,MEDIUM,14.44,9.059
2026-06-30,W01,Warehouse,P015,462,19,2,479,51,LOW,239.5,9.392
2026-06-01,W02,Warehouse,P001,663,10,236,437,145,CRITICAL,1.85,3.014
2026-06-02,W02,Warehouse,P001,616,25,3,638,145,LOW,212.67,4.4
2026-06-03,W02,Warehouse,P001,640,58,96,602,145,HIGH,6.27,4.152
2026-06-04,W02,Warehouse,P001,665,37,207,495,145,CRITICAL,2.39,3.414
2026-06-05,W02,Warehouse,P001,643,25,135,533,145,CRITICAL,3.95,3.676
2026-06-06,W02,Warehouse,P001,632,58,156,534,145,CRITICAL,3.42,3.683
2026-06-07,W02,Warehouse,P001,652,16,180,488,145,CRITICAL,2.71,3.366
2026-06-08,W02,Warehouse,P001,624,57,26,655,145,LOW,25.19,4.517
2026-06-09,W02,Warehouse,P001,674,13,193,494,145,CRITICAL,2.56,3.407
2026-06-10,W02,Warehouse,P001,642,9,131,520,145,CRITICAL,3.97,3.586
2026-06-11,W02,Warehouse,P001,595,8,244,359,145,CRITICAL,1.47,2.476
2026-06-12,W02,Warehouse,P001,546,45,47,544,145,HIGH,11.57,3.752
2026-06-13,W02,Warehouse,P001,568,19,62,525,145,HIGH,8.47,3.621
2026-06-14,W02,Warehouse,P001,568,53,89,532,145,HIGH,5.98,3.669
2026-06-15,W02,Warehouse,P001,579,15,100,494,145,CRITICAL,4.94,3.407
2026-06-16,W02,Warehouse,P001,564,69,40,593,145,MEDIUM,14.82,4.09
2026-06-17,W02,Warehouse,P001,619,53,21,651,145,LOW,31.0,4.49
2026-06-18,W02,Warehouse,P001,662,68,39,691,145,MEDIUM,17.72,4.766
2026-06-19,W02,Warehouse,P001,719,26,119,626,145,HIGH,5.26,4.317
2026-06-20,W02,Warehouse,P001,713,32,28,717,145,LOW,25.61,4.945
2026-06-21,W02,Warehouse,P001,733,58,4,787,145,LOW,196.75,5.428
2026-06-22,W02,Warehouse,P001,790,96,9,877,145,LOW,97.44,6.048
2026-06-23,W02,Warehouse,P001,882,36,182,736,145,CRITICAL,4.04,5.076
2026-06-24,W02,Warehouse,P001,837,16,14,839,145,LOW,59.93,5.786
2026-06-25,W02,Warehouse,P001,847,78,20,905,145,LOW,45.25,6.241
2026-06-26,W02,Warehouse,P001,919,102,158,863,145,HIGH,5.46,5.952
2026-06-27,W02,Warehouse,P001,980,106,81,1005,145,MEDIUM,12.41,6.931
2026-06-28,W02,Warehouse,P001,1062,18,400,680,145,CRITICAL,1.7,4.69
2026-06-29,W02,Warehouse,P001,978,92,297,773,145,CRITICAL,2.6,5.331
2026-06-30,W02,Warehouse,P001,982,39,152,869,145,HIGH,5.72,5.993
2026-06-01,W02,Warehouse,P002,783,55,152,686,172,CRITICAL,4.51,3.988
2026-06-02,W02,Warehouse,P002,803,24,86,741,172,HIGH,8.62,4.308
2026-06-03,W02,Warehouse,P002,797,60,5,852,172,LOW,170.4,4.953
2026-06-04,W02,Warehouse,P002,855,35,54,836,172,MEDIUM,15.48,4.86
2026-06-05,W02,Warehouse,P002,866,7,34,839,172,MEDIUM,24.68,4.878
2026-06-06,W02,Warehouse,P002,863,53,26,890,172,LOW,34.23,5.174
2026-06-07,W02,Warehouse,P002,908,38,118,828,172,HIGH,7.02,4.814
2026-06-08,W02,Warehouse,P002,896,97,33,960,172,LOW,29.09,5.581
2026-06-09,W02,Warehouse,P002,985,53,43,995,172,MEDIUM,23.14,5.785
2026-06-10,W02,Warehouse,P002,1028,54,124,958,172,HIGH,7.73,5.57
2026-06-11,W02,Warehouse,P002,1033,103,109,1027,172,HIGH,9.42,5.971
2026-06-12,W02,Warehouse,P002,1091,127,37,1181,172,LOW,31.92,6.866
2026-06-13,W02,Warehouse,P002,1203,7,0,1210,172,LOW,999.0,7.035
2026-06-14,W02,Warehouse,P002,1210,53,93,1170,172,MEDIUM,12.58,6.802
2026-06-15,W02,Warehouse,P002,1240,14,98,1156,172,HIGH,11.8,6.721
2026-06-16,W02,Warehouse,P002,1225,149,201,1173,172,HIGH,5.84,6.82
2026-06-17,W02,Warehouse,P002,1277,2,358,921,172,CRITICAL,2.57,5.355
2026-06-18,W02,Warehouse,P002,1163,29,100,1092,172,HIGH,10.92,6.349
2026-06-19,W02,Warehouse,P002,1145,46,134,1057,172,HIGH,7.89,6.145
2026-06-20,W02,Warehouse,P002,1145,108,236,1017,172,CRITICAL,4.31,5.913
2026-06-21,W02,Warehouse,P002,1172,86,257,1001,172,CRITICAL,3.89,5.82
2026-06-22,W02,Warehouse,P002,1185,107,69,1223,172,MEDIUM,17.72,7.11
2026-06-23,W02,Warehouse,P002,1271,62,53,1280,172,MEDIUM,24.15,7.442
2026-06-24,W02,Warehouse,P002,1320,116,111,1325,172,HIGH,11.94,7.703
2026-06-25,W02,Warehouse,P002,1379,109,295,1193,172,CRITICAL,4.04,6.936
2026-06-26,W02,Warehouse,P002,1411,48,37,1422,172,LOW,38.43,8.267
2026-06-27,W02,Warehouse,P002,1440,175,112,1503,172,MEDIUM,13.42,8.738
2026-06-28,W02,Warehouse,P002,1573,21,197,1397,172,HIGH,7.09,8.122
2026-06-29,W02,Warehouse,P002,1546,174,145,1575,172,HIGH,10.86,9.157
2026-06-30,W02,Warehouse,P002,1680,207,179,1708,172,HIGH,9.54,9.93
2026-06-01,W02,Warehouse,P003,533,56,34,555,117,MEDIUM,16.32,4.744
2026-06-02,W02,Warehouse,P003,555,3,28,530,117,MEDIUM,18.93,4.53
2026-06-03,W02,Warehouse,P003,530,27,10,547,117,LOW,54.7,4.675
2026-06-04,W02,Warehouse,P003,547,37,5,579,117,LOW,115.8,4.949
2026-06-05,W02,Warehouse,P003,579,50,46,583,117,MEDIUM,12.67,4.983
2026-06-06,W02,Warehouse,P003,583,6,27,562,117,MEDIUM,20.81,4.803
2026-06-07,W02,Warehouse,P003,562,45,3,604,117,LOW,201.33,5.162
2026-06-08,W02,Warehouse,P003,604,29,15,618,117,LOW,41.2,5.282
2026-06-09,W02,Warehouse,P003,618,3,49,572,117,HIGH,11.67,4.889
2026-06-10,W02,Warehouse,P003,572,31,42,561,117,MEDIUM,13.36,4.795
2026-06-11,W02,Warehouse,P003,561,41,49,553,117,HIGH,11.29,4.726
2026-06-12,W02,Warehouse,P003,553,68,33,588,117,MEDIUM,17.82,5.026
2026-06-13,W02,Warehouse,P003,588,25,24,589,117,MEDIUM,24.54,5.034
2026-06-14,W02,Warehouse,P003,589,60,24,625,117,LOW,26.04,5.342
2026-06-15,W02,Warehouse,P003,625,40,12,653,117,LOW,54.42,5.581
2026-06-16,W02,Warehouse,P003,653,80,42,691,117,MEDIUM,16.45,5.906
2026-06-17,W02,Warehouse,P003,691,28,40,679,117,MEDIUM,16.98,5.803
2026-06-18,W02,Warehouse,P003,679,33,10,702,117,LOW,70.2,6.0
2026-06-19,W02,Warehouse,P003,702,76,61,717,117,HIGH,11.75,6.128
2026-06-20,W02,Warehouse,P003,717,74,26,765,117,LOW,29.42,6.538
2026-06-21,W02,Warehouse,P003,765,24,3,786,117,LOW,262.0,6.718
2026-06-22,W02,Warehouse,P003,786,71,25,832,117,LOW,33.28,7.111
2026-06-23,W02,Warehouse,P003,832,92,72,852,117,HIGH,11.83,7.282
2026-06-24,W02,Warehouse,P003,852,13,77,788,117,HIGH,10.23,6.735
2026-06-25,W02,Warehouse,P003,788,13,38,763,117,MEDIUM,20.08,6.521
2026-06-26,W02,Warehouse,P003,763,45,72,736,117,HIGH,10.22,6.291
2026-06-27,W02,Warehouse,P003,736,60,63,733,117,HIGH,11.63,6.265
2026-06-28,W02,Warehouse,P003,733,54,60,727,117,MEDIUM,12.12,6.214
2026-06-29,W02,Warehouse,P003,727,76,61,742,117,MEDIUM,12.16,6.342
2026-06-30,W02,Warehouse,P003,742,37,28,751,117,LOW,26.82,6.419
2026-06-01,W02,Warehouse,P004,587,71,134,524,129,CRITICAL,3.91,4.062
2026-06-02,W02,Warehouse,P004,615,69,130,554,129,CRITICAL,4.26,4.295
2026-06-03,W02,Warehouse,P004,649,75,195,529,129,CRITICAL,2.71,4.101
2026-06-04,W02,Warehouse,P004,678,62,38,702,129,MEDIUM,18.47,5.442
2026-06-05,W02,Warehouse,P004,729,51,102,678,129,HIGH,6.65,5.256
2026-06-06,W02,Warehouse,P004,728,69,214,583,129,CRITICAL,2.72,4.519
2026-06-07,W02,Warehouse,P004,729,29,48,710,129,MEDIUM,14.79,5.504
2026-06-08,W02,Warehouse,P004,737,89,143,683,129,CRITICAL,4.78,5.295
2026-06-09,W02,Warehouse,P004,755,16,95,676,129,HIGH,7.12,5.24
2026-06-10,W02,Warehouse,P004,743,87,54,776,129,MEDIUM,14.37,6.016
2026-06-11,W02,Warehouse,P004,816,79,18,877,129,LOW,48.72,6.798
2026-06-12,W02,Warehouse,P004,886,19,266,639,129,CRITICAL,2.4,4.953
2026-06-13,W02,Warehouse,P004,836,63,169,730,129,CRITICAL,4.32,5.659
2026-06-14,W02,Warehouse,P004,853,90,98,845,129,HIGH,8.62,6.55
2026-06-15,W02,Warehouse,P004,917,57,138,836,129,HIGH,6.06,6.481
2026-06-16,W02,Warehouse,P004,919,84,87,916,129,HIGH,10.53,7.101
2026-06-17,W02,Warehouse,P004,973,76,95,954,129,HIGH,10.04,7.395
2026-06-18,W02,Warehouse,P004,1006,67,215,858,129,CRITICAL,3.99,6.651
2026-06-19,W02,Warehouse,P004,987,48,173,862,129,CRITICAL,4.98,6.682
2026-06-20,W02,Warehouse,P004,970,113,197,886,129,CRITICAL,4.5,6.868
2026-06-21,W02,Warehouse,P004,1010,124,136,998,129,HIGH,7.34,7.736
2026-06-22,W02,Warehouse,P004,1076,37,251,862,129,CRITICAL,3.43,6.682
2026-06-23,W02,Warehouse,P004,1007,80,100,987,129,HIGH,9.87,7.651
2026-06-24,W02,Warehouse,P004,1063,41,104,1000,129,HIGH,9.62,7.752
2026-06-25,W02,Warehouse,P004,1077,111,25,1163,129,LOW,46.52,9.016
2026-06-26,W02,Warehouse,P004,1179,108,273,1014,129,CRITICAL,3.71,7.86
2026-06-27,W02,Warehouse,P004,1223,11,185,1049,129,HIGH,5.67,8.132
2026-06-28,W02,Warehouse,P004,1160,109,245,1024,129,CRITICAL,4.18,7.938
2026-06-29,W02,Warehouse,P004,1185,78,153,1110,129,HIGH,7.25,8.605
2026-06-30,W02,Warehouse,P004,1224,25,3,1246,129,LOW,415.33,9.659
2026-06-01,W02,Warehouse,P005,245,10,37,218,53,HIGH,5.89,4.113
2026-06-02,W02,Warehouse,P005,240,1,65,176,53,CRITICAL,2.71,3.321
2026-06-03,W02,Warehouse,P005,218,15,19,214,53,HIGH,11.26,4.038
2026-06-04,W02,Warehouse,P005,227,26,14,239,53,MEDIUM,17.07,4.509
2026-06-05,W02,Warehouse,P005,249,29,17,261,53,MEDIUM,15.35,4.925
2026-06-06,W02,Warehouse,P005,272,12,33,251,53,HIGH,7.61,4.736
2026-06-07,W02,Warehouse,P005,273,33,15,291,53,MEDIUM,19.4,5.491
2026-06-08,W02,Warehouse,P005,300,35,32,303,53,HIGH,9.47,5.717
2026-06-09,W02,Warehouse,P005,325,11,49,287,53,HIGH,5.86,5.415
2026-06-10,W02,Warehouse,P005,316,27,41,302,53,HIGH,7.37,5.698
2026-06-11,W02,Warehouse,P005,333,5,49,289,53,HIGH,5.9,5.453
2026-06-12,W02,Warehouse,P005,325,21,3,343,53,LOW,114.33,6.472
2026-06-13,W02,Warehouse,P005,345,3,117,231,53,CRITICAL,1.97,4.358
2026-06-14,W02,Warehouse,P005,317,1,23,295,53,MEDIUM,12.83,5.566
2026-06-15,W02,Warehouse,P005,306,29,25,310,53,MEDIUM,12.4,5.849
2026-06-16,W02,Warehouse,P005,326,19,6,339,53,LOW,56.5,6.396
2026-06-17,W02,Warehouse,P005,343,33,65,311,53,CRITICAL,4.78,5.868
2026-06-18,W02,Warehouse,P005,355,37,113,279,53,CRITICAL,2.47,5.264
2026-06-19,W02,Warehouse,P005,362,15,4,373,53,LOW,93.25,7.038
2026-06-20,W02,Warehouse,P005,376,16,14,378,53,LOW,27.0,7.132
2026-06-21,W02,Warehouse,P005,387,25,14,398,53,LOW,28.43,7.509
2026-06-22,W02,Warehouse,P005,407,46,82,371,53,CRITICAL,4.52,7.0
2026-06-23,W02,Warehouse,P005,429,13,99,343,53,CRITICAL,3.46,6.472
2026-06-24,W02,Warehouse,P005,404,38,38,404,53,HIGH,10.63,7.623
2026-06-25,W02,Warehouse,P005,425,7,60,372,53,HIGH,6.2,7.019
2026-06-26,W02,Warehouse,P005,418,30,122,326,53,CRITICAL,2.67,6.151
2026-06-27,W02,Warehouse,P005,417,13,129,301,53,CRITICAL,2.33,5.679
2026-06-28,W02,Warehouse,P005,400,14,22,392,53,MEDIUM,17.82,7.396
2026-06-29,W02,Warehouse,P005,405,22,12,415,53,LOW,34.58,7.83
2026-06-30,W02,Warehouse,P005,421,21,45,397,53,HIGH,8.82,7.491
2026-06-01,W02,Warehouse,P006,704,24,54,674,154,MEDIUM,12.48,4.377
2026-06-02,W02,Warehouse,P006,674,27,46,655,154,MEDIUM,14.24,4.253
2026-06-03,W02,Warehouse,P006,655,58,43,670,154,MEDIUM,15.58,4.351
2026-06-04,W02,Warehouse,P006,670,22,55,637,154,HIGH,11.58,4.136
2026-06-05,W02,Warehouse,P006,637,18,17,638,154,LOW,37.53,4.143
2026-06-06,W02,Warehouse,P006,638,69,21,686,154,LOW,32.67,4.455
2026-06-07,W02,Warehouse,P006,686,59,2,743,154,LOW,371.5,4.825
2026-06-08,W02,Warehouse,P006,743,56,64,735,154,HIGH,11.48,4.773
2026-06-09,W02,Warehouse,P006,735,64,42,757,154,MEDIUM,18.02,4.916
2026-06-10,W02,Warehouse,P006,757,79,22,814,154,LOW,37.0,5.286
2026-06-11,W02,Warehouse,P006,814,38,5,847,154,LOW,169.4,5.5
2026-06-12,W02,Warehouse,P006,847,73,60,860,154,MEDIUM,14.33,5.584
2026-06-13,W02,Warehouse,P006,860,80,64,876,154,MEDIUM,13.69,5.688
2026-06-14,W02,Warehouse,P006,876,13,57,832,154,MEDIUM,14.6,5.403
2026-06-15,W02,Warehouse,P006,832,79,16,895,154,LOW,55.94,5.812
2026-06-16,W02,Warehouse,P006,895,52,81,866,154,HIGH,10.69,5.623
2026-06-17,W02,Warehouse,P006,866,44,64,846,154,MEDIUM,13.22,5.494
2026-06-18,W02,Warehouse,P006,846,55,55,846,154,MEDIUM,15.38,5.494
2026-06-19,W02,Warehouse,P006,846,65,54,857,154,MEDIUM,15.87,5.565
2026-06-20,W02,Warehouse,P006,857,83,76,864,154,HIGH,11.37,5.61
2026-06-21,W02,Warehouse,P006,864,31,79,816,154,HIGH,10.33,5.299
2026-06-22,W02,Warehouse,P006,816,64,48,832,154,MEDIUM,17.33,5.403
2026-06-23,W02,Warehouse,P006,832,34,34,832,154,MEDIUM,24.47,5.403
2026-06-24,W02,Warehouse,P006,832,67,30,869,154,LOW,28.97,5.643
2026-06-25,W02,Warehouse,P006,869,31,70,830,154,HIGH,11.86,5.39
2026-06-26,W02,Warehouse,P006,830,42,53,819,154,MEDIUM,15.45,5.318
2026-06-27,W02,Warehouse,P006,819,3,6,816,154,LOW,136.0,5.299
2026-06-28,W02,Warehouse,P006,816,86,11,891,154,LOW,81.0,5.786
2026-06-29,W02,Warehouse,P006,891,88,80,899,154,HIGH,11.24,5.838
2026-06-30,W02,Warehouse,P006,899,53,78,874,154,HIGH,11.21,5.675
2026-06-01,W02,Warehouse,P007,636,33,59,610,139,HIGH,10.34,4.388
2026-06-02,W02,Warehouse,P007,610,18,26,602,139,MEDIUM,23.15,4.331
2026-06-03,W02,Warehouse,P007,602,29,47,584,139,MEDIUM,12.43,4.201
2026-06-04,W02,Warehouse,P007,584,3,48,539,139,HIGH,11.23,3.878
2026-06-05,W02,Warehouse,P007,539,1,16,524,139,LOW,32.75,3.77
2026-06-06,W02,Warehouse,P007,524,38,7,555,139,LOW,79.29,3.993
2026-06-07,W02,Warehouse,P007,555,33,54,534,139,HIGH,9.89,3.842
2026-06-08,W02,Warehouse,P007,534,54,1,587,139,LOW,587.0,4.223
2026-06-09,W02,Warehouse,P007,587,43,34,596,139,MEDIUM,17.53,4.288
2026-06-10,W02,Warehouse,P007,596,5,38,563,139,MEDIUM,14.82,4.05
2026-06-11,W02,Warehouse,P007,563,36,38,561,139,MEDIUM,14.76,4.036
2026-06-12,W02,Warehouse,P007,561,20,14,567,139,LOW,40.5,4.079
2026-06-13,W02,Warehouse,P007,567,51,40,578,139,MEDIUM,14.45,4.158
2026-06-14,W02,Warehouse,P007,578,11,12,577,139,LOW,48.08,4.151
2026-06-15,W02,Warehouse,P007,577,42,47,572,139,MEDIUM,12.17,4.115
2026-06-16,W02,Warehouse,P007,572,14,12,574,139,LOW,47.83,4.129
2026-06-17,W02,Warehouse,P007,574,57,39,592,139,MEDIUM,15.18,4.259
2026-06-18,W02,Warehouse,P007,592,66,46,612,139,MEDIUM,13.3,4.403
2026-06-19,W02,Warehouse,P007,612,72,11,673,139,LOW,61.18,4.842
2026-06-20,W02,Warehouse,P007,673,22,15,680,139,LOW,45.33,4.892
2026-06-21,W02,Warehouse,P007,680,4,52,632,139,MEDIUM,12.15,4.547
2026-06-22,W02,Warehouse,P007,632,52,5,679,139,LOW,135.8,4.885
2026-06-23,W02,Warehouse,P007,679,16,12,683,139,LOW,56.92,4.914
2026-06-24,W02,Warehouse,P007,683,34,30,687,139,MEDIUM,22.9,4.942
2026-06-25,W02,Warehouse,P007,687,24,63,648,139,HIGH,10.29,4.662
2026-06-26,W02,Warehouse,P007,648,17,35,630,139,MEDIUM,18.0,4.532
2026-06-27,W02,Warehouse,P007,630,34,24,640,139,LOW,26.67,4.604
2026-06-28,W02,Warehouse,P007,640,66,62,644,139,HIGH,10.39,4.633
2026-06-29,W02,Warehouse,P007,644,0,29,615,139,MEDIUM,21.21,4.424
2026-06-30,W02,Warehouse,P007,615,9,26,598,139,MEDIUM,23.0,4.302
2026-06-01,W02,Warehouse,P008,315,24,51,288,69,HIGH,5.65,4.174
2026-06-02,W02,Warehouse,P008,327,12,20,319,69,MEDIUM,15.95,4.623
2026-06-03,W02,Warehouse,P008,330,12,22,320,69,MEDIUM,14.55,4.638
2026-06-04,W02,Warehouse,P008,332,15,46,301,69,HIGH,6.54,4.362
2026-06-05,W02,Warehouse,P008,325,3,4,324,69,LOW,81.0,4.696
2026-06-06,W02,Warehouse,P008,327,20,81,266,69,CRITICAL,3.28,3.855
2026-06-07,W02,Warehouse,P008,326,10,22,314,69,MEDIUM,14.27,4.551
2026-06-08,W02,Warehouse,P008,330,25,24,331,69,MEDIUM,13.79,4.797
2026-06-09,W02,Warehouse,P008,343,30,15,358,69,MEDIUM,23.87,5.188
2026-06-10,W02,Warehouse,P008,369,5,57,317,69,HIGH,5.56,4.594
2026-06-11,W02,Warehouse,P008,355,17,57,315,69,HIGH,5.53,4.565
2026-06-12,W02,Warehouse,P008,347,21,32,336,69,HIGH,10.5,4.87
2026-06-13,W02,Warehouse,P008,356,7,16,347,69,MEDIUM,21.69,5.029
2026-06-14,W02,Warehouse,P008,358,33,19,372,69,MEDIUM,19.58,5.391
2026-06-15,W02,Warehouse,P008,384,24,134,274,69,CRITICAL,2.04,3.971
2026-06-16,W02,Warehouse,P008,377,42,28,391,69,MEDIUM,13.96,5.667
2026-06-17,W02,Warehouse,P008,410,5,88,327,69,CRITICAL,3.72,4.739
2026-06-18,W02,Warehouse,P008,384,32,43,373,69,HIGH,8.67,5.406
2026-06-19,W02,Warehouse,P008,404,29,25,408,69,MEDIUM,16.32,5.913
2026-06-20,W02,Warehouse,P008,426,37,57,406,69,HIGH,7.12,5.884
2026-06-21,W02,Warehouse,P008,433,16,69,380,69,HIGH,5.51,5.507
2026-06-22,W02,Warehouse,P008,429,17,3,443,69,LOW,147.67,6.42
2026-06-23,W02,Warehouse,P008,445,7,119,333,69,CRITICAL,2.8,4.826
2026-06-24,W02,Warehouse,P008,410,23,22,411,69,MEDIUM,18.68,5.957
2026-06-25,W02,Warehouse,P008,427,2,46,383,69,HIGH,8.33,5.551
2026-06-26,W02,Warehouse,P008,415,50,42,423,69,HIGH,10.07,6.13
2026-06-27,W02,Warehouse,P008,450,55,51,454,69,HIGH,8.9,6.58
2026-06-28,W02,Warehouse,P008,483,45,117,411,69,CRITICAL,3.51,5.957
2026-06-29,W02,Warehouse,P008,491,1,0,492,69,LOW,999.0,7.13
2026-06-30,W02,Warehouse,P008,492,56,188,360,69,CRITICAL,1.91,5.217
2026-06-01,W02,Warehouse,P009,380,6,24,362,83,MEDIUM,15.08,4.361
2026-06-02,W02,Warehouse,P009,362,41,34,369,83,HIGH,10.85,4.446
2026-06-03,W02,Warehouse,P009,369,13,29,353,83,MEDIUM,12.17,4.253
2026-06-04,W02,Warehouse,P009,353,28,32,349,83,HIGH,10.91,4.205
2026-06-05,W02,Warehouse,P009,349,6,20,335,83,MEDIUM,16.75,4.036
2026-06-06,W02,Warehouse,P009,335,1,11,325,83,LOW,29.55,3.916
2026-06-07,W02,Warehouse,P009,325,0,14,311,83,MEDIUM,22.21,3.747
2026-06-08,W02,Warehouse,P009,311,30,20,321,83,MEDIUM,16.05,3.867
2026-06-09,W02,Warehouse,P009,321,12,13,320,83,MEDIUM,24.62,3.855
2026-06-10,W02,Warehouse,P009,320,14,23,311,83,MEDIUM,13.52,3.747
2026-06-11,W02,Warehouse,P009,311,10,2,319,83,LOW,159.5,3.843
2026-06-12,W02,Warehouse,P009,319,19,25,313,83,MEDIUM,12.52,3.771
2026-06-13,W02,Warehouse,P009,313,18,6,325,83,LOW,54.17,3.916
2026-06-14,W02,Warehouse,P009,325,1,30,296,83,HIGH,9.87,3.566
2026-06-15,W02,Warehouse,P009,296,28,4,320,83,LOW,80.0,3.855
2026-06-16,W02,Warehouse,P009,320,2,4,318,83,LOW,79.5,3.831
2026-06-17,W02,Warehouse,P009,318,14,25,307,83,MEDIUM,12.28,3.699
2026-06-18,W02,Warehouse,P009,307,6,24,289,83,MEDIUM,12.04,3.482
2026-06-19,W02,Warehouse,P009,289,0,20,269,83,MEDIUM,13.45,3.241
2026-06-20,W02,Warehouse,P009,269,9,24,254,83,HIGH,10.58,3.06
2026-06-21,W02,Warehouse,P009,254,14,6,262,83,LOW,43.67,3.157
2026-06-22,W02,Warehouse,P009,262,7,21,248,83,HIGH,11.81,2.988
2026-06-23,W02,Warehouse,P009,248,12,8,252,83,LOW,31.5,3.036
2026-06-24,W02,Warehouse,P009,252,22,13,261,83,MEDIUM,20.08,3.145
2026-06-25,W02,Warehouse,P009,261,21,11,271,83,MEDIUM,24.64,3.265
2026-06-26,W02,Warehouse,P009,271,2,0,273,83,LOW,999.0,3.289
2026-06-27,W02,Warehouse,P009,273,1,15,259,83,MEDIUM,17.27,3.12
2026-06-28,W02,Warehouse,P009,259,16,18,257,83,MEDIUM,14.28,3.096
2026-06-29,W02,Warehouse,P009,257,28,4,281,83,LOW,70.25,3.386
2026-06-30,W02,Warehouse,P009,281,33,26,288,83,HIGH,11.08,3.47
2026-06-01,W02,Warehouse,P010,547,41,91,497,120,HIGH,5.46,4.142
2026-06-02,W02,Warehouse,P010,560,12,37,535,120,MEDIUM,14.46,4.458
2026-06-03,W02,Warehouse,P010,563,1,104,460,120,CRITICAL,4.42,3.833
2026-06-04,W02,Warehouse,P010,528,28,36,520,120,MEDIUM,14.44,4.333
2026-06-05,W02,Warehouse,P010,547,9,6,550,120,LOW,91.67,4.583
2026-06-06,W02,Warehouse,P010,553,44,98,499,120,HIGH,5.09,4.158
2026-06-07,W02,Warehouse,P010,560,44,13,591,120,LOW,45.46,4.925
2026-06-08,W02,Warehouse,P010,598,3,12,589,120,LOW,49.08,4.908
2026-06-09,W02,Warehouse,P010,595,55,180,470,120,CRITICAL,2.61,3.917
2026-06-10,W02,Warehouse,P010,607,22,11,618,120,LOW,56.18,5.15
2026-06-11,W02,Warehouse,P010,626,24,173,477,120,CRITICAL,2.76,3.975
2026-06-12,W02,Warehouse,P010,600,10,152,458,120,CRITICAL,3.01,3.817
2026-06-13,W02,Warehouse,P010,563,32,23,572,120,MEDIUM,24.87,4.767
2026-06-14,W02,Warehouse,P010,588,68,105,551,120,HIGH,5.25,4.592
2026-06-15,W02,Warehouse,P010,626,52,20,658,120,LOW,32.9,5.483
2026-06-16,W02,Warehouse,P010,673,31,142,562,120,CRITICAL,3.96,4.683
2026-06-17,W02,Warehouse,P010,662,52,15,699,120,LOW,46.6,5.825
2026-06-18,W02,Warehouse,P010,710,53,174,589,120,CRITICAL,3.39,4.908
2026-06-19,W02,Warehouse,P010,696,68,61,703,120,HIGH,11.52,5.858
2026-06-20,W02,Warehouse,P010,750,84,101,733,120,HIGH,7.26,6.108
2026-06-21,W02,Warehouse,P010,783,5,29,759,120,LOW,26.17,6.325
2026-06-22,W02,Warehouse,P010,778,89,66,801,120,MEDIUM,12.14,6.675
2026-06-23,W02,Warehouse,P010,851,10,89,772,120,HIGH,8.67,6.433
2026-06-24,W02,Warehouse,P010,823,53,104,772,120,HIGH,7.42,6.433
2026-06-25,W02,Warehouse,P010,830,67,231,666,120,CRITICAL,2.88,5.55
2026-06-26,W02,Warehouse,P010,815,76,6,885,120,LOW,147.5,7.375
2026-06-27,W02,Warehouse,P010,889,9,0,898,120,LOW,999.0,7.483
2026-06-28,W02,Warehouse,P010,898,44,124,818,120,HIGH,6.6,6.817
2026-06-29,W02,Warehouse,P010,911,105,101,915,120,HIGH,9.06,7.625
2026-06-30,W02,Warehouse,P010,983,3,373,613,120,CRITICAL,1.64,5.108
2026-06-01,W02,Warehouse,P011,42,1,11,32,10,CRITICAL,2.91,3.2
2026-06-02,W02,Warehouse,P011,40,3,12,31,10,CRITICAL,2.58,3.1
2026-06-03,W02,Warehouse,P011,40,4,0,44,10,LOW,999.0,4.4
2026-06-04,W02,Warehouse,P011,44,3,3,44,10,MEDIUM,14.67,4.4
2026-06-05,W02,Warehouse,P011,46,3,4,45,10,HIGH,11.25,4.5
2026-06-06,W02,Warehouse,P011,47,2,2,47,10,MEDIUM,23.5,4.7
2026-06-07,W02,Warehouse,P011,48,5,7,46,10,HIGH,6.57,4.6
2026-06-08,W02,Warehouse,P011,51,5,2,54,10,LOW,27.0,5.4
2026-06-09,W02,Warehouse,P011,55,5,3,57,10,MEDIUM,19.0,5.7
2026-06-10,W02,Warehouse,P011,59,3,15,47,10,CRITICAL,3.13,4.7
2026-06-11,W02,Warehouse,P011,58,2,2,58,10,LOW,29.0,5.8
2026-06-12,W02,Warehouse,P011,59,6,12,53,10,CRITICAL,4.42,5.3
2026-06-13,W02,Warehouse,P011,61,2,4,59,10,MEDIUM,14.75,5.9
2026-06-14,W02,Warehouse,P011,62,1,0,63,10,LOW,999.0,6.3
2026-06-15,W02,Warehouse,P011,63,3,3,63,10,MEDIUM,21.0,6.3
2026-06-16,W02,Warehouse,P011,65,6,4,67,10,MEDIUM,16.75,6.7
2026-06-17,W02,Warehouse,P011,70,5,12,63,10,HIGH,5.25,6.3
2026-06-18,W02,Warehouse,P011,72,5,0,77,10,LOW,999.0,7.7
2026-06-19,W02,Warehouse,P011,77,4,12,69,10,HIGH,5.75,6.9
2026-06-20,W02,Warehouse,P011,77,3,22,58,10,CRITICAL,2.64,5.8
2026-06-21,W02,Warehouse,P011,74,4,8,70,10,HIGH,8.75,7.0
2026-06-22,W02,Warehouse,P011,76,0,3,73,10,MEDIUM,24.33,7.3
2026-06-23,W02,Warehouse,P011,75,4,9,70,10,HIGH,7.78,7.0
2026-06-24,W02,Warehouse,P011,77,7,21,63,10,CRITICAL,3.0,6.3
2026-06-25,W02,Warehouse,P011,79,1,12,68,10,HIGH,5.67,6.8
2026-06-26,W02,Warehouse,P011,76,4,0,80,10,LOW,999.0,8.0
2026-06-27,W02,Warehouse,P011,80,6,13,73,10,HIGH,5.62,7.3
2026-06-28,W02,Warehouse,P011,82,0,11,71,10,HIGH,6.45,7.1
2026-06-29,W02,Warehouse,P011,79,6,8,77,10,HIGH,9.62,7.7
2026-06-30,W02,Warehouse,P011,83,3,0,86,10,LOW,999.0,8.6
2026-06-01,W02,Warehouse,P012,203,5,40,168,44,CRITICAL,4.2,3.818
2026-06-02,W02,Warehouse,P012,189,14,8,195,44,MEDIUM,24.38,4.432
2026-06-03,W02,Warehouse,P012,200,12,13,199,44,MEDIUM,15.31,4.523
2026-06-04,W02,Warehouse,P012,209,11,6,214,44,LOW,35.67,4.864
2026-06-05,W02,Warehouse,P012,218,16,45,189,44,CRITICAL,4.2,4.295
2026-06-06,W02,Warehouse,P012,223,17,28,212,44,HIGH,7.57,4.818
2026-06-07,W02,Warehouse,P012,231,8,13,226,44,MEDIUM,17.38,5.136
2026-06-08,W02,Warehouse,P012,234,6,37,203,44,HIGH,5.49,4.614
2026-06-09,W02,Warehouse,P012,231,12,50,193,44,CRITICAL,3.86,4.386
2026-06-10,W02,Warehouse,P012,228,1,17,212,44,MEDIUM,12.47,4.818
2026-06-11,W02,Warehouse,P012,223,23,40,206,44,HIGH,5.15,4.682
2026-06-12,W02,Warehouse,P012,226,26,13,239,44,MEDIUM,18.38,5.432
2026-06-13,W02,Warehouse,P012,246,4,9,241,44,LOW,26.78,5.477
2026-06-14,W02,Warehouse,P012,246,3,62,187,44,CRITICAL,3.02,4.25
2026-06-15,W02,Warehouse,P012,227,24,58,193,44,CRITICAL,3.33,4.386
2026-06-16,W02,Warehouse,P012,234,21,19,236,44,MEDIUM,12.42,5.364
2026-06-17,W02,Warehouse,P012,248,14,41,221,44,HIGH,5.39,5.023
2026-06-18,W02,Warehouse,P012,242,24,31,235,44,HIGH,7.58,5.341
2026-06-19,W02,Warehouse,P012,254,25,23,256,44,HIGH,11.13,5.818
2026-06-20,W02,Warehouse,P012,271,13,96,188,44,CRITICAL,1.96,4.273
2026-06-21,W02,Warehouse,P012,262,12,55,219,44,CRITICAL,3.98,4.977
2026-06-22,W02,Warehouse,P012,255,14,15,254,44,MEDIUM,16.93,5.773
2026-06-23,W02,Warehouse,P012,262,7,50,219,44,CRITICAL,4.38,4.977
2026-06-24,W02,Warehouse,P012,254,14,38,230,44,HIGH,6.05,5.227
2026-06-25,W02,Warehouse,P012,259,23,0,282,44,LOW,999.0,6.409
2026-06-26,W02,Warehouse,P012,282,3,104,181,44,CRITICAL,1.74,4.114
2026-06-27,W02,Warehouse,P012,259,21,55,225,44,CRITICAL,4.09,5.114
2026-06-28,W02,Warehouse,P012,267,0,52,215,44,CRITICAL,4.13,4.886
2026-06-29,W02,Warehouse,P012,252,13,61,204,44,CRITICAL,3.34,4.636
2026-06-30,W02,Warehouse,P012,251,1,26,226,44,HIGH,8.69,5.136
2026-06-01,W02,Warehouse,P013,96,6,8,94,21,HIGH,11.75,4.476
2026-06-02,W02,Warehouse,P013,100,0,36,64,21,CRITICAL,1.78,3.048
2026-06-03,W02,Warehouse,P013,91,7,21,77,21,CRITICAL,3.67,3.667
2026-06-04,W02,Warehouse,P013,93,8,19,82,21,CRITICAL,4.32,3.905
2026-06-05,W02,Warehouse,P013,95,1,15,81,21,HIGH,5.4,3.857
2026-06-06,W02,Warehouse,P013,92,9,5,96,21,MEDIUM,19.2,4.571
2026-06-07,W02,Warehouse,P013,99,11,0,110,21,LOW,999.0,5.238
2026-06-08,W02,Warehouse,P013,110,4,8,106,21,MEDIUM,13.25,5.048
2026-06-09,W02,Warehouse,P013,111,8,3,116,21,LOW,38.67,5.524
2026-06-10,W02,Warehouse,P013,118,3,25,96,21,CRITICAL,3.84,4.571
2026-06-11,W02,Warehouse,P013,114,3,25,92,21,CRITICAL,3.68,4.381
2026-06-12,W02,Warehouse,P013,108,11,7,112,21,MEDIUM,16.0,5.333
2026-06-13,W02,Warehouse,P013,116,7,8,115,21,MEDIUM,14.38,5.476
2026-06-14,W02,Warehouse,P013,120,5,28,97,21,CRITICAL,3.46,4.619
2026-06-15,W02,Warehouse,P013,117,4,4,117,21,LOW,29.25,5.571
2026-06-16,W02,Warehouse,P013,120,3,41,82,21,CRITICAL,2.0,3.905
2026-06-17,W02,Warehouse,P013,112,3,9,106,21,HIGH,11.78,5.048
2026-06-18,W02,Warehouse,P013,111,8,4,115,21,LOW,28.75,5.476
2026-06-19,W02,Warehouse,P013,118,3,4,117,21,LOW,29.25,5.571
2026-06-20,W02,Warehouse,P013,120,13,22,111,21,HIGH,5.05,5.286
2026-06-21,W02,Warehouse,P013,122,11,5,128,21,LOW,25.6,6.095
2026-06-22,W02,Warehouse,P013,131,9,25,115,21,CRITICAL,4.6,5.476
2026-06-23,W02,Warehouse,P013,132,13,6,139,21,MEDIUM,23.17,6.619
2026-06-24,W02,Warehouse,P013,143,12,4,151,21,LOW,37.75,7.19
2026-06-25,W02,Warehouse,P013,153,10,31,132,21,CRITICAL,4.26,6.286
2026-06-26,W02,Warehouse,P013,150,1,4,147,21,LOW,36.75,7.0
2026-06-27,W02,Warehouse,P013,149,14,0,163,21,LOW,999.0,7.762
2026-06-28,W02,Warehouse,P013,163,13,21,155,21,HIGH,7.38,7.381
2026-06-29,W02,Warehouse,P013,168,7,51,124,21,CRITICAL,2.43,5.905
2026-06-30,W02,Warehouse,P013,162,16,16,162,21,HIGH,10.12,7.714
2026-06-01,W02,Warehouse,P014,54,0,0,54,11,LOW,999.0,4.909
2026-06-02,W02,Warehouse,P014,54,0,14,40,11,CRITICAL,2.86,3.636
2026-06-03,W02,Warehouse,P014,50,3,10,43,11,CRITICAL,4.3,3.909
2026-06-04,W02,Warehouse,P014,50,1,9,42,11,CRITICAL,4.67,3.818
2026-06-05,W02,Warehouse,P014,47,3,7,43,11,HIGH,6.14,3.909
2026-06-06,W02,Warehouse,P014,47,2,5,44,11,HIGH,8.8,4.0
2026-06-07,W02,Warehouse,P014,47,2,3,46,11,MEDIUM,15.33,4.182
2026-06-08,W02,Warehouse,P014,48,3,3,48,11,MEDIUM,16.0,4.364
2026-06-09,W02,Warehouse,P014,50,5,9,46,11,HIGH,5.11,4.182
2026-06-10,W02,Warehouse,P014,52,4,10,46,11,CRITICAL,4.6,4.182
2026-06-11,W02,Warehouse,P014,53,2,17,38,11,CRITICAL,2.24,3.455
2026-06-12,W02,Warehouse,P014,51,1,5,47,11,HIGH,9.4,4.273
2026-06-13,W02,Warehouse,P014,50,0,3,47,11,MEDIUM,15.67,4.273
2026-06-14,W02,Warehouse,P014,49,3,3,49,11,MEDIUM,16.33,4.455
2026-06-15,W02,Warehouse,P014,51,5,11,45,11,CRITICAL,4.09,4.091
2026-06-16,W02,Warehouse,P014,53,2,7,48,11,HIGH,6.86,4.364
2026-06-17,W02,Warehouse,P014,53,3,11,45,11,CRITICAL,4.09,4.091
2026-06-18,W02,Warehouse,P014,53,1,5,49,11,HIGH,9.8,4.455
2026-06-19,W02,Warehouse,P014,52,3,0,55,11,LOW,999.0,5.0
2026-06-20,W02,Warehouse,P014,55,5,8,52,11,HIGH,6.5,4.727
2026-06-21,W02,Warehouse,P014,58,1,9,50,11,HIGH,5.56,4.545
2026-06-22,W02,Warehouse,P014,56,4,17,43,11,CRITICAL,2.53,3.909
2026-06-23,W02,Warehouse,P014,56,0,6,50,11,HIGH,8.33,4.545
2026-06-24,W02,Warehouse,P014,54,1,6,49,11,HIGH,8.17,4.455
2026-06-25,W02,Warehouse,P014,53,3,6,50,11,HIGH,8.33,4.545
2026-06-26,W02,Warehouse,P014,54,5,6,53,11,HIGH,8.83,4.818
2026-06-27,W02,Warehouse,P014,57,2,0,59,11,LOW,999.0,5.364
2026-06-28,W02,Warehouse,P014,59,2,9,52,11,HIGH,5.78,4.727
2026-06-29,W02,Warehouse,P014,57,3,13,47,11,CRITICAL,3.62,4.273
2026-06-30,W02,Warehouse,P014,56,3,7,52,11,HIGH,7.43,4.727
2026-06-01,W02,Warehouse,P015,106,5,5,106,23,MEDIUM,21.2,4.609
2026-06-02,W02,Warehouse,P015,106,0,0,106,23,LOW,999.0,4.609
2026-06-03,W02,Warehouse,P015,106,6,5,107,23,MEDIUM,21.4,4.652
2026-06-04,W02,Warehouse,P015,107,7,4,110,23,LOW,27.5,4.783
2026-06-05,W02,Warehouse,P015,110,3,7,106,23,MEDIUM,15.14,4.609
2026-06-06,W02,Warehouse,P015,106,7,0,113,23,LOW,999.0,4.913
2026-06-07,W02,Warehouse,P015,113,6,7,112,23,MEDIUM,16.0,4.87
2026-06-08,W02,Warehouse,P015,112,10,3,119,23,LOW,39.67,5.174
2026-06-09,W02,Warehouse,P015,119,12,7,124,23,MEDIUM,17.71,5.391
2026-06-10,W02,Warehouse,P015,124,6,7,123,23,MEDIUM,17.57,5.348
2026-06-11,W02,Warehouse,P015,123,13,2,134,23,LOW,67.0,5.826
2026-06-12,W02,Warehouse,P015,134,2,5,131,23,LOW,26.2,5.696
2026-06-13,W02,Warehouse,P015,131,1,10,122,23,MEDIUM,12.2,5.304
2026-06-14,W02,Warehouse,P015,122,14,7,129,23,MEDIUM,18.43,5.609
2026-06-15,W02,Warehouse,P015,129,15,0,144,23,LOW,999.0,6.261
2026-06-16,W02,Warehouse,P015,144,11,6,149,23,MEDIUM,24.83,6.478
2026-06-17,W02,Warehouse,P015,149,4,4,149,23,LOW,37.25,6.478
2026-06-18,W02,Warehouse,P015,149,9,8,150,23,MEDIUM,18.75,6.522
2026-06-19,W02,Warehouse,P015,150,2,9,143,23,MEDIUM,15.89,6.217
2026-06-20,W02,Warehouse,P015,143,15,0,158,23,LOW,999.0,6.87
2026-06-21,W02,Warehouse,P015,158,16,9,165,23,MEDIUM,18.33,7.174
2026-06-22,W02,Warehouse,P015,165,6,11,160,23,MEDIUM,14.55,6.957
2026-06-23,W02,Warehouse,P015,160,12,12,160,23,MEDIUM,13.33,6.957
2026-06-24,W02,Warehouse,P015,160,1,0,161,23,LOW,999.0,7.0
2026-06-25,W02,Warehouse,P015,161,12,4,169,23,LOW,42.25,7.348
2026-06-26,W02,Warehouse,P015,169,5,6,168,23,LOW,28.0,7.304
2026-06-27,W02,Warehouse,P015,168,15,2,181,23,LOW,90.5,7.87
2026-06-28,W02,Warehouse,P015,181,21,7,195,23,LOW,27.86,8.478
2026-06-29,W02,Warehouse,P015,195,3,1,197,23,LOW,197.0,8.565
2026-06-30,W02,Warehouse,P015,197,20,2,215,23,LOW,107.5,9.348
2026-06-01,W03,Warehouse,P001,693,36,185,544,152,CRITICAL,2.94,3.579
2026-06-02,W03,Warehouse,P001,683,43,58,668,152,HIGH,11.52,4.395
2026-06-03,W03,Warehouse,P001,709,9,211,507,152,CRITICAL,2.4,3.336
2026-06-04,W03,Warehouse,P001,669,40,12,697,152,LOW,58.08,4.586
2026-06-05,W03,Warehouse,P001,706,15,108,613,152,HIGH,5.68,4.033
2026-06-06,W03,Warehouse,P001,682,14,105,591,152,HIGH,5.63,3.888
2026-06-07,W03,Warehouse,P001,670,10,228,452,152,CRITICAL,1.98,2.974
2026-06-08,W03,Warehouse,P001,627,49,122,554,152,CRITICAL,4.54,3.645
2026-06-09,W03,Warehouse,P001,628,4,79,553,152,HIGH,7.0,3.638
2026-06-10,W03,Warehouse,P001,609,20,96,533,152,HIGH,5.55,3.507
2026-06-11,W03,Warehouse,P001,592,60,46,606,152,MEDIUM,13.17,3.987
2026-06-12,W03,Warehouse,P001,639,60,77,622,152,HIGH,8.08,4.092
2026-06-13,W03,Warehouse,P001,663,67,19,711,152,LOW,37.42,4.678
2026-06-14,W03,Warehouse,P001,725,89,91,723,152,HIGH,7.95,4.757
2026-06-15,W03,Warehouse,P001,783,27,47,763,152,MEDIUM,16.23,5.02
2026-06-16,W03,Warehouse,P001,796,97,136,757,152,HIGH,5.57,4.98
2026-06-17,W03,Warehouse,P001,824,13,131,706,152,HIGH,5.39,4.645
2026-06-18,W03,Warehouse,P001,801,73,148,726,152,CRITICAL,4.91,4.776
2026-06-19,W03,Warehouse,P001,827,19,100,746,152,HIGH,7.46,4.908
2026-06-20,W03,Warehouse,P001,817,37,62,792,152,MEDIUM,12.77,5.211
2026-06-21,W03,Warehouse,P001,831,98,36,893,152,MEDIUM,24.81,5.875
2026-06-22,W03,Warehouse,P001,913,80,245,748,152,CRITICAL,3.05,4.921
2026-06-23,W03,Warehouse,P001,911,89,307,693,152,CRITICAL,2.26,4.559
2026-06-24,W03,Warehouse,P001,928,18,30,916,152,LOW,30.53,6.026
2026-06-25,W03,Warehouse,P001,934,90,248,776,152,CRITICAL,3.13,5.105
2026-06-26,W03,Warehouse,P001,955,88,79,964,152,MEDIUM,12.2,6.342
2026-06-27,W03,Warehouse,P001,1004,65,4,1065,152,LOW,266.25,7.007
2026-06-28,W03,Warehouse,P001,1068,38,140,966,152,HIGH,6.9,6.355
2026-06-29,W03,Warehouse,P001,1050,16,39,1027,152,LOW,26.33,6.757
2026-06-30,W03,Warehouse,P001,1053,5,62,996,152,MEDIUM,16.06,6.553
2026-06-01,W03,Warehouse,P002,328,40,48,320,72,HIGH,6.67,4.444
2026-06-02,W03,Warehouse,P002,346,40,22,364,72,MEDIUM,16.55,5.056
2026-06-03,W03,Warehouse,P002,378,28,89,317,72,CRITICAL,3.56,4.403
2026-06-04,W03,Warehouse,P002,374,16,77,313,72,CRITICAL,4.06,4.347
2026-06-05,W03,Warehouse,P002,366,31,126,271,72,CRITICAL,2.15,3.764
2026-06-06,W03,Warehouse,P002,368,44,68,344,72,HIGH,5.06,4.778
2026-06-07,W03,Warehouse,P002,390,27,138,279,72,CRITICAL,2.02,3.875
2026-06-08,W03,Warehouse,P002,384,32,40,376,72,HIGH,9.4,5.222
2026-06-09,W03,Warehouse,P002,403,31,46,388,72,HIGH,8.43,5.389
2026-06-10,W03,Warehouse,P002,413,11,52,372,72,HIGH,7.15,5.167
2026-06-11,W03,Warehouse,P002,403,31,105,329,72,CRITICAL,3.13,4.569
2026-06-12,W03,Warehouse,P002,398,28,16,410,72,LOW,25.62,5.694
2026-06-13,W03,Warehouse,P002,420,51,98,373,72,CRITICAL,3.81,5.181
2026-06-14,W03,Warehouse,P002,447,15,119,343,72,CRITICAL,2.88,4.764
2026-06-15,W03,Warehouse,P002,429,20,50,399,72,HIGH,7.98,5.542
2026-06-16,W03,Warehouse,P002,434,45,116,363,72,CRITICAL,3.13,5.042
2026-06-17,W03,Warehouse,P002,442,28,46,424,72,HIGH,9.22,5.889
2026-06-18,W03,Warehouse,P002,454,48,24,478,72,MEDIUM,19.92,6.639
2026-06-19,W03,Warehouse,P002,495,45,62,478,72,HIGH,7.71,6.639
2026-06-20,W03,Warehouse,P002,512,54,48,518,72,HIGH,10.79,7.194
2026-06-21,W03,Warehouse,P002,545,56,0,601,72,LOW,999.0,8.347
2026-06-22,W03,Warehouse,P002,601,56,9,648,72,LOW,72.0,9.0
2026-06-23,W03,Warehouse,P002,653,52,43,662,72,MEDIUM,15.4,9.194
2026-06-24,W03,Warehouse,P002,693,82,104,671,72,HIGH,6.45,9.319
2026-06-25,W03,Warehouse,P002,722,9,147,584,72,CRITICAL,3.97,8.111
2026-06-26,W03,Warehouse,P002,667,20,150,537,72,CRITICAL,3.58,7.458
2026-06-27,W03,Warehouse,P002,651,6,26,631,72,MEDIUM,24.27,8.764
2026-06-28,W03,Warehouse,P002,651,19,106,564,72,HIGH,5.32,7.833
2026-06-29,W03,Warehouse,P002,636,42,166,512,72,CRITICAL,3.08,7.111
2026-06-30,W03,Warehouse,P002,625,12,176,461,72,CRITICAL,2.62,6.403
2026-06-01,W03,Warehouse,P003,500,0,14,486,110,LOW,34.71,4.418
2026-06-02,W03,Warehouse,P003,486,10,5,491,110,LOW,98.2,4.464
2026-06-03,W03,Warehouse,P003,491,35,44,482,110,HIGH,10.95,4.382
2026-06-04,W03,Warehouse,P003,482,40,40,482,110,MEDIUM,12.05,4.382
2026-06-05,W03,Warehouse,P003,482,35,2,515,110,LOW,257.5,4.682
2026-06-06,W03,Warehouse,P003,515,22,42,495,110,HIGH,11.79,4.5
2026-06-07,W03,Warehouse,P003,495,2,4,493,110,LOW,123.25,4.482
2026-06-08,W03,Warehouse,P003,493,50,3,540,110,LOW,180.0,4.909
2026-06-09,W03,Warehouse,P003,540,64,40,564,110,MEDIUM,14.1,5.127
2026-06-10,W03,Warehouse,P003,564,46,30,580,110,MEDIUM,19.33,5.273
2026-06-11,W03,Warehouse,P003,580,6,24,562,110,MEDIUM,23.42,5.109
2026-06-12,W03,Warehouse,P003,562,56,50,568,110,HIGH,11.36,5.164
2026-06-13,W03,Warehouse,P003,568,31,47,552,110,HIGH,11.74,5.018
2026-06-14,W03,Warehouse,P003,552,53,3,602,110,LOW,200.67,5.473
2026-06-15,W03,Warehouse,P003,602,46,36,612,110,MEDIUM,17.0,5.564
2026-06-16,W03,Warehouse,P003,612,41,47,606,110,MEDIUM,12.89,5.509
2026-06-17,W03,Warehouse,P003,606,66,33,639,110,MEDIUM,19.36,5.809
2026-06-18,W03,Warehouse,P003,639,25,61,603,110,HIGH,9.89,5.482
2026-06-19,W03,Warehouse,P003,603,72,41,634,110,MEDIUM,15.46,5.764
2026-06-20,W03,Warehouse,P003,634,50,6,678,110,LOW,113.0,6.164
2026-06-21,W03,Warehouse,P003,678,33,13,698,110,LOW,53.69,6.345
2026-06-22,W03,Warehouse,P003,698,44,57,685,110,MEDIUM,12.02,6.227
2026-06-23,W03,Warehouse,P003,685,19,67,637,110,HIGH,9.51,5.791
2026-06-24,W03,Warehouse,P003,637,10,6,641,110,LOW,106.83,5.827
2026-06-25,W03,Warehouse,P003,641,77,6,712,110,LOW,118.67,6.473
2026-06-26,W03,Warehouse,P003,712,65,54,723,110,MEDIUM,13.39,6.573
2026-06-27,W03,Warehouse,P003,723,29,4,748,110,LOW,187.0,6.8
2026-06-28,W03,Warehouse,P003,748,28,5,771,110,LOW,154.2,7.009
2026-06-29,W03,Warehouse,P003,771,64,68,767,110,HIGH,11.28,6.973
2026-06-30,W03,Warehouse,P003,767,94,60,801,110,MEDIUM,13.35,7.282
2026-06-01,W03,Warehouse,P004,677,65,117,625,148,HIGH,5.34,4.223
2026-06-02,W03,Warehouse,P004,683,65,131,617,148,CRITICAL,4.71,4.169
2026-06-03,W03,Warehouse,P004,704,87,47,744,148,MEDIUM,15.83,5.027
2026-06-04,W03,Warehouse,P004,769,39,197,611,148,CRITICAL,3.1,4.128
2026-06-05,W03,Warehouse,P004,740,28,96,672,148,HIGH,7.0,4.541
2026-06-06,W03,Warehouse,P004,746,14,76,684,148,HIGH,9.0,4.622
2026-06-07,W03,Warehouse,P004,740,54,284,510,148,CRITICAL,1.8,3.446
2026-06-08,W03,Warehouse,P004,729,12,184,557,148,CRITICAL,3.03,3.764
2026-06-09,W03,Warehouse,P004,692,65,209,548,148,CRITICAL,2.62,3.703
2026-06-10,W03,Warehouse,P004,696,65,38,723,148,MEDIUM,19.03,4.885
2026-06-11,W03,Warehouse,P004,751,45,252,544,148,CRITICAL,2.16,3.676
2026-06-12,W03,Warehouse,P004,725,81,135,671,148,CRITICAL,4.97,4.534
2026-06-13,W03,Warehouse,P004,762,91,132,721,148,HIGH,5.46,4.872
2026-06-14,W03,Warehouse,P004,803,6,234,575,148,CRITICAL,2.46,3.885
2026-06-15,W03,Warehouse,P004,736,15,69,682,148,HIGH,9.88,4.608
2026-06-16,W03,Warehouse,P004,724,21,159,586,148,CRITICAL,3.69,3.959
2026-06-17,W03,Warehouse,P004,694,2,100,596,148,HIGH,5.96,4.027
2026-06-18,W03,Warehouse,P004,652,70,169,553,148,CRITICAL,3.27,3.736
2026-06-19,W03,Warehouse,P004,671,25,151,545,148,CRITICAL,3.61,3.682
2026-06-20,W03,Warehouse,P004,636,28,111,553,148,CRITICAL,4.98,3.736
2026-06-21,W03,Warehouse,P004,622,39,13,648,148,LOW,49.85,4.378
2026-06-22,W03,Warehouse,P004,657,0,25,632,148,LOW,25.28,4.27
2026-06-23,W03,Warehouse,P004,646,74,263,457,148,CRITICAL,1.74,3.088
2026-06-24,W03,Warehouse,P004,659,33,187,505,148,CRITICAL,2.7,3.412
2026-06-25,W03,Warehouse,P004,630,3,167,466,148,CRITICAL,2.79,3.149
2026-06-26,W03,Warehouse,P004,573,16,4,585,148,LOW,146.25,3.953
2026-06-27,W03,Warehouse,P004,587,55,88,554,148,HIGH,6.3,3.743
2026-06-28,W03,Warehouse,P004,620,22,163,479,148,CRITICAL,2.94,3.236
2026-06-29,W03,Warehouse,P004,595,24,129,490,148,CRITICAL,3.8,3.311
2026-06-30,W03,Warehouse,P004,575,13,10,578,148,LOW,57.8,3.905
2026-06-01,W03,Warehouse,P005,171,6,10,167,37,MEDIUM,16.7,4.514
2026-06-02,W03,Warehouse,P005,167,4,2,169,37,LOW,84.5,4.568
2026-06-03,W03,Warehouse,P005,169,15,7,177,37,LOW,25.29,4.784
2026-06-04,W03,Warehouse,P005,177,9,4,182,37,LOW,45.5,4.919
2026-06-05,W03,Warehouse,P005,182,0,0,182,37,LOW,999.0,4.919
2026-06-06,W03,Warehouse,P005,182,14,1,195,37,LOW,195.0,5.27
2026-06-07,W03,Warehouse,P005,195,5,17,183,37,HIGH,10.76,4.946
2026-06-08,W03,Warehouse,P005,183,7,13,177,37,MEDIUM,13.62,4.784
2026-06-09,W03,Warehouse,P005,177,7,15,169,37,HIGH,11.27,4.568
2026-06-10,W03,Warehouse,P005,169,17,7,179,37,LOW,25.57,4.838
2026-06-11,W03,Warehouse,P005,179,15,7,187,37,LOW,26.71,5.054
2026-06-12,W03,Warehouse,P005,187,21,6,202,37,LOW,33.67,5.459
2026-06-13,W03,Warehouse,P005,202,20,12,210,37,MEDIUM,17.5,5.676
2026-06-14,W03,Warehouse,P005,210,16,7,219,37,LOW,31.29,5.919
2026-06-15,W03,Warehouse,P005,219,22,15,226,37,MEDIUM,15.07,6.108
2026-06-16,W03,Warehouse,P005,226,22,17,231,37,MEDIUM,13.59,6.243
2026-06-17,W03,Warehouse,P005,231,4,20,215,37,HIGH,10.75,5.811
2026-06-18,W03,Warehouse,P005,215,21,5,231,37,LOW,46.2,6.243
2026-06-19,W03,Warehouse,P005,231,27,12,246,37,MEDIUM,20.5,6.649
2026-06-20,W03,Warehouse,P005,246,9,5,250,37,LOW,50.0,6.757
2026-06-21,W03,Warehouse,P005,250,11,0,261,37,LOW,999.0,7.054
2026-06-22,W03,Warehouse,P005,261,22,18,265,37,MEDIUM,14.72,7.162
2026-06-23,W03,Warehouse,P005,265,22,14,273,37,MEDIUM,19.5,7.378
2026-06-24,W03,Warehouse,P005,273,12,19,266,37,MEDIUM,14.0,7.189
2026-06-25,W03,Warehouse,P005,266,28,2,292,37,LOW,146.0,7.892
2026-06-26,W03,Warehouse,P005,292,13,28,277,37,HIGH,9.89,7.486
2026-06-27,W03,Warehouse,P005,277,29,26,280,37,HIGH,10.77,7.568
2026-06-28,W03,Warehouse,P005,280,6,13,273,37,MEDIUM,21.0,7.378
2026-06-29,W03,Warehouse,P005,273,4,23,254,37,HIGH,11.04,6.865
2026-06-30,W03,Warehouse,P005,254,16,6,264,37,LOW,44.0,7.135
2026-06-01,W03,Warehouse,P006,643,7,47,603,141,MEDIUM,12.83,4.277
2026-06-02,W03,Warehouse,P006,603,60,52,611,141,HIGH,11.75,4.333
2026-06-03,W03,Warehouse,P006,611,73,49,635,141,MEDIUM,12.96,4.504
2026-06-04,W03,Warehouse,P006,635,62,51,646,141,MEDIUM,12.67,4.582
2026-06-05,W03,Warehouse,P006,646,79,29,696,141,MEDIUM,24.0,4.936
2026-06-06,W03,Warehouse,P006,696,65,56,705,141,MEDIUM,12.59,5.0
2026-06-07,W03,Warehouse,P006,705,10,48,667,141,MEDIUM,13.9,4.73
2026-06-08,W03,Warehouse,P006,667,28,8,687,141,LOW,85.88,4.872
2026-06-09,W03,Warehouse,P006,687,14,7,694,141,LOW,99.14,4.922
2026-06-10,W03,Warehouse,P006,694,77,53,718,141,MEDIUM,13.55,5.092
2026-06-11,W03,Warehouse,P006,718,9,44,683,141,MEDIUM,15.52,4.844
2026-06-12,W03,Warehouse,P006,683,56,35,704,141,MEDIUM,20.11,4.993
2026-06-13,W03,Warehouse,P006,704,53,63,694,141,HIGH,11.02,4.922
2026-06-14,W03,Warehouse,P006,694,44,45,693,141,MEDIUM,15.4,4.915
2026-06-15,W03,Warehouse,P006,693,49,27,715,141,LOW,26.48,5.071
2026-06-16,W03,Warehouse,P006,715,79,29,765,141,LOW,26.38,5.426
2026-06-17,W03,Warehouse,P006,765,75,45,795,141,MEDIUM,17.67,5.638
2026-06-18,W03,Warehouse,P006,795,67,60,802,141,MEDIUM,13.37,5.688
2026-06-19,W03,Warehouse,P006,802,73,45,830,141,MEDIUM,18.44,5.887
2026-06-20,W03,Warehouse,P006,830,63,42,851,141,MEDIUM,20.26,6.035
2026-06-21,W03,Warehouse,P006,851,35,61,825,141,MEDIUM,13.52,5.851
2026-06-22,W03,Warehouse,P006,825,90,57,858,141,MEDIUM,15.05,6.085
2026-06-23,W03,Warehouse,P006,858,82,70,870,141,MEDIUM,12.43,6.17
2026-06-24,W03,Warehouse,P006,870,39,5,904,141,LOW,180.8,6.411
2026-06-25,W03,Warehouse,P006,904,38,67,875,141,MEDIUM,13.06,6.206
2026-06-26,W03,Warehouse,P006,875,88,44,919,141,MEDIUM,20.89,6.518
2026-06-27,W03,Warehouse,P006,919,88,6,1001,141,LOW,166.83,7.099
2026-06-28,W03,Warehouse,P006,1001,80,67,1014,141,MEDIUM,15.13,7.191
2026-06-29,W03,Warehouse,P006,1014,63,72,1005,141,MEDIUM,13.96,7.128
2026-06-30,W03,Warehouse,P006,1005,61,52,1014,141,MEDIUM,19.5,7.191
2026-06-01,W03,Warehouse,P007,337,25,98,264,74,CRITICAL,2.69,3.568
2026-06-02,W03,Warehouse,P007,336,10,38,308,74,HIGH,8.11,4.162
2026-06-03,W03,Warehouse,P007,337,17,17,337,74,MEDIUM,19.82,4.554
2026-06-04,W03,Warehouse,P007,348,14,25,337,74,MEDIUM,13.48,4.554
2026-06-05,W03,Warehouse,P007,351,13,30,334,74,HIGH,11.13,4.514
2026-06-06,W03,Warehouse,P007,350,21,46,325,74,HIGH,7.07,4.392
2026-06-07,W03,Warehouse,P007,347,13,105,255,74,CRITICAL,2.43,3.446
2026-06-08,W03,Warehouse,P007,332,19,100,251,74,CRITICAL,2.51,3.392
2026-06-09,W03,Warehouse,P007,328,4,22,310,74,MEDIUM,14.09,4.189
2026-06-10,W03,Warehouse,P007,327,18,42,303,74,HIGH,7.21,4.095
2026-06-11,W03,Warehouse,P007,334,20,12,342,74,LOW,28.5,4.622
2026-06-12,W03,Warehouse,P007,349,20,100,269,74,CRITICAL,2.69,3.635
2026-06-13,W03,Warehouse,P007,346,31,22,355,74,MEDIUM,16.14,4.797
2026-06-14,W03,Warehouse,P007,369,15,49,335,74,HIGH,6.84,4.527
2026-06-15,W03,Warehouse,P007,366,23,101,288,74,CRITICAL,2.85,3.892
2026-06-16,W03,Warehouse,P007,361,17,49,329,74,HIGH,6.71,4.446
2026-06-17,W03,Warehouse,P007,354,38,40,352,74,HIGH,8.8,4.757
2026-06-18,W03,Warehouse,P007,382,38,53,367,74,HIGH,6.92,4.959
2026-06-19,W03,Warehouse,P007,408,17,100,325,74,CRITICAL,3.25,4.392
2026-06-20,W03,Warehouse,P007,399,30,81,348,74,CRITICAL,4.3,4.703
2026-06-21,W03,Warehouse,P007,408,11,9,410,74,LOW,45.56,5.541
2026-06-22,W03,Warehouse,P007,416,47,72,391,74,HIGH,5.43,5.284
2026-06-23,W03,Warehouse,P007,428,46,82,392,74,CRITICAL,4.78,5.297
2026-06-24,W03,Warehouse,P007,453,49,71,431,74,HIGH,6.07,5.824
2026-06-25,W03,Warehouse,P007,481,4,38,447,74,HIGH,11.76,6.041
2026-06-26,W03,Warehouse,P007,476,16,37,455,74,MEDIUM,12.3,6.149
2026-06-27,W03,Warehouse,P007,475,55,40,490,74,MEDIUM,12.25,6.622
2026-06-28,W03,Warehouse,P007,515,39,36,518,74,MEDIUM,14.39,7.0
2026-06-29,W03,Warehouse,P007,541,43,108,476,74,CRITICAL,4.41,6.432
2026-06-30,W03,Warehouse,P007,554,10,97,467,74,CRITICAL,4.81,6.311
2026-06-01,W03,Warehouse,P008,602,7,53,556,132,HIGH,10.49,4.212
2026-06-02,W03,Warehouse,P008,556,48,51,553,132,HIGH,10.84,4.189
2026-06-03,W03,Warehouse,P008,553,60,12,601,132,LOW,50.08,4.553
2026-06-04,W03,Warehouse,P008,601,53,6,648,132,LOW,108.0,4.909
2026-06-05,W03,Warehouse,P008,648,77,50,675,132,MEDIUM,13.5,5.114
2026-06-06,W03,Warehouse,P008,675,57,66,666,132,HIGH,10.09,5.045
2026-06-07,W03,Warehouse,P008,666,70,56,680,132,MEDIUM,12.14,5.152
2026-06-08,W03,Warehouse,P008,680,8,1,687,132,LOW,687.0,5.205
2026-06-09,W03,Warehouse,P008,687,81,17,751,132,LOW,44.18,5.689
2026-06-10,W03,Warehouse,P008,751,39,3,787,132,LOW,262.33,5.962
2026-06-11,W03,Warehouse,P008,787,61,64,784,132,MEDIUM,12.25,5.939
2026-06-12,W03,Warehouse,P008,784,82,45,821,132,MEDIUM,18.24,6.22
2026-06-13,W03,Warehouse,P008,821,67,42,846,132,MEDIUM,20.14,6.409
2026-06-14,W03,Warehouse,P008,846,46,46,846,132,MEDIUM,18.39,6.409
2026-06-15,W03,Warehouse,P008,846,98,21,923,132,LOW,43.95,6.992
2026-06-16,W03,Warehouse,P008,923,54,55,922,132,MEDIUM,16.76,6.985
2026-06-17,W03,Warehouse,P008,922,65,2,985,132,LOW,492.5,7.462
2026-06-18,W03,Warehouse,P008,985,35,63,957,132,MEDIUM,15.19,7.25
2026-06-19,W03,Warehouse,P008,957,82,69,970,132,MEDIUM,14.06,7.348
2026-06-20,W03,Warehouse,P008,970,119,65,1024,132,MEDIUM,15.75,7.758
2026-06-21,W03,Warehouse,P008,1024,74,33,1065,132,LOW,32.27,8.068
2026-06-22,W03,Warehouse,P008,1065,49,87,1027,132,HIGH,11.8,7.78
2026-06-23,W03,Warehouse,P008,1027,59,72,1014,132,MEDIUM,14.08,7.682
2026-06-24,W03,Warehouse,P008,1014,15,12,1017,132,LOW,84.75,7.705
2026-06-25,W03,Warehouse,P008,1017,27,19,1025,132,LOW,53.95,7.765
2026-06-26,W03,Warehouse,P008,1025,77,64,1038,132,MEDIUM,16.22,7.864
2026-06-27,W03,Warehouse,P008,1038,71,29,1080,132,LOW,37.24,8.182
2026-06-28,W03,Warehouse,P008,1080,77,12,1145,132,LOW,95.42,8.674
2026-06-29,W03,Warehouse,P008,1145,67,17,1195,132,LOW,70.29,9.053
2026-06-30,W03,Warehouse,P008,1195,11,19,1187,132,LOW,62.47,8.992
2026-06-01,W03,Warehouse,P009,272,3,12,263,59,MEDIUM,21.92,4.458
2026-06-02,W03,Warehouse,P009,263,17,15,265,59,MEDIUM,17.67,4.492
2026-06-03,W03,Warehouse,P009,265,14,4,275,59,LOW,68.75,4.661
2026-06-04,W03,Warehouse,P009,275,0,19,256,59,MEDIUM,13.47,4.339
2026-06-05,W03,Warehouse,P009,256,31,7,280,59,LOW,40.0,4.746
2026-06-06,W03,Warehouse,P009,280,7,8,279,59,LOW,34.88,4.729
2026-06-07,W03,Warehouse,P009,279,7,6,280,59,LOW,46.67,4.746
2026-06-08,W03,Warehouse,P009,280,17,21,276,59,MEDIUM,13.14,4.678
2026-06-09,W03,Warehouse,P009,276,24,25,275,59,HIGH,11.0,4.661
2026-06-10,W03,Warehouse,P009,275,12,13,274,59,MEDIUM,21.08,4.644
2026-06-11,W03,Warehouse,P009,274,12,1,285,59,LOW,285.0,4.831
2026-06-12,W03,Warehouse,P009,285,13,7,291,59,LOW,41.57,4.932
2026-06-13,W03,Warehouse,P009,291,17,4,304,59,LOW,76.0,5.153
2026-06-14,W03,Warehouse,P009,304,28,25,307,59,MEDIUM,12.28,5.203
2026-06-15,W03,Warehouse,P009,307,36,2,341,59,LOW,170.5,5.78
2026-06-16,W03,Warehouse,P009,341,4,32,313,59,HIGH,9.78,5.305
2026-06-17,W03,Warehouse,P009,313,33,18,328,59,MEDIUM,18.22,5.559
2026-06-18,W03,Warehouse,P009,328,13,16,325,59,MEDIUM,20.31,5.508
2026-06-19,W03,Warehouse,P009,325,21,27,319,59,HIGH,11.81,5.407
2026-06-20,W03,Warehouse,P009,319,20,0,339,59,LOW,999.0,5.746
2026-06-21,W03,Warehouse,P009,339,29,25,343,59,MEDIUM,13.72,5.814
2026-06-22,W03,Warehouse,P009,343,12,3,352,59,LOW,117.33,5.966
2026-06-23,W03,Warehouse,P009,352,6,29,329,59,HIGH,11.34,5.576
2026-06-24,W03,Warehouse,P009,329,18,16,331,59,MEDIUM,20.69,5.61
2026-06-25,W03,Warehouse,P009,331,39,2,368,59,LOW,184.0,6.237
2026-06-26,W03,Warehouse,P009,368,9,29,348,59,MEDIUM,12.0,5.898
2026-06-27,W03,Warehouse,P009,348,23,0,371,59,LOW,999.0,6.288
2026-06-28,W03,Warehouse,P009,371,32,5,398,59,LOW,79.6,6.746
2026-06-29,W03,Warehouse,P009,398,38,31,405,59,MEDIUM,13.06,6.864
2026-06-30,W03,Warehouse,P009,405,41,18,428,59,MEDIUM,23.78,7.254
2026-06-01,W03,Warehouse,P010,240,8,90,158,52,CRITICAL,1.76,3.038
2026-06-02,W03,Warehouse,P010,227,15,34,208,52,HIGH,6.12,4.0
2026-06-03,W03,Warehouse,P010,229,3,41,191,52,CRITICAL,4.66,3.673
2026-06-04,W03,Warehouse,P010,219,15,12,222,52,MEDIUM,18.5,4.269
2026-06-05,W03,Warehouse,P010,228,21,5,244,52,LOW,48.8,4.692
2026-06-06,W03,Warehouse,P010,247,21,65,203,52,CRITICAL,3.12,3.904
2026-06-07,W03,Warehouse,P010,245,17,7,255,52,LOW,36.43,4.904
2026-06-08,W03,Warehouse,P010,260,17,40,237,52,HIGH,5.92,4.558
2026-06-09,W03,Warehouse,P010,264,18,20,262,52,MEDIUM,13.1,5.038
2026-06-10,W03,Warehouse,P010,275,21,24,272,52,HIGH,11.33,5.231
2026-06-11,W03,Warehouse,P010,289,20,64,245,52,CRITICAL,3.83,4.712
2026-06-12,W03,Warehouse,P010,293,23,58,258,52,CRITICAL,4.45,4.962
2026-06-13,W03,Warehouse,P010,293,31,61,263,52,CRITICAL,4.31,5.058
2026-06-14,W03,Warehouse,P010,302,29,95,236,52,CRITICAL,2.48,4.538
2026-06-15,W03,Warehouse,P010,305,9,31,283,52,HIGH,9.13,5.442
2026-06-16,W03,Warehouse,P010,306,20,52,274,52,HIGH,5.27,5.269
2026-06-17,W03,Warehouse,P010,313,27,0,340,52,LOW,999.0,6.538
2026-06-18,W03,Warehouse,P010,340,5,81,264,52,CRITICAL,3.26,5.077
2026-06-19,W03,Warehouse,P010,320,32,37,315,52,HIGH,8.51,6.058
2026-06-20,W03,Warehouse,P010,343,13,55,301,52,HIGH,5.47,5.788
2026-06-21,W03,Warehouse,P010,337,20,15,342,52,MEDIUM,22.8,6.577
2026-06-22,W03,Warehouse,P010,352,22,122,252,52,CRITICAL,2.07,4.846
2026-06-23,W03,Warehouse,P010,346,31,59,318,52,HIGH,5.39,6.115
2026-06-24,W03,Warehouse,P010,350,27,110,267,52,CRITICAL,2.43,5.135
2026-06-25,W03,Warehouse,P010,347,10,4,353,52,LOW,88.25,6.788
2026-06-26,W03,Warehouse,P010,356,5,77,284,52,CRITICAL,3.69,5.462
2026-06-27,W03,Warehouse,P010,327,25,26,326,52,MEDIUM,12.54,6.269
2026-06-28,W03,Warehouse,P010,345,36,31,350,52,HIGH,11.29,6.731
2026-06-29,W03,Warehouse,P010,371,27,36,362,52,HIGH,10.06,6.962
2026-06-30,W03,Warehouse,P010,389,4,42,351,52,HIGH,8.36,6.75
2026-06-01,W03,Warehouse,P011,197,5,41,161,43,CRITICAL,3.93,3.744
2026-06-02,W03,Warehouse,P011,192,0,8,184,43,MEDIUM,23.0,4.279
2026-06-03,W03,Warehouse,P011,188,13,27,174,43,HIGH,6.44,4.047
2026-06-04,W03,Warehouse,P011,194,15,50,159,43,CRITICAL,3.18,3.698
2026-06-05,W03,Warehouse,P011,197,23,52,168,43,CRITICAL,3.23,3.907
2026-06-06,W03,Warehouse,P011,205,5,44,166,43,CRITICAL,3.77,3.86
2026-06-07,W03,Warehouse,P011,197,15,22,190,43,HIGH,8.64,4.419
2026-06-08,W03,Warehouse,P011,201,19,8,212,43,LOW,26.5,4.93
2026-06-09,W03,Warehouse,P011,218,10,34,194,43,HIGH,5.71,4.512
2026-06-10,W03,Warehouse,P011,211,23,0,234,43,LOW,999.0,5.442
2026-06-11,W03,Warehouse,P011,234,13,25,222,43,HIGH,8.88,5.163
2026-06-12,W03,Warehouse,P011,241,5,4,242,43,LOW,60.5,5.628
2026-06-13,W03,Warehouse,P011,245,16,70,191,43,CRITICAL,2.73,4.442
2026-06-14,W03,Warehouse,P011,245,15,25,235,43,HIGH,9.4,5.465
2026-06-15,W03,Warehouse,P011,252,23,37,238,43,HIGH,6.43,5.535
2026-06-16,W03,Warehouse,P011,259,29,25,263,43,HIGH,10.52,6.116
2026-06-17,W03,Warehouse,P011,280,8,26,262,43,HIGH,10.08,6.093
2026-06-18,W03,Warehouse,P011,276,17,49,244,43,CRITICAL,4.98,5.674
2026-06-19,W03,Warehouse,P011,281,29,3,307,43,LOW,102.33,7.14
2026-06-20,W03,Warehouse,P011,309,20,35,294,43,HIGH,8.4,6.837
2026-06-21,W03,Warehouse,P011,317,8,40,285,43,HIGH,7.12,6.628
2026-06-22,W03,Warehouse,P011,306,30,47,289,43,HIGH,6.15,6.721
2026-06-23,W03,Warehouse,P011,320,3,8,315,43,LOW,39.38,7.326
2026-06-24,W03,Warehouse,P011,321,16,77,260,43,CRITICAL,3.38,6.047
2026-06-25,W03,Warehouse,P011,316,12,19,309,43,MEDIUM,16.26,7.186
2026-06-26,W03,Warehouse,P011,319,33,0,352,43,LOW,999.0,8.186
2026-06-27,W03,Warehouse,P011,352,3,14,341,43,MEDIUM,24.36,7.93
2026-06-28,W03,Warehouse,P011,350,42,37,355,43,HIGH,9.59,8.256
2026-06-29,W03,Warehouse,P011,375,7,47,335,43,HIGH,7.13,7.791
2026-06-30,W03,Warehouse,P011,371,44,88,327,43,CRITICAL,3.72,7.605
2026-06-01,W03,Warehouse,P012,201,5,4,202,44,LOW,50.5,4.591
2026-06-02,W03,Warehouse,P012,202,1,15,188,44,MEDIUM,12.53,4.273
2026-06-03,W03,Warehouse,P012,188,3,5,186,44,LOW,37.2,4.227
2026-06-04,W03,Warehouse,P012,186,8,11,183,44,MEDIUM,16.64,4.159
2026-06-05,W03,Warehouse,P012,183,13,14,182,44,MEDIUM,13.0,4.136
2026-06-06,W03,Warehouse,P012,182,6,6,182,44,LOW,30.33,4.136
2026-06-07,W03,Warehouse,P012,182,8,0,190,44,LOW,999.0,4.318
2026-06-08,W03,Warehouse,P012,190,16,10,196,44,MEDIUM,19.6,4.455
2026-06-09,W03,Warehouse,P012,196,11,18,189,44,HIGH,10.5,4.295
2026-06-10,W03,Warehouse,P012,189,4,17,176,44,HIGH,10.35,4.0
2026-06-11,W03,Warehouse,P012,176,14,3,187,44,LOW,62.33,4.25
2026-06-12,W03,Warehouse,P012,187,15,13,189,44,MEDIUM,14.54,4.295
2026-06-13,W03,Warehouse,P012,189,8,6,191,44,LOW,31.83,4.341
2026-06-14,W03,Warehouse,P012,191,19,3,207,44,LOW,69.0,4.705
2026-06-15,W03,Warehouse,P012,207,0,13,194,44,MEDIUM,14.92,4.409
2026-06-16,W03,Warehouse,P012,194,21,9,206,44,MEDIUM,22.89,4.682
2026-06-17,W03,Warehouse,P012,206,3,10,199,44,MEDIUM,19.9,4.523
2026-06-18,W03,Warehouse,P012,199,6,15,190,44,MEDIUM,12.67,4.318
2026-06-19,W03,Warehouse,P012,190,14,6,198,44,LOW,33.0,4.5
2026-06-20,W03,Warehouse,P012,198,14,12,200,44,MEDIUM,16.67,4.545
2026-06-21,W03,Warehouse,P012,200,16,7,209,44,LOW,29.86,4.75
2026-06-22,W03,Warehouse,P012,209,14,0,223,44,LOW,999.0,5.068
2026-06-23,W03,Warehouse,P012,223,10,8,225,44,LOW,28.12,5.114
2026-06-24,W03,Warehouse,P012,225,14,20,219,44,HIGH,10.95,4.977
2026-06-25,W03,Warehouse,P012,219,25,10,234,44,MEDIUM,23.4,5.318
2026-06-26,W03,Warehouse,P012,234,18,2,250,44,LOW,125.0,5.682
2026-06-27,W03,Warehouse,P012,250,14,17,247,44,MEDIUM,14.53,5.614
2026-06-28,W03,Warehouse,P012,247,20,23,244,44,HIGH,10.61,5.545
2026-06-29,W03,Warehouse,P012,244,13,21,236,44,HIGH,11.24,5.364
2026-06-30,W03,Warehouse,P012,236,28,13,251,44,MEDIUM,19.31,5.705
2026-06-01,W03,Warehouse,P013,236,2,17,221,51,MEDIUM,13.0,4.333
2026-06-02,W03,Warehouse,P013,230,21,50,201,51,CRITICAL,4.02,3.941
2026-06-03,W03,Warehouse,P013,238,27,51,214,51,CRITICAL,4.2,4.196
2026-06-04,W03,Warehouse,P013,247,1,50,198,51,CRITICAL,3.96,3.882
2026-06-05,W03,Warehouse,P013,228,10,60,178,51,CRITICAL,2.97,3.49
2026-06-06,W03,Warehouse,P013,220,13,19,214,51,HIGH,11.26,4.196
2026-06-07,W03,Warehouse,P013,223,1,6,218,51,LOW,36.33,4.275
2026-06-08,W03,Warehouse,P013,222,16,48,190,51,CRITICAL,3.96,3.725
2026-06-09,W03,Warehouse,P013,226,15,13,228,51,MEDIUM,17.54,4.471
2026-06-10,W03,Warehouse,P013,238,14,3,249,51,LOW,83.0,4.882
2026-06-11,W03,Warehouse,P013,251,4,42,213,51,HIGH,5.07,4.176
2026-06-12,W03,Warehouse,P013,243,18,37,224,51,HIGH,6.05,4.392
2026-06-13,W03,Warehouse,P013,246,29,66,209,51,CRITICAL,3.17,4.098
2026-06-14,W03,Warehouse,P013,255,11,48,218,51,CRITICAL,4.54,4.275
2026-06-15,W03,Warehouse,P013,247,2,67,182,51,CRITICAL,2.72,3.569
2026-06-16,W03,Warehouse,P013,229,10,37,202,51,HIGH,5.46,3.961
2026-06-17,W03,Warehouse,P013,223,26,64,185,51,CRITICAL,2.89,3.627
2026-06-18,W03,Warehouse,P013,234,26,0,260,51,LOW,999.0,5.098
2026-06-19,W03,Warehouse,P013,260,5,44,221,51,HIGH,5.02,4.333
2026-06-20,W03,Warehouse,P013,249,16,8,257,51,LOW,32.12,5.039
2026-06-21,W03,Warehouse,P013,263,22,2,283,51,LOW,141.5,5.549
2026-06-22,W03,Warehouse,P013,284,34,15,303,51,MEDIUM,20.2,5.941
2026-06-23,W03,Warehouse,P013,314,17,65,266,51,CRITICAL,4.09,5.216
2026-06-24,W03,Warehouse,P013,306,19,49,276,51,HIGH,5.63,5.412
2026-06-25,W03,Warehouse,P013,303,26,101,228,51,CRITICAL,2.26,4.471
2026-06-26,W03,Warehouse,P013,301,17,89,229,51,CRITICAL,2.57,4.49
2026-06-27,W03,Warehouse,P013,289,18,81,226,51,CRITICAL,2.79,4.431
2026-06-28,W03,Warehouse,P013,282,25,10,297,51,LOW,29.7,5.824
2026-06-29,W03,Warehouse,P013,304,24,53,275,51,HIGH,5.19,5.392
2026-06-30,W03,Warehouse,P013,302,4,51,255,51,HIGH,5.0,5.0
2026-06-01,W03,Warehouse,P014,175,2,14,163,38,HIGH,11.64,4.289
2026-06-02,W03,Warehouse,P014,163,15,2,176,38,LOW,88.0,4.632
2026-06-03,W03,Warehouse,P014,176,15,1,190,38,LOW,190.0,5.0
2026-06-04,W03,Warehouse,P014,190,13,17,186,38,HIGH,10.94,4.895
2026-06-05,W03,Warehouse,P014,186,4,3,187,38,LOW,62.33,4.921
2026-06-06,W03,Warehouse,P014,187,9,6,190,38,LOW,31.67,5.0
2026-06-07,W03,Warehouse,P014,190,1,8,183,38,MEDIUM,22.88,4.816
2026-06-08,W03,Warehouse,P014,183,5,2,186,38,LOW,93.0,4.895
2026-06-09,W03,Warehouse,P014,186,6,0,192,38,LOW,999.0,5.053
2026-06-10,W03,Warehouse,P014,192,21,18,195,38,HIGH,10.83,5.132
2026-06-11,W03,Warehouse,P014,195,8,16,187,38,HIGH,11.69,4.921
2026-06-12,W03,Warehouse,P014,187,10,16,181,38,HIGH,11.31,4.763
2026-06-13,W03,Warehouse,P014,181,3,5,179,38,LOW,35.8,4.711
2026-06-14,W03,Warehouse,P014,179,16,3,192,38,LOW,64.0,5.053
2026-06-15,W03,Warehouse,P014,192,19,8,203,38,LOW,25.38,5.342
2026-06-16,W03,Warehouse,P014,203,10,9,204,38,MEDIUM,22.67,5.368
2026-06-17,W03,Warehouse,P014,204,19,0,223,38,LOW,999.0,5.868
2026-06-18,W03,Warehouse,P014,223,20,17,226,38,MEDIUM,13.29,5.947
2026-06-19,W03,Warehouse,P014,226,22,21,227,38,HIGH,10.81,5.974
2026-06-20,W03,Warehouse,P014,227,21,11,237,38,MEDIUM,21.55,6.237
2026-06-21,W03,Warehouse,P014,237,13,8,242,38,LOW,30.25,6.368
2026-06-22,W03,Warehouse,P014,242,24,9,257,38,LOW,28.56,6.763
2026-06-23,W03,Warehouse,P014,257,18,2,273,38,LOW,136.5,7.184
2026-06-24,W03,Warehouse,P014,273,10,7,276,38,LOW,39.43,7.263
2026-06-25,W03,Warehouse,P014,276,14,13,277,38,MEDIUM,21.31,7.289
2026-06-26,W03,Warehouse,P014,277,24,11,290,38,LOW,26.36,7.632
2026-06-27,W03,Warehouse,P014,290,5,15,280,38,MEDIUM,18.67,7.368
2026-06-28,W03,Warehouse,P014,280,1,23,258,38,HIGH,11.22,6.789
2026-06-29,W03,Warehouse,P014,258,24,5,277,38,LOW,55.4,7.289
2026-06-30,W03,Warehouse,P014,277,8,0,285,38,LOW,999.0,7.5
2026-06-01,W03,Warehouse,P015,133,5,0,138,29,LOW,999.0,4.759
2026-06-02,W03,Warehouse,P015,138,15,3,150,29,LOW,50.0,5.172
2026-06-03,W03,Warehouse,P015,152,12,16,148,29,HIGH,9.25,5.103
2026-06-04,W03,Warehouse,P015,156,4,34,126,29,CRITICAL,3.71,4.345
2026-06-05,W03,Warehouse,P015,148,1,41,108,29,CRITICAL,2.63,3.724
2026-06-06,W03,Warehouse,P015,137,12,28,121,29,CRITICAL,4.32,4.172
2026-06-07,W03,Warehouse,P015,141,14,20,135,29,HIGH,6.75,4.655
2026-06-08,W03,Warehouse,P015,150,5,6,149,29,MEDIUM,24.83,5.138
2026-06-09,W03,Warehouse,P015,153,17,20,150,29,HIGH,7.5,5.172
2026-06-10,W03,Warehouse,P015,164,16,17,163,29,HIGH,9.59,5.621
2026-06-11,W03,Warehouse,P015,175,20,38,157,29,CRITICAL,4.13,5.414
2026-06-12,W03,Warehouse,P015,181,6,16,171,29,HIGH,10.69,5.897
2026-06-13,W03,Warehouse,P015,179,17,6,190,29,LOW,31.67,6.552
2026-06-14,W03,Warehouse,P015,193,0,20,173,29,HIGH,8.65,5.966
2026-06-15,W03,Warehouse,P015,188,13,5,196,29,LOW,39.2,6.759
2026-06-16,W03,Warehouse,P015,199,8,59,148,29,CRITICAL,2.51,5.103
2026-06-17,W03,Warehouse,P015,190,1,0,191,29,LOW,999.0,6.586
2026-06-18,W03,Warehouse,P015,191,9,0,200,29,LOW,999.0,6.897
2026-06-19,W03,Warehouse,P015,200,0,12,188,29,MEDIUM,15.67,6.483
2026-06-20,W03,Warehouse,P015,197,2,55,144,29,CRITICAL,2.62,4.966
2026-06-21,W03,Warehouse,P015,184,2,18,168,29,HIGH,9.33,5.793
2026-06-22,W03,Warehouse,P015,177,15,38,154,29,CRITICAL,4.05,5.31
2026-06-23,W03,Warehouse,P015,182,14,19,177,29,HIGH,9.32,6.103
2026-06-24,W03,Warehouse,P015,190,20,3,207,29,LOW,69.0,7.138
2026-06-25,W03,Warehouse,P015,209,2,63,148,29,CRITICAL,2.35,5.103
2026-06-26,W03,Warehouse,P015,194,1,11,184,29,MEDIUM,16.73,6.345
2026-06-27,W03,Warehouse,P015,192,4,0,196,29,LOW,999.0,6.759
2026-06-28,W03,Warehouse,P015,196,2,44,154,29,CRITICAL,3.5,5.31
2026-06-29,W03,Warehouse,P015,188,15,4,199,29,LOW,49.75,6.862
2026-06-30,W03,Warehouse,P015,202,23,3,222,29,LOW,74.0,7.655
2026-06-01,W04,Warehouse,P001,276,23,44,255,60,HIGH,5.8,4.25
2026-06-02,W04,Warehouse,P001,278,17,34,261,60,HIGH,7.68,4.35
2026-06-03,W04,Warehouse,P001,282,3,18,267,60,MEDIUM,14.83,4.45
2026-06-04,W04,Warehouse,P001,279,28,31,276,60,HIGH,8.9,4.6
2026-06-05,W04,Warehouse,P001,298,1,67,232,60,CRITICAL,3.46,3.867
2026-06-06,W04,Warehouse,P001,278,23,4,297,60,LOW,74.25,4.95
2026-06-07,W04,Warehouse,P001,300,1,8,293,60,LOW,36.62,4.883
2026-06-08,W04,Warehouse,P001,298,1,62,237,60,CRITICAL,3.82,3.95
2026-06-09,W04,Warehouse,P001,282,4,63,223,60,CRITICAL,3.54,3.717
2026-06-10,W04,Warehouse,P001,270,5,99,176,60,CRITICAL,1.78,2.933
2026-06-11,W04,Warehouse,P001,249,22,31,240,60,HIGH,7.74,4.0
2026-06-12,W04,Warehouse,P001,263,13,4,272,60,LOW,68.0,4.533
2026-06-13,W04,Warehouse,P001,275,1,30,246,60,HIGH,8.2,4.1
2026-06-14,W04,Warehouse,P001,262,0,58,204,60,CRITICAL,3.52,3.4
2026-06-15,W04,Warehouse,P001,246,11,13,244,60,MEDIUM,18.77,4.067
2026-06-16,W04,Warehouse,P001,254,16,43,227,60,HIGH,5.28,3.783
2026-06-17,W04,Warehouse,P001,257,23,10,270,60,LOW,27.0,4.5
2026-06-18,W04,Warehouse,P001,276,18,97,197,60,CRITICAL,2.03,3.283
2026-06-19,W04,Warehouse,P001,272,9,51,230,60,CRITICAL,4.51,3.833
2026-06-20,W04,Warehouse,P001,259,23,27,255,60,HIGH,9.44,4.25
2026-06-21,W04,Warehouse,P001,272,30,61,241,60,CRITICAL,3.95,4.017
2026-06-22,W04,Warehouse,P001,276,8,80,204,60,CRITICAL,2.55,3.4
2026-06-23,W04,Warehouse,P001,258,0,9,249,60,LOW,27.67,4.15
2026-06-24,W04,Warehouse,P001,255,1,28,228,60,HIGH,8.14,3.8
2026-06-25,W04,Warehouse,P001,247,28,59,216,60,CRITICAL,3.66,3.6
2026-06-26,W04,Warehouse,P001,261,19,6,274,60,LOW,45.67,4.567
2026-06-27,W04,Warehouse,P001,278,17,32,263,60,HIGH,8.22,4.383
2026-06-28,W04,Warehouse,P001,285,16,29,272,60,HIGH,9.38,4.533
2026-06-29,W04,Warehouse,P001,294,7,106,195,60,CRITICAL,1.84,3.25
2026-06-30,W04,Warehouse,P001,274,18,27,265,60,HIGH,9.81,4.417
2026-06-01,W04,Warehouse,P002,341,3,25,319,75,MEDIUM,12.76,4.253
2026-06-02,W04,Warehouse,P002,319,18,11,326,75,LOW,29.64,4.347
2026-06-03,W04,Warehouse,P002,326,26,4,348,75,LOW,87.0,4.64
2026-06-04,W04,Warehouse,P002,348,22,29,341,75,HIGH,11.76,4.547
2026-06-05,W04,Warehouse,P002,341,19,0,360,75,LOW,999.0,4.8
2026-06-06,W04,Warehouse,P002,360,10,2,368,75,LOW,184.0,4.907
2026-06-07,W04,Warehouse,P002,368,23,13,378,75,LOW,29.08,5.04
2026-06-08,W04,Warehouse,P002,378,6,25,359,75,MEDIUM,14.36,4.787
2026-06-09,W04,Warehouse,P002,359,7,11,355,75,LOW,32.27,4.733
2026-06-10,W04,Warehouse,P002,355,43,2,396,75,LOW,198.0,5.28
2026-06-11,W04,Warehouse,P002,396,12,12,396,75,LOW,33.0,5.28
2026-06-12,W04,Warehouse,P002,396,24,9,411,75,LOW,45.67,5.48
2026-06-13,W04,Warehouse,P002,411,49,0,460,75,LOW,999.0,6.133
2026-06-14,W04,Warehouse,P002,460,54,24,490,75,MEDIUM,20.42,6.533
2026-06-15,W04,Warehouse,P002,490,2,5,487,75,LOW,97.4,6.493
2026-06-16,W04,Warehouse,P002,487,6,13,480,75,LOW,36.92,6.4
2026-06-17,W04,Warehouse,P002,480,19,30,469,75,MEDIUM,15.63,6.253
2026-06-18,W04,Warehouse,P002,469,18,33,454,75,MEDIUM,13.76,6.053
2026-06-19,W04,Warehouse,P002,454,16,11,459,75,LOW,41.73,6.12
2026-06-20,W04,Warehouse,P002,459,15,14,460,75,LOW,32.86,6.133
2026-06-21,W04,Warehouse,P002,460,47,11,496,75,LOW,45.09,6.613
2026-06-22,W04,Warehouse,P002,496,16,46,466,75,HIGH,10.13,6.213
2026-06-23,W04,Warehouse,P002,466,37,8,495,75,LOW,61.88,6.6
2026-06-24,W04,Warehouse,P002,495,52,8,539,75,LOW,67.38,7.187
2026-06-25,W04,Warehouse,P002,539,10,23,526,75,MEDIUM,22.87,7.013
2026-06-26,W04,Warehouse,P002,526,44,9,561,75,LOW,62.33,7.48
2026-06-27,W04,Warehouse,P002,561,52,8,605,75,LOW,75.62,8.067
2026-06-28,W04,Warehouse,P002,605,58,5,658,75,LOW,131.6,8.773
2026-06-29,W04,Warehouse,P002,658,38,41,655,75,MEDIUM,15.98,8.733
2026-06-30,W04,Warehouse,P002,655,21,39,637,75,MEDIUM,16.33,8.493
2026-06-01,W04,Warehouse,P003,571,48,71,548,125,HIGH,7.72,4.384
2026-06-02,W04,Warehouse,P003,582,28,153,457,125,CRITICAL,2.99,3.656
2026-06-03,W04,Warehouse,P003,566,51,72,545,125,HIGH,7.57,4.36
2026-06-04,W04,Warehouse,P003,599,54,177,476,125,CRITICAL,2.69,3.808
2026-06-05,W04,Warehouse,P003,599,60,104,555,125,HIGH,5.34,4.44
2026-06-06,W04,Warehouse,P003,616,59,184,491,125,CRITICAL,2.67,3.928
2026-06-07,W04,Warehouse,P003,626,22,157,491,125,CRITICAL,3.13,3.928
2026-06-08,W04,Warehouse,P003,604,14,70,548,125,HIGH,7.83,4.384
2026-06-09,W04,Warehouse,P003,597,69,65,601,125,HIGH,9.25,4.808
2026-06-10,W04,Warehouse,P003,650,68,104,614,125,HIGH,5.9,4.912
2026-06-11,W04,Warehouse,P003,691,18,21,688,125,LOW,32.76,5.504
2026-06-12,W04,Warehouse,P003,703,47,110,640,125,HIGH,5.82,5.12
2026-06-13,W04,Warehouse,P003,719,45,11,753,125,LOW,68.45,6.024
2026-06-14,W04,Warehouse,P003,761,25,0,786,125,LOW,999.0,6.288
2026-06-15,W04,Warehouse,P003,786,29,220,595,125,CRITICAL,2.7,4.76
2026-06-16,W04,Warehouse,P003,743,14,187,570,125,CRITICAL,3.05,4.56
2026-06-17,W04,Warehouse,P003,706,0,134,572,125,CRITICAL,4.27,4.576
2026-06-18,W04,Warehouse,P003,667,76,69,674,125,HIGH,9.77,5.392
2026-06-19,W04,Warehouse,P003,721,17,91,647,125,HIGH,7.11,5.176
2026-06-20,W04,Warehouse,P003,697,24,223,498,125,CRITICAL,2.23,3.984
2026-06-21,W04,Warehouse,P003,660,69,151,578,125,CRITICAL,3.83,4.624
2026-06-22,W04,Warehouse,P003,686,54,110,630,125,HIGH,5.73,5.04
2026-06-23,W04,Warehouse,P003,700,63,89,674,125,HIGH,7.57,5.392
2026-06-24,W04,Warehouse,P003,731,88,63,756,125,MEDIUM,12.0,6.048
2026-06-25,W04,Warehouse,P003,794,0,237,557,125,CRITICAL,2.35,4.456
2026-06-26,W04,Warehouse,P003,739,60,288,511,125,CRITICAL,1.77,4.088
2026-06-27,W04,Warehouse,P003,728,35,99,664,125,HIGH,6.71,5.312
2026-06-28,W04,Warehouse,P003,733,51,81,703,125,HIGH,8.68,5.624
2026-06-29,W04,Warehouse,P003,756,73,120,709,125,HIGH,5.91,5.672
2026-06-30,W04,Warehouse,P003,797,77,106,768,125,HIGH,7.25,6.144
2026-06-01,W04,Warehouse,P004,374,10,36,348,82,HIGH,9.67,4.244
2026-06-02,W04,Warehouse,P004,348,22,24,346,82,MEDIUM,14.42,4.22
2026-06-03,W04,Warehouse,P004,346,25,12,359,82,LOW,29.92,4.378
2026-06-04,W04,Warehouse,P004,359,42,13,388,82,LOW,29.85,4.732
2026-06-05,W04,Warehouse,P004,388,47,16,419,82,LOW,26.19,5.11
2026-06-06,W04,Warehouse,P004,419,1,1,419,82,LOW,419.0,5.11
2026-06-07,W04,Warehouse,P004,419,50,21,448,82,MEDIUM,21.33,5.463
2026-06-08,W04,Warehouse,P004,448,21,35,434,82,MEDIUM,12.4,5.293
2026-06-09,W04,Warehouse,P004,434,33,28,439,82,MEDIUM,15.68,5.354
2026-06-10,W04,Warehouse,P004,439,37,8,468,82,LOW,58.5,5.707
2026-06-11,W04,Warehouse,P004,468,5,33,440,82,MEDIUM,13.33,5.366
2026-06-12,W04,Warehouse,P004,440,1,31,410,82,MEDIUM,13.23,5.0
2026-06-13,W04,Warehouse,P004,410,6,10,406,82,LOW,40.6,4.951
2026-06-14,W04,Warehouse,P004,406,35,24,417,82,MEDIUM,17.38,5.085
2026-06-15,W04,Warehouse,P004,417,40,25,432,82,MEDIUM,17.28,5.268
2026-06-16,W04,Warehouse,P004,432,2,36,398,82,HIGH,11.06,4.854
2026-06-17,W04,Warehouse,P004,398,10,5,403,82,LOW,80.6,4.915
2026-06-18,W04,Warehouse,P004,403,43,7,439,82,LOW,62.71,5.354
2026-06-19,W04,Warehouse,P004,439,28,20,447,82,MEDIUM,22.35,5.451
2026-06-20,W04,Warehouse,P004,447,42,1,488,82,LOW,488.0,5.951
2026-06-21,W04,Warehouse,P004,488,6,19,475,82,LOW,25.0,5.793
2026-06-22,W04,Warehouse,P004,475,27,37,465,82,MEDIUM,12.57,5.671
2026-06-23,W04,Warehouse,P004,465,35,6,494,82,LOW,82.33,6.024
2026-06-24,W04,Warehouse,P004,494,59,22,531,82,MEDIUM,24.14,6.476
2026-06-25,W04,Warehouse,P004,531,63,52,542,82,HIGH,10.42,6.61
2026-06-26,W04,Warehouse,P004,542,3,27,518,82,MEDIUM,19.19,6.317
2026-06-27,W04,Warehouse,P004,518,27,25,520,82,MEDIUM,20.8,6.341
2026-06-28,W04,Warehouse,P004,520,20,29,511,82,MEDIUM,17.62,6.232
2026-06-29,W04,Warehouse,P004,511,31,9,533,82,LOW,59.22,6.5
2026-06-30,W04,Warehouse,P004,533,19,7,545,82,LOW,77.86,6.646
2026-06-01,W04,Warehouse,P005,464,48,31,481,102,MEDIUM,15.52,4.716
2026-06-02,W04,Warehouse,P005,481,23,18,486,102,LOW,27.0,4.765
2026-06-03,W04,Warehouse,P005,486,4,13,477,102,LOW,36.69,4.676
2026-06-04,W04,Warehouse,P005,477,54,1,530,102,LOW,530.0,5.196
2026-06-05,W04,Warehouse,P005,530,9,44,495,102,HIGH,11.25,4.853
2026-06-06,W04,Warehouse,P005,495,31,1,525,102,LOW,525.0,5.147
2026-06-07,W04,Warehouse,P005,525,31,38,518,102,MEDIUM,13.63,5.078
2026-06-08,W04,Warehouse,P005,518,22,19,521,102,LOW,27.42,5.108
2026-06-09,W04,Warehouse,P005,521,41,31,531,102,MEDIUM,17.13,5.206
2026-06-10,W04,Warehouse,P005,531,59,13,577,102,LOW,44.38,5.657
2026-06-11,W04,Warehouse,P005,577,19,8,588,102,LOW,73.5,5.765
2026-06-12,W04,Warehouse,P005,588,48,30,606,102,MEDIUM,20.2,5.941
2026-06-13,W04,Warehouse,P005,606,26,41,591,102,MEDIUM,14.41,5.794
2026-06-14,W04,Warehouse,P005,591,27,11,607,102,LOW,55.18,5.951
2026-06-15,W04,Warehouse,P005,607,40,26,621,102,MEDIUM,23.88,6.088
2026-06-16,W04,Warehouse,P005,621,31,27,625,102,MEDIUM,23.15,6.127
2026-06-17,W04,Warehouse,P005,625,71,13,683,102,LOW,52.54,6.696
2026-06-18,W04,Warehouse,P005,683,23,38,668,102,MEDIUM,17.58,6.549
2026-06-19,W04,Warehouse,P005,668,3,9,662,102,LOW,73.56,6.49
2026-06-20,W04,Warehouse,P005,662,46,33,675,102,MEDIUM,20.45,6.618
2026-06-21,W04,Warehouse,P005,675,54,7,722,102,LOW,103.14,7.078
2026-06-22,W04,Warehouse,P005,722,76,34,764,102,MEDIUM,22.47,7.49
2026-06-23,W04,Warehouse,P005,764,14,23,755,102,LOW,32.83,7.402
2026-06-24,W04,Warehouse,P005,755,21,33,743,102,MEDIUM,22.52,7.284
2026-06-25,W04,Warehouse,P005,743,43,32,754,102,MEDIUM,23.56,7.392
2026-06-26,W04,Warehouse,P005,754,43,68,729,102,HIGH,10.72,7.147
2026-06-27,W04,Warehouse,P005,729,87,35,781,102,MEDIUM,22.31,7.657
2026-06-28,W04,Warehouse,P005,781,93,63,811,102,MEDIUM,12.87,7.951
2026-06-29,W04,Warehouse,P005,811,82,18,875,102,LOW,48.61,8.578
2026-06-30,W04,Warehouse,P005,875,47,30,892,102,LOW,29.73,8.745
2026-06-01,W04,Warehouse,P006,259,3,1,261,56,LOW,261.0,4.661
2026-06-02,W04,Warehouse,P006,261,19,10,270,56,LOW,27.0,4.821
2026-06-03,W04,Warehouse,P006,270,27,18,279,56,MEDIUM,15.5,4.982
2026-06-04,W04,Warehouse,P006,279,2,22,259,56,HIGH,11.77,4.625
2026-06-05,W04,Warehouse,P006,259,15,14,260,56,MEDIUM,18.57,4.643
2026-06-06,W04,Warehouse,P006,260,30,16,274,56,MEDIUM,17.12,4.893
2026-06-07,W04,Warehouse,P006,274,0,4,270,56,LOW,67.5,4.821
2026-06-08,W04,Warehouse,P006,270,14,1,283,56,LOW,283.0,5.054
2026-06-09,W04,Warehouse,P006,283,5,22,266,56,MEDIUM,12.09,4.75
2026-06-10,W04,Warehouse,P006,266,4,4,266,56,LOW,66.5,4.75
2026-06-11,W04,Warehouse,P006,266,16,2,280,56,LOW,140.0,5.0
2026-06-12,W04,Warehouse,P006,280,8,26,262,56,HIGH,10.08,4.679
2026-06-13,W04,Warehouse,P006,262,20,25,257,56,HIGH,10.28,4.589
2026-06-14,W04,Warehouse,P006,257,11,15,253,56,MEDIUM,16.87,4.518
2026-06-15,W04,Warehouse,P006,253,7,9,251,56,LOW,27.89,4.482
2026-06-16,W04,Warehouse,P006,251,5,20,236,56,HIGH,11.8,4.214
2026-06-17,W04,Warehouse,P006,236,5,4,237,56,LOW,59.25,4.232
2026-06-18,W04,Warehouse,P006,237,13,9,241,56,LOW,26.78,4.304
2026-06-19,W04,Warehouse,P006,241,9,8,242,56,LOW,30.25,4.321
2026-06-20,W04,Warehouse,P006,242,8,21,229,56,HIGH,10.9,4.089
2026-06-21,W04,Warehouse,P006,229,16,20,225,56,HIGH,11.25,4.018
2026-06-22,W04,Warehouse,P006,225,27,14,238,56,MEDIUM,17.0,4.25
2026-06-23,W04,Warehouse,P006,238,23,2,259,56,LOW,129.5,4.625
2026-06-24,W04,Warehouse,P006,259,30,12,277,56,MEDIUM,23.08,4.946
2026-06-25,W04,Warehouse,P006,277,24,6,295,56,LOW,49.17,5.268
2026-06-26,W04,Warehouse,P006,295,3,25,273,56,HIGH,10.92,4.875
2026-06-27,W04,Warehouse,P006,273,15,3,285,56,LOW,95.0,5.089
2026-06-28,W04,Warehouse,P006,285,23,1,307,56,LOW,307.0,5.482
2026-06-29,W04,Warehouse,P006,307,17,21,303,56,MEDIUM,14.43,5.411
2026-06-30,W04,Warehouse,P006,303,26,13,316,56,MEDIUM,24.31,5.643
2026-06-01,W04,Warehouse,P007,435,19,156,298,95,CRITICAL,1.91,3.137
2026-06-02,W04,Warehouse,P007,418,9,6,421,95,LOW,70.17,4.432
2026-06-03,W04,Warehouse,P007,424,8,66,366,95,HIGH,5.55,3.853
2026-06-04,W04,Warehouse,P007,399,23,3,419,95,LOW,139.67,4.411
2026-06-05,W04,Warehouse,P007,421,8,2,427,95,LOW,213.5,4.495
2026-06-06,W04,Warehouse,P007,428,43,65,406,95,HIGH,6.25,4.274
2026-06-07,W04,Warehouse,P007,452,3,35,420,95,MEDIUM,12.0,4.421
2026-06-08,W04,Warehouse,P007,446,33,58,421,95,HIGH,7.26,4.432
2026-06-09,W04,Warehouse,P007,453,45,3,495,95,LOW,165.0,5.211
2026-06-10,W04,Warehouse,P007,497,4,4,497,95,LOW,124.25,5.232
2026-06-11,W04,Warehouse,P007,500,24,143,381,95,CRITICAL,2.66,4.011
2026-06-12,W04,Warehouse,P007,488,40,31,497,95,MEDIUM,16.03,5.232
2026-06-13,W04,Warehouse,P007,518,42,80,480,95,HIGH,6.0,5.053
2026-06-14,W04,Warehouse,P007,527,12,128,411,95,CRITICAL,3.21,4.326
2026-06-15,W04,Warehouse,P007,501,26,6,521,95,LOW,86.83,5.484
2026-06-16,W04,Warehouse,P007,525,25,153,397,95,CRITICAL,2.59,4.179
2026-06-17,W04,Warehouse,P007,510,43,43,510,95,HIGH,11.86,5.368
2026-06-18,W04,Warehouse,P007,540,50,55,535,95,HIGH,9.73,5.632
2026-06-19,W04,Warehouse,P007,569,32,15,586,95,LOW,39.07,6.168
2026-06-20,W04,Warehouse,P007,597,73,157,513,95,CRITICAL,3.27,5.4
2026-06-21,W04,Warehouse,P007,621,15,80,556,95,HIGH,6.95,5.853
2026-06-22,W04,Warehouse,P007,602,58,99,561,95,HIGH,5.67,5.905
2026-06-23,W04,Warehouse,P007,630,16,261,385,95,CRITICAL,1.48,4.053
2026-06-24,W04,Warehouse,P007,585,19,70,534,95,HIGH,7.63,5.621
2026-06-25,W04,Warehouse,P007,585,27,135,477,95,CRITICAL,3.53,5.021
2026-06-26,W04,Warehouse,P007,561,35,147,449,95,CRITICAL,3.05,4.726
2026-06-27,W04,Warehouse,P007,556,62,133,485,95,CRITICAL,3.65,5.105
2026-06-28,W04,Warehouse,P007,567,59,163,463,95,CRITICAL,2.84,4.874
2026-06-29,W04,Warehouse,P007,576,68,180,464,95,CRITICAL,2.58,4.884
2026-06-30,W04,Warehouse,P007,588,46,18,616,95,LOW,34.22,6.484
2026-06-01,W04,Warehouse,P008,304,4,23,285,66,MEDIUM,12.39,4.318
2026-06-02,W04,Warehouse,P008,285,11,22,274,66,MEDIUM,12.45,4.152
2026-06-03,W04,Warehouse,P008,274,31,17,288,66,MEDIUM,16.94,4.364
2026-06-04,W04,Warehouse,P008,288,27,7,308,66,LOW,44.0,4.667
2026-06-05,W04,Warehouse,P008,308,16,28,296,66,HIGH,10.57,4.485
2026-06-06,W04,Warehouse,P008,296,30,5,321,66,LOW,64.2,4.864
2026-06-07,W04,Warehouse,P008,321,37,15,343,66,MEDIUM,22.87,5.197
2026-06-08,W04,Warehouse,P008,343,35,17,361,66,MEDIUM,21.24,5.47
2026-06-09,W04,Warehouse,P008,361,27,5,383,66,LOW,76.6,5.803
2026-06-10,W04,Warehouse,P008,383,15,27,371,66,MEDIUM,13.74,5.621
2026-06-11,W04,Warehouse,P008,371,38,3,406,66,LOW,135.33,6.152
2026-06-12,W04,Warehouse,P008,406,3,27,382,66,MEDIUM,14.15,5.788
2026-06-13,W04,Warehouse,P008,382,21,32,371,66,HIGH,11.59,5.621
2026-06-14,W04,Warehouse,P008,371,3,12,362,66,LOW,30.17,5.485
2026-06-15,W04,Warehouse,P008,362,1,25,338,66,MEDIUM,13.52,5.121
2026-06-16,W04,Warehouse,P008,338,36,5,369,66,LOW,73.8,5.591
2026-06-17,W04,Warehouse,P008,369,14,30,353,66,HIGH,11.77,5.348
2026-06-18,W04,Warehouse,P008,353,1,33,321,66,HIGH,9.73,4.864
2026-06-19,W04,Warehouse,P008,321,35,4,352,66,LOW,88.0,5.333
2026-06-20,W04,Warehouse,P008,352,6,24,334,66,MEDIUM,13.92,5.061
2026-06-21,W04,Warehouse,P008,334,0,16,318,66,MEDIUM,19.88,4.818
2026-06-22,W04,Warehouse,P008,318,2,16,304,66,MEDIUM,19.0,4.606
2026-06-23,W04,Warehouse,P008,304,13,21,296,66,MEDIUM,14.1,4.485
2026-06-24,W04,Warehouse,P008,296,32,14,314,66,MEDIUM,22.43,4.758
2026-06-25,W04,Warehouse,P008,314,25,18,321,66,MEDIUM,17.83,4.864
2026-06-26,W04,Warehouse,P008,321,39,7,353,66,LOW,50.43,5.348
2026-06-27,W04,Warehouse,P008,353,10,13,350,66,LOW,26.92,5.303
2026-06-28,W04,Warehouse,P008,350,31,30,351,66,HIGH,11.7,5.318
2026-06-29,W04,Warehouse,P008,351,11,3,359,66,LOW,119.67,5.439
2026-06-30,W04,Warehouse,P008,359,26,20,365,66,MEDIUM,18.25,5.53
2026-06-01,W04,Warehouse,P009,222,10,4,228,48,LOW,57.0,4.75
2026-06-02,W04,Warehouse,P009,228,23,18,233,48,MEDIUM,12.94,4.854
2026-06-03,W04,Warehouse,P009,233,21,13,241,48,MEDIUM,18.54,5.021
2026-06-04,W04,Warehouse,P009,241,7,9,239,48,LOW,26.56,4.979
2026-06-05,W04,Warehouse,P009,239,1,5,235,48,LOW,47.0,4.896
2026-06-06,W04,Warehouse,P009,235,13,10,238,48,MEDIUM,23.8,4.958
2026-06-07,W04,Warehouse,P009,238,2,22,218,48,HIGH,9.91,4.542
2026-06-08,W04,Warehouse,P009,218,7,10,215,48,MEDIUM,21.5,4.479
2026-06-09,W04,Warehouse,P009,215,12,9,218,48,MEDIUM,24.22,4.542
2026-06-10,W04,Warehouse,P009,218,22,15,225,48,MEDIUM,15.0,4.688
2026-06-11,W04,Warehouse,P009,225,24,8,241,48,LOW,30.12,5.021
2026-06-12,W04,Warehouse,P009,241,7,10,238,48,MEDIUM,23.8,4.958
2026-06-13,W04,Warehouse,P009,238,16,7,247,48,LOW,35.29,5.146
2026-06-14,W04,Warehouse,P009,247,13,3,257,48,LOW,85.67,5.354
2026-06-15,W04,Warehouse,P009,257,18,17,258,48,MEDIUM,15.18,5.375
2026-06-16,W04,Warehouse,P009,258,16,21,253,48,MEDIUM,12.05,5.271
2026-06-17,W04,Warehouse,P009,253,30,22,261,48,HIGH,11.86,5.438
2026-06-18,W04,Warehouse,P009,261,2,22,241,48,HIGH,10.95,5.021
2026-06-19,W04,Warehouse,P009,241,10,10,241,48,MEDIUM,24.1,5.021
2026-06-20,W04,Warehouse,P009,241,12,6,247,48,LOW,41.17,5.146
2026-06-21,W04,Warehouse,P009,247,26,15,258,48,MEDIUM,17.2,5.375
2026-06-22,W04,Warehouse,P009,258,30,23,265,48,HIGH,11.52,5.521
2026-06-23,W04,Warehouse,P009,265,13,18,260,48,MEDIUM,14.44,5.417
2026-06-24,W04,Warehouse,P009,260,16,12,264,48,MEDIUM,22.0,5.5
2026-06-25,W04,Warehouse,P009,264,24,17,271,48,MEDIUM,15.94,5.646
2026-06-26,W04,Warehouse,P009,271,30,20,281,48,MEDIUM,14.05,5.854
2026-06-27,W04,Warehouse,P009,281,21,25,277,48,HIGH,11.08,5.771
2026-06-28,W04,Warehouse,P009,277,3,20,260,48,MEDIUM,13.0,5.417
2026-06-29,W04,Warehouse,P009,260,12,11,261,48,MEDIUM,23.73,5.438
2026-06-30,W04,Warehouse,P009,261,25,7,279,48,LOW,39.86,5.812
2026-06-01,W04,Warehouse,P010,235,25,11,249,51,MEDIUM,22.64,4.882
2026-06-02,W04,Warehouse,P010,249,10,7,252,51,LOW,36.0,4.941
2026-06-03,W04,Warehouse,P010,252,13,23,242,51,HIGH,10.52,4.745
2026-06-04,W04,Warehouse,P010,242,3,12,233,51,MEDIUM,19.42,4.569
2026-06-05,W04,Warehouse,P010,233,24,10,247,51,MEDIUM,24.7,4.843
2026-06-06,W04,Warehouse,P010,247,16,8,255,51,LOW,31.88,5.0
2026-06-07,W04,Warehouse,P010,255,4,15,244,51,MEDIUM,16.27,4.784
2026-06-08,W04,Warehouse,P010,244,27,12,259,51,MEDIUM,21.58,5.078
2026-06-09,W04,Warehouse,P010,259,13,3,269,51,LOW,89.67,5.275
2026-06-10,W04,Warehouse,P010,269,31,22,278,51,MEDIUM,12.64,5.451
2026-06-11,W04,Warehouse,P010,278,30,9,299,51,LOW,33.22,5.863
2026-06-12,W04,Warehouse,P010,299,23,12,310,51,LOW,25.83,6.078
2026-06-13,W04,Warehouse,P010,310,8,6,312,51,LOW,52.0,6.118
2026-06-14,W04,Warehouse,P010,312,14,17,309,51,MEDIUM,18.18,6.059
2026-06-15,W04,Warehouse,P010,309,4,21,292,51,MEDIUM,13.9,5.725
2026-06-16,W04,Warehouse,P010,292,16,25,283,51,HIGH,11.32,5.549
2026-06-17,W04,Warehouse,P010,283,9,1,291,51,LOW,291.0,5.706
2026-06-18,W04,Warehouse,P010,291,11,28,274,51,HIGH,9.79,5.373
2026-06-19,W04,Warehouse,P010,274,10,19,265,51,MEDIUM,13.95,5.196
2026-06-20,W04,Warehouse,P010,265,27,7,285,51,LOW,40.71,5.588
2026-06-21,W04,Warehouse,P010,285,22,5,302,51,LOW,60.4,5.922
2026-06-22,W04,Warehouse,P010,302,13,8,307,51,LOW,38.38,6.02
2026-06-23,W04,Warehouse,P010,307,25,26,306,51,HIGH,11.77,6.0
2026-06-24,W04,Warehouse,P010,306,9,8,307,51,LOW,38.38,6.02
2026-06-25,W04,Warehouse,P010,307,31,13,325,51,LOW,25.0,6.373
2026-06-26,W04,Warehouse,P010,325,20,22,323,51,MEDIUM,14.68,6.333
2026-06-27,W04,Warehouse,P010,323,5,27,301,51,HIGH,11.15,5.902
2026-06-28,W04,Warehouse,P010,301,13,19,295,51,MEDIUM,15.53,5.784
2026-06-29,W04,Warehouse,P010,295,15,21,289,51,MEDIUM,13.76,5.667
2026-06-30,W04,Warehouse,P010,289,22,4,307,51,LOW,76.75,6.02
2026-06-01,W04,Warehouse,P011,143,3,33,113,31,CRITICAL,3.42,3.645
2026-06-02,W04,Warehouse,P011,134,8,13,129,31,HIGH,9.92,4.161
2026-06-03,W04,Warehouse,P011,139,2,3,138,31,LOW,46.0,4.452
2026-06-04,W04,Warehouse,P011,140,15,51,104,31,CRITICAL,2.04,3.355
2026-06-05,W04,Warehouse,P011,142,6,7,141,31,MEDIUM,20.14,4.548
2026-06-06,W04,Warehouse,P011,146,7,3,150,31,LOW,50.0,4.839
2026-06-07,W04,Warehouse,P011,152,10,20,142,31,HIGH,7.1,4.581
2026-06-08,W04,Warehouse,P011,153,18,10,161,31,MEDIUM,16.1,5.194
2026-06-09,W04,Warehouse,P011,167,3,5,165,31,LOW,33.0,5.323
2026-06-10,W04,Warehouse,P011,168,7,30,145,31,CRITICAL,4.83,4.677
2026-06-11,W04,Warehouse,P011,166,1,52,115,31,CRITICAL,2.21,3.71
2026-06-12,W04,Warehouse,P011,155,8,45,118,31,CRITICAL,2.62,3.806
2026-06-13,W04,Warehouse,P011,152,8,4,156,31,LOW,39.0,5.032
2026-06-14,W04,Warehouse,P011,158,0,21,137,31,HIGH,6.52,4.419
2026-06-15,W04,Warehouse,P011,150,9,28,131,31,CRITICAL,4.68,4.226
2026-06-16,W04,Warehouse,P011,147,15,9,153,31,MEDIUM,17.0,4.935
2026-06-17,W04,Warehouse,P011,160,6,7,159,31,MEDIUM,22.71,5.129
2026-06-18,W04,Warehouse,P011,163,2,0,165,31,LOW,999.0,5.323
2026-06-19,W04,Warehouse,P011,165,1,28,138,31,CRITICAL,4.93,4.452
2026-06-20,W04,Warehouse,P011,158,2,7,153,31,MEDIUM,21.86,4.935
2026-06-21,W04,Warehouse,P011,158,2,25,135,31,HIGH,5.4,4.355
2026-06-22,W04,Warehouse,P011,150,11,50,111,31,CRITICAL,2.22,3.581
2026-06-23,W04,Warehouse,P011,147,2,4,145,31,LOW,36.25,4.677
2026-06-24,W04,Warehouse,P011,147,8,18,137,31,HIGH,7.61,4.419
2026-06-25,W04,Warehouse,P011,146,2,4,144,31,LOW,36.0,4.645
2026-06-26,W04,Warehouse,P011,146,7,0,153,31,LOW,999.0,4.935
2026-06-27,W04,Warehouse,P011,153,7,48,112,31,CRITICAL,2.33,3.613
2026-06-28,W04,Warehouse,P011,149,9,20,138,31,HIGH,6.9,4.452
2026-06-29,W04,Warehouse,P011,152,9,53,108,31,CRITICAL,2.04,3.484
2026-06-30,W04,Warehouse,P011,147,9,19,137,31,HIGH,7.21,4.419
2026-06-01,W04,Warehouse,P012,113,13,4,122,24,LOW,30.5,5.083
2026-06-02,W04,Warehouse,P012,125,1,22,104,24,CRITICAL,4.73,4.333
2026-06-03,W04,Warehouse,P012,121,4,6,119,24,MEDIUM,19.83,4.958
2026-06-04,W04,Warehouse,P012,123,1,44,80,24,CRITICAL,1.82,3.333
2026-06-05,W04,Warehouse,P012,114,8,24,98,24,CRITICAL,4.08,4.083
2026-06-06,W04,Warehouse,P012,115,1,11,105,24,HIGH,9.55,4.375
2026-06-07,W04,Warehouse,P012,113,8,13,108,24,HIGH,8.31,4.5
2026-06-08,W04,Warehouse,P012,116,9,25,100,24,CRITICAL,4.0,4.167
2026-06-09,W04,Warehouse,P012,118,5,25,98,24,CRITICAL,3.92,4.083
2026-06-10,W04,Warehouse,P012,115,3,0,118,24,LOW,999.0,4.917
2026-06-11,W04,Warehouse,P012,118,12,0,130,24,LOW,999.0,5.417
2026-06-12,W04,Warehouse,P012,130,4,3,131,24,LOW,43.67,5.458
2026-06-13,W04,Warehouse,P012,133,3,21,115,24,HIGH,5.48,4.792
2026-06-14,W04,Warehouse,P012,131,2,25,108,24,CRITICAL,4.32,4.5
2026-06-15,W04,Warehouse,P012,127,13,3,137,24,LOW,45.67,5.708
2026-06-16,W04,Warehouse,P012,139,15,11,143,24,MEDIUM,13.0,5.958
2026-06-17,W04,Warehouse,P012,149,10,14,145,24,HIGH,10.36,6.042
2026-06-18,W04,Warehouse,P012,153,6,2,157,24,LOW,78.5,6.542
2026-06-19,W04,Warehouse,P012,158,11,28,141,24,HIGH,5.04,5.875
2026-06-20,W04,Warehouse,P012,156,9,35,130,24,CRITICAL,3.71,5.417
2026-06-21,W04,Warehouse,P012,157,12,12,157,24,MEDIUM,13.08,6.542
2026-06-22,W04,Warehouse,P012,164,2,29,137,24,CRITICAL,4.72,5.708
2026-06-23,W04,Warehouse,P012,158,16,14,160,24,HIGH,11.43,6.667
2026-06-24,W04,Warehouse,P012,170,18,49,139,24,CRITICAL,2.84,5.792
2026-06-25,W04,Warehouse,P012,174,5,22,157,24,HIGH,7.14,6.542
2026-06-26,W04,Warehouse,P012,170,15,27,158,24,HIGH,5.85,6.583
2026-06-27,W04,Warehouse,P012,177,15,52,140,24,CRITICAL,2.69,5.833
2026-06-28,W04,Warehouse,P012,177,13,47,143,24,CRITICAL,3.04,5.958
2026-06-29,W04,Warehouse,P012,176,17,31,162,24,HIGH,5.23,6.75
2026-06-30,W04,Warehouse,P012,180,18,15,183,24,MEDIUM,12.2,7.625
2026-06-01,W04,Warehouse,P013,59,0,0,59,12,LOW,999.0,4.917
2026-06-02,W04,Warehouse,P013,59,1,3,57,12,MEDIUM,19.0,4.75
2026-06-03,W04,Warehouse,P013,57,3,2,58,12,LOW,29.0,4.833
2026-06-04,W04,Warehouse,P013,58,0,3,55,12,MEDIUM,18.33,4.583
2026-06-05,W04,Warehouse,P013,55,2,3,54,12,MEDIUM,18.0,4.5
2026-06-06,W04,Warehouse,P013,54,0,1,53,12,LOW,53.0,4.417
2026-06-07,W04,Warehouse,P013,53,0,1,52,12,LOW,52.0,4.333
2026-06-08,W04,Warehouse,P013,52,5,2,55,12,LOW,27.5,4.583
2026-06-09,W04,Warehouse,P013,55,2,1,56,12,LOW,56.0,4.667
2026-06-10,W04,Warehouse,P013,56,1,3,54,12,MEDIUM,18.0,4.5
2026-06-11,W04,Warehouse,P013,54,5,3,56,12,MEDIUM,18.67,4.667
2026-06-12,W04,Warehouse,P013,56,5,2,59,12,LOW,29.5,4.917
2026-06-13,W04,Warehouse,P013,59,0,3,56,12,MEDIUM,18.67,4.667
2026-06-14,W04,Warehouse,P013,56,5,2,59,12,LOW,29.5,4.917
2026-06-15,W04,Warehouse,P013,59,0,3,56,12,MEDIUM,18.67,4.667
2026-06-16,W04,Warehouse,P013,56,6,1,61,12,LOW,61.0,5.083
2026-06-17,W04,Warehouse,P013,61,1,4,58,12,MEDIUM,14.5,4.833
2026-06-18,W04,Warehouse,P013,58,2,3,57,12,MEDIUM,19.0,4.75
2026-06-19,W04,Warehouse,P013,57,4,1,60,12,LOW,60.0,5.0
2026-06-20,W04,Warehouse,P013,60,0,3,57,12,MEDIUM,19.0,4.75
2026-06-21,W04,Warehouse,P013,57,2,4,55,12,MEDIUM,13.75,4.583
2026-06-22,W04,Warehouse,P013,55,2,1,56,12,LOW,56.0,4.667
2026-06-23,W04,Warehouse,P013,56,6,3,59,12,MEDIUM,19.67,4.917
2026-06-24,W04,Warehouse,P013,59,4,4,59,12,MEDIUM,14.75,4.917
2026-06-25,W04,Warehouse,P013,59,5,4,60,12,MEDIUM,15.0,5.0
2026-06-26,W04,Warehouse,P013,60,5,2,63,12,LOW,31.5,5.25
2026-06-27,W04,Warehouse,P013,63,0,3,60,12,MEDIUM,20.0,5.0
2026-06-28,W04,Warehouse,P013,60,5,5,60,12,MEDIUM,12.0,5.0
2026-06-29,W04,Warehouse,P013,60,4,3,61,12,MEDIUM,20.33,5.083
2026-06-30,W04,Warehouse,P013,61,4,0,65,12,LOW,999.0,5.417
2026-06-01,W04,Warehouse,P014,142,0,0,142,31,LOW,999.0,4.581
2026-06-02,W04,Warehouse,P014,142,15,11,146,31,MEDIUM,13.27,4.71
2026-06-03,W04,Warehouse,P014,146,4,5,145,31,LOW,29.0,4.677
2026-06-04,W04,Warehouse,P014,145,8,3,150,31,LOW,50.0,4.839
2026-06-05,W04,Warehouse,P014,150,7,5,152,31,LOW,30.4,4.903
2026-06-06,W04,Warehouse,P014,152,13,11,154,31,MEDIUM,14.0,4.968
2026-06-07,W04,Warehouse,P014,154,1,6,149,31,MEDIUM,24.83,4.806
2026-06-08,W04,Warehouse,P014,149,17,12,154,31,MEDIUM,12.83,4.968
2026-06-09,W04,Warehouse,P014,154,15,11,158,31,MEDIUM,14.36,5.097
2026-06-10,W04,Warehouse,P014,158,0,14,144,31,HIGH,10.29,4.645
2026-06-11,W04,Warehouse,P014,144,13,12,145,31,MEDIUM,12.08,4.677
2026-06-12,W04,Warehouse,P014,145,16,3,158,31,LOW,52.67,5.097
2026-06-13,W04,Warehouse,P014,158,0,9,149,31,MEDIUM,16.56,4.806
2026-06-14,W04,Warehouse,P014,149,8,0,157,31,LOW,999.0,5.065
2026-06-15,W04,Warehouse,P014,157,5,14,148,31,HIGH,10.57,4.774
2026-06-16,W04,Warehouse,P014,148,6,3,151,31,LOW,50.33,4.871
2026-06-17,W04,Warehouse,P014,151,11,9,153,31,MEDIUM,17.0,4.935
2026-06-18,W04,Warehouse,P014,153,6,12,147,31,MEDIUM,12.25,4.742
2026-06-19,W04,Warehouse,P014,147,10,2,155,31,LOW,77.5,5.0
2026-06-20,W04,Warehouse,P014,155,6,12,149,31,MEDIUM,12.42,4.806
2026-06-21,W04,Warehouse,P014,149,1,0,150,31,LOW,999.0,4.839
2026-06-22,W04,Warehouse,P014,150,11,6,155,31,LOW,25.83,5.0
2026-06-23,W04,Warehouse,P014,155,4,7,152,31,MEDIUM,21.71,4.903
2026-06-24,W04,Warehouse,P014,152,3,5,150,31,LOW,30.0,4.839
2026-06-25,W04,Warehouse,P014,150,4,8,146,31,MEDIUM,18.25,4.71
2026-06-26,W04,Warehouse,P014,146,12,12,146,31,MEDIUM,12.17,4.71
2026-06-27,W04,Warehouse,P014,146,1,4,143,31,LOW,35.75,4.613
2026-06-28,W04,Warehouse,P014,143,4,8,139,31,MEDIUM,17.38,4.484
2026-06-29,W04,Warehouse,P014,139,9,11,137,31,MEDIUM,12.45,4.419
2026-06-30,W04,Warehouse,P014,137,15,10,142,31,MEDIUM,14.2,4.581
2026-06-01,W04,Warehouse,P015,72,1,0,73,15,LOW,999.0,4.867
2026-06-02,W04,Warehouse,P015,73,8,6,75,15,MEDIUM,12.5,5.0
2026-06-03,W04,Warehouse,P015,75,2,0,77,15,LOW,999.0,5.133
2026-06-04,W04,Warehouse,P015,77,6,4,79,15,MEDIUM,19.75,5.267
2026-06-05,W04,Warehouse,P015,79,7,4,82,15,MEDIUM,20.5,5.467
2026-06-06,W04,Warehouse,P015,82,7,6,83,15,MEDIUM,13.83,5.533
2026-06-07,W04,Warehouse,P015,83,0,1,82,15,LOW,82.0,5.467
2026-06-08,W04,Warehouse,P015,82,7,1,88,15,LOW,88.0,5.867
2026-06-09,W04,Warehouse,P015,88,2,6,84,15,MEDIUM,14.0,5.6
2026-06-10,W04,Warehouse,P015,84,2,1,85,15,LOW,85.0,5.667
2026-06-11,W04,Warehouse,P015,85,0,3,82,15,LOW,27.33,5.467
2026-06-12,W04,Warehouse,P015,82,6,5,83,15,MEDIUM,16.6,5.533
2026-06-13,W04,Warehouse,P015,83,9,5,87,15,MEDIUM,17.4,5.8
2026-06-14,W04,Warehouse,P015,87,7,1,93,15,LOW,93.0,6.2
2026-06-15,W04,Warehouse,P015,93,3,2,94,15,LOW,47.0,6.267
2026-06-16,W04,Warehouse,P015,94,0,8,86,15,HIGH,10.75,5.733
2026-06-17,W04,Warehouse,P015,86,2,3,85,15,LOW,28.33,5.667
2026-06-18,W04,Warehouse,P015,85,3,0,88,15,LOW,999.0,5.867
2026-06-19,W04,Warehouse,P015,88,9,1,96,15,LOW,96.0,6.4
2026-06-20,W04,Warehouse,P015,96,1,3,94,15,LOW,31.33,6.267
2026-06-21,W04,Warehouse,P015,94,1,8,87,15,HIGH,10.88,5.8
2026-06-22,W04,Warehouse,P015,87,1,2,86,15,LOW,43.0,5.733
2026-06-23,W04,Warehouse,P015,86,2,0,88,15,LOW,999.0,5.867
2026-06-24,W04,Warehouse,P015,88,0,4,84,15,MEDIUM,21.0,5.6
2026-06-25,W04,Warehouse,P015,84,2,0,86,15,LOW,999.0,5.733
2026-06-26,W04,Warehouse,P015,86,2,2,86,15,LOW,43.0,5.733
2026-06-27,W04,Warehouse,P015,86,4,7,83,15,HIGH,11.86,5.533
2026-06-28,W04,Warehouse,P015,83,3,5,81,15,MEDIUM,16.2,5.4
2026-06-29,W04,Warehouse,P015,81,7,0,88,15,LOW,999.0,5.867
2026-06-30,W04,Warehouse,P015,88,5,3,90,15,LOW,30.0,6.0
2026-06-01,W05,Warehouse,P001,160,10,2,168,35,LOW,84.0,4.8
2026-06-02,W05,Warehouse,P001,168,9,1,176,35,LOW,176.0,5.029
2026-06-03,W05,Warehouse,P001,176,20,9,187,35,MEDIUM,20.78,5.343
2026-06-04,W05,Warehouse,P001,187,0,9,178,35,MEDIUM,19.78,5.086
2026-06-05,W05,Warehouse,P001,178,20,12,186,35,MEDIUM,15.5,5.314
2026-06-06,W05,Warehouse,P001,186,6,16,176,35,HIGH,11.0,5.029
2026-06-07,W05,Warehouse,P001,176,4,4,176,35,LOW,44.0,5.029
2026-06-08,W05,Warehouse,P001,176,3,15,164,35,HIGH,10.93,4.686
2026-06-09,W05,Warehouse,P001,164,14,8,170,35,MEDIUM,21.25,4.857
2026-06-10,W05,Warehouse,P001,170,14,4,180,35,LOW,45.0,5.143
2026-06-11,W05,Warehouse,P001,180,1,15,166,35,HIGH,11.07,4.743
2026-06-12,W05,Warehouse,P001,166,19,0,185,35,LOW,999.0,5.286
2026-06-13,W05,Warehouse,P001,185,1,10,176,35,MEDIUM,17.6,5.029
2026-06-14,W05,Warehouse,P001,176,0,12,164,35,MEDIUM,13.67,4.686
2026-06-15,W05,Warehouse,P001,164,18,4,178,35,LOW,44.5,5.086
2026-06-16,W05,Warehouse,P001,178,6,14,170,35,MEDIUM,12.14,4.857
2026-06-17,W05,Warehouse,P001,170,7,4,173,35,LOW,43.25,4.943
2026-06-18,W05,Warehouse,P001,173,1,14,160,35,HIGH,11.43,4.571
2026-06-19,W05,Warehouse,P001,160,18,1,177,35,LOW,177.0,5.057
2026-06-20,W05,Warehouse,P001,177,17,2,192,35,LOW,96.0,5.486
2026-06-21,W05,Warehouse,P001,192,3,7,188,35,LOW,26.86,5.371
2026-06-22,W05,Warehouse,P001,188,10,15,183,35,MEDIUM,12.2,5.229
2026-06-23,W05,Warehouse,P001,183,15,2,196,35,LOW,98.0,5.6
2026-06-24,W05,Warehouse,P001,196,14,16,194,35,MEDIUM,12.12,5.543
2026-06-25,W05,Warehouse,P001,194,15,4,205,35,LOW,51.25,5.857
2026-06-26,W05,Warehouse,P001,205,3,9,199,35,MEDIUM,22.11,5.686
2026-06-27,W05,Warehouse,P001,199,11,6,204,35,LOW,34.0,5.829
2026-06-28,W05,Warehouse,P001,204,2,2,204,35,LOW,102.0,5.829
2026-06-29,W05,Warehouse,P001,204,13,18,199,35,HIGH,11.06,5.686
2026-06-30,W05,Warehouse,P001,199,14,8,205,35,LOW,25.62,5.857
2026-06-01,W05,Warehouse,P002,236,27,15,248,51,MEDIUM,16.53,4.863
2026-06-02,W05,Warehouse,P002,248,22,13,257,51,MEDIUM,19.77,5.039
2026-06-03,W05,Warehouse,P002,257,24,12,269,51,MEDIUM,22.42,5.275
2026-06-04,W05,Warehouse,P002,269,20,16,273,51,MEDIUM,17.06,5.353
2026-06-05,W05,Warehouse,P002,273,25,24,274,51,HIGH,11.42,5.373
2026-06-06,W05,Warehouse,P002,274,10,18,266,51,MEDIUM,14.78,5.216
2026-06-07,W05,Warehouse,P002,266,1,13,254,51,MEDIUM,19.54,4.98
2026-06-08,W05,Warehouse,P002,254,27,16,265,51,MEDIUM,16.56,5.196
2026-06-09,W05,Warehouse,P002,265,8,15,258,51,MEDIUM,17.2,5.059
2026-06-10,W05,Warehouse,P002,258,11,10,259,51,LOW,25.9,5.078
2026-06-11,W05,Warehouse,P002,259,7,15,251,51,MEDIUM,16.73,4.922
2026-06-12,W05,Warehouse,P002,251,6,11,246,51,MEDIUM,22.36,4.824
2026-06-13,W05,Warehouse,P002,246,28,18,256,51,MEDIUM,14.22,5.02
2026-06-14,W05,Warehouse,P002,256,13,24,245,51,HIGH,10.21,4.804
2026-06-15,W05,Warehouse,P002,245,0,23,222,51,HIGH,9.65,4.353
2026-06-16,W05,Warehouse,P002,222,9,18,213,51,HIGH,11.83,4.176
2026-06-17,W05,Warehouse,P002,213,24,12,225,51,MEDIUM,18.75,4.412
2026-06-18,W05,Warehouse,P002,225,17,16,226,51,MEDIUM,14.12,4.431
2026-06-19,W05,Warehouse,P002,226,6,3,229,51,LOW,76.33,4.49
2026-06-20,W05,Warehouse,P002,229,9,10,228,51,MEDIUM,22.8,4.471
2026-06-21,W05,Warehouse,P002,228,20,5,243,51,LOW,48.6,4.765
2026-06-22,W05,Warehouse,P002,243,16,0,259,51,LOW,999.0,5.078
2026-06-23,W05,Warehouse,P002,259,0,24,235,51,HIGH,9.79,4.608
2026-06-24,W05,Warehouse,P002,235,24,19,240,51,MEDIUM,12.63,4.706
2026-06-25,W05,Warehouse,P002,240,9,12,237,51,MEDIUM,19.75,4.647
2026-06-26,W05,Warehouse,P002,237,19,5,251,51,LOW,50.2,4.922
2026-06-27,W05,Warehouse,P002,251,23,17,257,51,MEDIUM,15.12,5.039
2026-06-28,W05,Warehouse,P002,257,13,10,260,51,LOW,26.0,5.098
2026-06-29,W05,Warehouse,P002,260,9,20,249,51,MEDIUM,12.45,4.882
2026-06-30,W05,Warehouse,P002,249,30,23,256,51,HIGH,11.13,5.02
2026-06-01,W05,Warehouse,P003,441,42,31,452,97,MEDIUM,14.58,4.66
2026-06-02,W05,Warehouse,P003,468,45,37,476,97,MEDIUM,12.86,4.907
2026-06-03,W05,Warehouse,P003,502,55,39,518,97,MEDIUM,13.28,5.34
2026-06-04,W05,Warehouse,P003,544,27,13,558,97,LOW,42.92,5.753
2026-06-05,W05,Warehouse,P003,566,5,86,485,97,HIGH,5.64,5.0
2026-06-06,W05,Warehouse,P003,549,37,0,586,97,LOW,999.0,6.041
2026-06-07,W05,Warehouse,P003,586,61,25,622,97,MEDIUM,24.88,6.412
2026-06-08,W05,Warehouse,P003,641,79,70,650,97,HIGH,9.29,6.701
2026-06-09,W05,Warehouse,P003,703,32,31,704,97,MEDIUM,22.71,7.258
2026-06-10,W05,Warehouse,P003,724,74,138,660,97,CRITICAL,4.78,6.804
2026-06-11,W05,Warehouse,P003,746,7,16,737,97,LOW,46.06,7.598
2026-06-12,W05,Warehouse,P003,746,56,268,534,97,CRITICAL,1.99,5.505
2026-06-13,W05,Warehouse,P003,738,10,56,692,97,MEDIUM,12.36,7.134
2026-06-14,W05,Warehouse,P003,732,49,14,767,97,LOW,54.79,7.907
2026-06-15,W05,Warehouse,P003,774,29,0,803,97,LOW,999.0,8.278
2026-06-16,W05,Warehouse,P003,803,49,121,731,97,HIGH,6.04,7.536
2026-06-17,W05,Warehouse,P003,795,40,67,768,97,HIGH,11.46,7.918
2026-06-18,W05,Warehouse,P003,815,42,130,727,97,HIGH,5.59,7.495
2026-06-19,W05,Warehouse,P003,816,16,19,813,97,LOW,42.79,8.381
2026-06-20,W05,Warehouse,P003,823,18,315,526,97,CRITICAL,1.67,5.423
2026-06-21,W05,Warehouse,P003,761,68,23,806,97,LOW,35.04,8.309
2026-06-22,W05,Warehouse,P003,820,30,107,743,97,HIGH,6.94,7.66
2026-06-23,W05,Warehouse,P003,817,18,238,597,97,CRITICAL,2.51,6.155
2026-06-24,W05,Warehouse,P003,767,89,78,778,97,HIGH,9.97,8.021
2026-06-25,W05,Warehouse,P003,838,1,69,770,97,HIGH,11.16,7.938
2026-06-26,W05,Warehouse,P003,817,59,273,603,97,CRITICAL,2.21,6.216
2026-06-27,W05,Warehouse,P003,811,34,61,784,97,MEDIUM,12.85,8.082
2026-06-28,W05,Warehouse,P003,823,25,0,848,97,LOW,999.0,8.742
2026-06-29,W05,Warehouse,P003,848,1,87,762,97,HIGH,8.76,7.856
2026-06-30,W05,Warehouse,P003,814,62,4,872,97,LOW,218.0,8.99
2026-06-01,W05,Warehouse,P004,770,19,70,719,169,HIGH,10.27,4.254
2026-06-02,W05,Warehouse,P004,719,88,45,762,169,MEDIUM,16.93,4.509
2026-06-03,W05,Warehouse,P004,762,49,44,767,169,MEDIUM,17.43,4.538
2026-06-04,W05,Warehouse,P004,767,35,15,787,169,LOW,52.47,4.657
2026-06-05,W05,Warehouse,P004,787,36,54,769,169,MEDIUM,14.24,4.55
2026-06-06,W05,Warehouse,P004,769,63,51,781,169,MEDIUM,15.31,4.621
2026-06-07,W05,Warehouse,P004,781,59,4,836,169,LOW,209.0,4.947
2026-06-08,W05,Warehouse,P004,836,65,73,828,169,HIGH,11.34,4.899
2026-06-09,W05,Warehouse,P004,828,66,47,847,169,MEDIUM,18.02,5.012
2026-06-10,W05,Warehouse,P004,847,23,66,804,169,MEDIUM,12.18,4.757
2026-06-11,W05,Warehouse,P004,804,45,21,828,169,LOW,39.43,4.899
2026-06-12,W05,Warehouse,P004,828,50,10,868,169,LOW,86.8,5.136
2026-06-13,W05,Warehouse,P004,868,100,60,908,169,MEDIUM,15.13,5.373
2026-06-14,W05,Warehouse,P004,908,36,71,873,169,MEDIUM,12.3,5.166
2026-06-15,W05,Warehouse,P004,873,5,33,845,169,LOW,25.61,5.0
2026-06-16,W05,Warehouse,P004,845,68,1,912,169,LOW,912.0,5.396
2026-06-17,W05,Warehouse,P004,912,80,74,918,169,MEDIUM,12.41,5.432
2026-06-18,W05,Warehouse,P004,918,67,18,967,169,LOW,53.72,5.722
2026-06-19,W05,Warehouse,P004,967,89,32,1024,169,LOW,32.0,6.059
2026-06-20,W05,Warehouse,P004,1024,94,64,1054,169,MEDIUM,16.47,6.237
2026-06-21,W05,Warehouse,P004,1054,12,10,1056,169,LOW,105.6,6.249
2026-06-22,W05,Warehouse,P004,1056,2,7,1051,169,LOW,150.14,6.219
2026-06-23,W05,Warehouse,P004,1051,39,2,1088,169,LOW,544.0,6.438
2026-06-24,W05,Warehouse,P004,1088,127,98,1117,169,HIGH,11.4,6.609
2026-06-25,W05,Warehouse,P004,1117,23,34,1106,169,LOW,32.53,6.544
2026-06-26,W05,Warehouse,P004,1106,102,72,1136,169,MEDIUM,15.78,6.722
2026-06-27,W05,Warehouse,P004,1136,82,111,1107,169,HIGH,9.97,6.55
2026-06-28,W05,Warehouse,P004,1107,86,73,1120,169,MEDIUM,15.34,6.627
2026-06-29,W05,Warehouse,P004,1120,70,58,1132,169,MEDIUM,19.52,6.698
2026-06-30,W05,Warehouse,P004,1132,41,58,1115,169,MEDIUM,19.22,6.598
2026-06-01,W05,Warehouse,P005,307,34,11,330,67,LOW,30.0,4.925
2026-06-02,W05,Warehouse,P005,330,5,19,316,67,MEDIUM,16.63,4.716
2026-06-03,W05,Warehouse,P005,316,30,29,317,67,HIGH,10.93,4.731
2026-06-04,W05,Warehouse,P005,317,21,24,314,67,MEDIUM,13.08,4.687
2026-06-05,W05,Warehouse,P005,314,9,13,310,67,MEDIUM,23.85,4.627
2026-06-06,W05,Warehouse,P005,310,15,10,315,67,LOW,31.5,4.701
2026-06-07,W05,Warehouse,P005,315,27,27,315,67,HIGH,11.67,4.701
2026-06-08,W05,Warehouse,P005,315,12,4,323,67,LOW,80.75,4.821
2026-06-09,W05,Warehouse,P005,323,33,27,329,67,MEDIUM,12.19,4.91
2026-06-10,W05,Warehouse,P005,329,38,8,359,67,LOW,44.88,5.358
2026-06-11,W05,Warehouse,P005,359,31,25,365,67,MEDIUM,14.6,5.448
2026-06-12,W05,Warehouse,P005,365,35,29,371,67,MEDIUM,12.79,5.537
2026-06-13,W05,Warehouse,P005,371,43,17,397,67,MEDIUM,23.35,5.925
2026-06-14,W05,Warehouse,P005,397,3,7,393,67,LOW,56.14,5.866
2026-06-15,W05,Warehouse,P005,393,43,32,404,67,MEDIUM,12.62,6.03
2026-06-16,W05,Warehouse,P005,404,0,14,390,67,LOW,27.86,5.821
2026-06-17,W05,Warehouse,P005,390,11,12,389,67,LOW,32.42,5.806
2026-06-18,W05,Warehouse,P005,389,30,19,400,67,MEDIUM,21.05,5.97
2026-06-19,W05,Warehouse,P005,400,24,17,407,67,MEDIUM,23.94,6.075
2026-06-20,W05,Warehouse,P005,407,32,27,412,67,MEDIUM,15.26,6.149
2026-06-21,W05,Warehouse,P005,412,2,5,409,67,LOW,81.8,6.104
2026-06-22,W05,Warehouse,P005,409,17,17,409,67,MEDIUM,24.06,6.104
2026-06-23,W05,Warehouse,P005,409,50,35,424,67,MEDIUM,12.11,6.328
2026-06-24,W05,Warehouse,P005,424,34,1,457,67,LOW,457.0,6.821
2026-06-25,W05,Warehouse,P005,457,5,20,442,67,MEDIUM,22.1,6.597
2026-06-26,W05,Warehouse,P005,442,32,29,445,67,MEDIUM,15.34,6.642
2026-06-27,W05,Warehouse,P005,445,7,39,413,67,HIGH,10.59,6.164
2026-06-28,W05,Warehouse,P005,413,25,24,414,67,MEDIUM,17.25,6.179
2026-06-29,W05,Warehouse,P005,414,2,33,383,67,HIGH,11.61,5.716
2026-06-30,W05,Warehouse,P005,383,25,8,400,67,LOW,50.0,5.97
2026-06-01,W05,Warehouse,P006,335,13,23,325,73,MEDIUM,14.13,4.452
2026-06-02,W05,Warehouse,P006,337,1,135,203,73,CRITICAL,1.5,2.781
2026-06-03,W05,Warehouse,P006,307,30,111,226,73,CRITICAL,2.04,3.096
2026-06-04,W05,Warehouse,P006,311,13,51,273,73,HIGH,5.35,3.74
2026-06-05,W05,Warehouse,P006,307,17,45,279,73,HIGH,6.2,3.822
2026-06-06,W05,Warehouse,P006,310,22,44,288,73,HIGH,6.55,3.945
2026-06-07,W05,Warehouse,P006,319,30,3,346,73,LOW,115.33,4.74
2026-06-08,W05,Warehouse,P006,348,8,108,248,73,CRITICAL,2.3,3.397
2026-06-09,W05,Warehouse,P006,326,35,95,266,73,CRITICAL,2.8,3.644
2026-06-10,W05,Warehouse,P006,335,15,48,302,73,HIGH,6.29,4.137
2026-06-11,W05,Warehouse,P006,335,1,20,316,73,MEDIUM,15.8,4.329
2026-06-12,W05,Warehouse,P006,327,29,42,314,73,HIGH,7.48,4.301
2026-06-13,W05,Warehouse,P006,346,20,9,357,73,LOW,39.67,4.89
2026-06-14,W05,Warehouse,P006,362,22,87,297,73,CRITICAL,3.41,4.068
2026-06-15,W05,Warehouse,P006,359,25,41,343,73,HIGH,8.37,4.699
2026-06-16,W05,Warehouse,P006,365,41,18,388,73,MEDIUM,21.56,5.315
2026-06-17,W05,Warehouse,P006,398,14,47,365,73,HIGH,7.77,5.0
2026-06-18,W05,Warehouse,P006,388,23,104,307,73,CRITICAL,2.95,4.205
2026-06-19,W05,Warehouse,P006,374,2,14,362,73,LOW,25.86,4.959
2026-06-20,W05,Warehouse,P006,372,15,51,336,73,HIGH,6.59,4.603
2026-06-21,W05,Warehouse,P006,371,40,65,346,73,HIGH,5.32,4.74
2026-06-22,W05,Warehouse,P006,393,21,22,392,73,MEDIUM,17.82,5.37
2026-06-23,W05,Warehouse,P006,408,22,47,383,73,HIGH,8.15,5.247
2026-06-24,W05,Warehouse,P006,409,29,49,389,73,HIGH,7.94,5.329
2026-06-25,W05,Warehouse,P006,414,21,21,414,73,MEDIUM,19.71,5.671
2026-06-26,W05,Warehouse,P006,429,8,21,416,73,MEDIUM,19.81,5.699
2026-06-27,W05,Warehouse,P006,431,32,119,344,73,CRITICAL,2.89,4.712
2026-06-28,W05,Warehouse,P006,427,46,33,440,73,MEDIUM,13.33,6.027
2026-06-29,W05,Warehouse,P006,460,4,110,354,73,CRITICAL,3.22,4.849
2026-06-30,W05,Warehouse,P006,436,2,54,384,73,HIGH,7.11,5.26
2026-06-01,W05,Warehouse,P007,307,14,87,234,67,CRITICAL,2.69,3.493
2026-06-02,W05,Warehouse,P007,296,23,46,273,67,HIGH,5.93,4.075
2026-06-03,W05,Warehouse,P007,298,15,85,228,67,CRITICAL,2.68,3.403
2026-06-04,W05,Warehouse,P007,289,18,50,257,67,HIGH,5.14,3.836
2026-06-05,W05,Warehouse,P007,290,12,48,254,67,HIGH,5.29,3.791
2026-06-06,W05,Warehouse,P007,289,30,22,297,67,MEDIUM,13.5,4.433
2026-06-07,W05,Warehouse,P007,308,0,36,272,67,HIGH,7.56,4.06
2026-06-08,W05,Warehouse,P007,297,14,27,284,67,HIGH,10.52,4.239
2026-06-09,W05,Warehouse,P007,299,2,11,290,67,LOW,26.36,4.328
2026-06-10,W05,Warehouse,P007,298,11,26,283,67,HIGH,10.88,4.224
2026-06-11,W05,Warehouse,P007,297,1,23,275,67,HIGH,11.96,4.104
2026-06-12,W05,Warehouse,P007,287,11,0,298,67,LOW,999.0,4.448
2026-06-13,W05,Warehouse,P007,298,9,14,293,67,MEDIUM,20.93,4.373
2026-06-14,W05,Warehouse,P007,300,5,54,251,67,CRITICAL,4.65,3.746
2026-06-15,W05,Warehouse,P007,283,2,63,222,67,CRITICAL,3.52,3.313
2026-06-16,W05,Warehouse,P007,269,21,78,212,67,CRITICAL,2.72,3.164
2026-06-17,W05,Warehouse,P007,270,18,56,232,67,CRITICAL,4.14,3.463
2026-06-18,W05,Warehouse,P007,274,25,62,237,67,CRITICAL,3.82,3.537
2026-06-19,W05,Warehouse,P007,276,7,68,215,67,CRITICAL,3.16,3.209
2026-06-20,W05,Warehouse,P007,262,14,8,268,67,LOW,33.5,4.0
2026-06-21,W05,Warehouse,P007,274,20,58,236,67,CRITICAL,4.07,3.522
2026-06-22,W05,Warehouse,P007,268,4,0,272,67,LOW,999.0,4.06
2026-06-23,W05,Warehouse,P007,272,31,34,269,67,HIGH,7.91,4.015
2026-06-24,W05,Warehouse,P007,287,7,92,202,67,CRITICAL,2.2,3.015
2026-06-25,W05,Warehouse,P007,272,13,28,257,67,HIGH,9.18,3.836
2026-06-26,W05,Warehouse,P007,277,9,50,236,67,CRITICAL,4.72,3.522
2026-06-27,W05,Warehouse,P007,270,4,28,246,67,HIGH,8.79,3.672
2026-06-28,W05,Warehouse,P007,265,10,2,273,67,LOW,136.5,4.075
2026-06-29,W05,Warehouse,P007,274,25,0,299,67,LOW,999.0,4.463
2026-06-30,W05,Warehouse,P007,299,35,7,327,67,LOW,46.71,4.881
2026-06-01,W05,Warehouse,P008,380,16,10,386,83,LOW,38.6,4.651
2026-06-02,W05,Warehouse,P008,393,17,74,336,83,CRITICAL,4.54,4.048
2026-06-03,W05,Warehouse,P008,387,4,45,346,83,HIGH,7.69,4.169
2026-06-04,W05,Warehouse,P008,372,35,58,349,83,HIGH,6.02,4.205
2026-06-05,W05,Warehouse,P008,391,5,75,321,83,CRITICAL,4.28,3.867
2026-06-06,W05,Warehouse,P008,370,8,0,378,83,LOW,999.0,4.554
2026-06-07,W05,Warehouse,P008,378,20,43,355,83,HIGH,8.26,4.277
2026-06-08,W05,Warehouse,P008,388,1,92,297,83,CRITICAL,3.23,3.578
2026-06-09,W05,Warehouse,P008,360,26,103,283,83,CRITICAL,2.75,3.41
2026-06-10,W05,Warehouse,P008,354,21,65,310,83,CRITICAL,4.77,3.735
2026-06-11,W05,Warehouse,P008,360,37,6,391,83,LOW,65.17,4.711
2026-06-12,W05,Warehouse,P008,395,17,132,280,83,CRITICAL,2.12,3.373
2026-06-13,W05,Warehouse,P008,381,13,120,274,83,CRITICAL,2.28,3.301
2026-06-14,W05,Warehouse,P008,361,12,49,324,83,HIGH,6.61,3.904
2026-06-15,W05,Warehouse,P008,359,39,20,378,83,MEDIUM,18.9,4.554
2026-06-16,W05,Warehouse,P008,390,46,2,434,83,LOW,217.0,5.229
2026-06-17,W05,Warehouse,P008,435,14,75,374,83,CRITICAL,4.99,4.506
2026-06-18,W05,Warehouse,P008,424,31,73,382,83,HIGH,5.23,4.602
2026-06-19,W05,Warehouse,P008,417,49,56,410,83,HIGH,7.32,4.94
2026-06-20,W05,Warehouse,P008,439,35,44,430,83,HIGH,9.77,5.181
2026-06-21,W05,Warehouse,P008,461,45,108,398,83,CRITICAL,3.69,4.795
2026-06-22,W05,Warehouse,P008,477,1,90,388,83,CRITICAL,4.31,4.675
2026-06-23,W05,Warehouse,P008,439,19,75,383,83,HIGH,5.11,4.614
2026-06-24,W05,Warehouse,P008,438,26,150,314,83,CRITICAL,2.09,3.783
2026-06-25,W05,Warehouse,P008,429,14,60,383,83,HIGH,6.38,4.614
2026-06-26,W05,Warehouse,P008,427,2,54,375,83,HIGH,6.94,4.518
2026-06-27,W05,Warehouse,P008,415,4,84,335,83,CRITICAL,3.99,4.036
2026-06-28,W05,Warehouse,P008,396,43,44,395,83,HIGH,8.98,4.759
2026-06-29,W05,Warehouse,P008,421,47,115,353,83,CRITICAL,3.07,4.253
2026-06-30,W05,Warehouse,P008,427,2,90,339,83,CRITICAL,3.77,4.084
2026-06-01,W05,Warehouse,P009,616,40,82,574,135,HIGH,7.0,4.252
2026-06-02,W05,Warehouse,P009,633,65,93,605,135,HIGH,6.51,4.481
2026-06-03,W05,Warehouse,P009,674,4,156,522,135,CRITICAL,3.35,3.867
2026-06-04,W05,Warehouse,P009,642,16,55,603,135,HIGH,10.96,4.467
2026-06-05,W05,Warehouse,P009,636,39,122,553,135,CRITICAL,4.53,4.096
2026-06-06,W05,Warehouse,P009,630,21,81,570,135,HIGH,7.04,4.222
2026-06-07,W05,Warehouse,P009,628,5,45,588,135,MEDIUM,13.07,4.356
2026-06-08,W05,Warehouse,P009,610,44,123,531,135,CRITICAL,4.32,3.933
2026-06-09,W05,Warehouse,P009,617,22,12,627,135,LOW,52.25,4.644
2026-06-10,W05,Warehouse,P009,636,45,140,541,135,CRITICAL,3.86,4.007
2026-06-11,W05,Warehouse,P009,640,6,84,562,135,HIGH,6.69,4.163
2026-06-12,W05,Warehouse,P009,614,7,100,521,135,HIGH,5.21,3.859
2026-06-13,W05,Warehouse,P009,594,47,95,546,135,HIGH,5.75,4.044
2026-06-14,W05,Warehouse,P009,599,52,182,469,135,CRITICAL,2.58,3.474
2026-06-15,W05,Warehouse,P009,607,18,108,517,135,CRITICAL,4.79,3.83
2026-06-16,W05,Warehouse,P009,575,24,85,514,135,HIGH,6.05,3.807
2026-06-17,W05,Warehouse,P009,578,56,57,577,135,HIGH,10.12,4.274
2026-06-18,W05,Warehouse,P009,616,5,128,493,135,CRITICAL,3.85,3.652
2026-06-19,W05,Warehouse,P009,578,47,104,521,135,HIGH,5.01,3.859
2026-06-20,W05,Warehouse,P009,592,10,89,513,135,HIGH,5.76,3.8
2026-06-21,W05,Warehouse,P009,565,13,94,484,135,HIGH,5.15,3.585
2026-06-22,W05,Warehouse,P009,547,34,165,416,135,CRITICAL,2.52,3.081
2026-06-23,W05,Warehouse,P009,540,65,39,566,135,MEDIUM,14.51,4.193
2026-06-24,W05,Warehouse,P009,595,8,74,529,135,HIGH,7.15,3.919
2026-06-25,W05,Warehouse,P009,571,67,32,606,135,MEDIUM,18.94,4.489
2026-06-26,W05,Warehouse,P009,629,38,101,566,135,HIGH,5.6,4.193
2026-06-27,W05,Warehouse,P009,642,25,166,501,135,CRITICAL,3.02,3.711
2026-06-28,W05,Warehouse,P009,625,23,89,559,135,HIGH,6.28,4.141
2026-06-29,W05,Warehouse,P009,618,65,46,637,135,MEDIUM,13.85,4.719
2026-06-30,W05,Warehouse,P009,660,1,245,416,135,CRITICAL,1.7,3.081
2026-06-01,W05,Warehouse,P010,359,12,78,293,78,CRITICAL,3.76,3.756
2026-06-02,W05,Warehouse,P010,344,32,48,328,78,HIGH,6.83,4.205
2026-06-03,W05,Warehouse,P010,359,3,125,237,78,CRITICAL,1.9,3.038
2026-06-04,W05,Warehouse,P010,329,27,33,323,78,HIGH,9.79,4.141
2026-06-05,W05,Warehouse,P010,343,35,104,274,78,CRITICAL,2.63,3.513
2026-06-06,W05,Warehouse,P010,352,33,10,375,78,LOW,37.5,4.808
2026-06-07,W05,Warehouse,P010,380,29,38,371,78,HIGH,9.76,4.756
2026-06-08,W05,Warehouse,P010,399,3,56,346,78,HIGH,6.18,4.436
2026-06-09,W05,Warehouse,P010,389,4,18,375,78,MEDIUM,20.83,4.808
2026-06-10,W05,Warehouse,P010,389,34,80,343,78,CRITICAL,4.29,4.397
2026-06-11,W05,Warehouse,P010,404,19,29,394,78,MEDIUM,13.59,5.051
2026-06-12,W05,Warehouse,P010,416,40,68,388,78,HIGH,5.71,4.974
2026-06-13,W05,Warehouse,P010,430,31,35,426,78,MEDIUM,12.17,5.462
2026-06-14,W05,Warehouse,P010,453,6,21,438,78,MEDIUM,20.86,5.615
2026-06-15,W05,Warehouse,P010,454,1,139,316,78,CRITICAL,2.27,4.051
2026-06-16,W05,Warehouse,P010,412,18,76,354,78,CRITICAL,4.66,4.538
2026-06-17,W05,Warehouse,P010,404,49,80,373,78,CRITICAL,4.66,4.782
2026-06-18,W05,Warehouse,P010,416,16,68,364,78,HIGH,5.35,4.667
2026-06-19,W05,Warehouse,P010,412,23,4,431,78,LOW,107.75,5.526
2026-06-20,W05,Warehouse,P010,434,41,70,405,78,HIGH,5.79,5.192
2026-06-21,W05,Warehouse,P010,451,20,73,398,78,HIGH,5.45,5.103
2026-06-22,W05,Warehouse,P010,446,40,0,486,78,LOW,999.0,6.231
2026-06-23,W05,Warehouse,P010,486,38,81,443,78,HIGH,5.47,5.679
2026-06-24,W05,Warehouse,P010,483,43,125,401,78,CRITICAL,3.21,5.141
2026-06-25,W05,Warehouse,P010,497,5,94,408,78,CRITICAL,4.34,5.231
2026-06-26,W05,Warehouse,P010,466,43,50,459,78,HIGH,9.18,5.885
2026-06-27,W05,Warehouse,P010,487,34,55,466,78,HIGH,8.47,5.974
2026-06-28,W05,Warehouse,P010,492,7,49,450,78,HIGH,9.18,5.769
2026-06-29,W05,Warehouse,P010,487,47,187,347,78,CRITICAL,1.86,4.449
2026-06-30,W05,Warehouse,P010,488,16,41,463,78,HIGH,11.29,5.936
2026-06-01,W05,Warehouse,P011,171,19,2,188,37,LOW,94.0,5.081
2026-06-02,W05,Warehouse,P011,188,6,1,193,37,LOW,193.0,5.216
2026-06-03,W05,Warehouse,P011,193,5,12,186,37,MEDIUM,15.5,5.027
2026-06-04,W05,Warehouse,P011,186,8,17,177,37,HIGH,10.41,4.784
2026-06-05,W05,Warehouse,P011,177,19,15,181,37,MEDIUM,12.07,4.892
2026-06-06,W05,Warehouse,P011,181,15,12,184,37,MEDIUM,15.33,4.973
2026-06-07,W05,Warehouse,P011,184,11,17,178,37,HIGH,10.47,4.811
2026-06-08,W05,Warehouse,P011,178,2,12,168,37,MEDIUM,14.0,4.541
2026-06-09,W05,Warehouse,P011,168,2,5,165,37,LOW,33.0,4.459
2026-06-10,W05,Warehouse,P011,165,5,9,161,37,MEDIUM,17.89,4.351
2026-06-11,W05,Warehouse,P011,161,15,1,175,37,LOW,175.0,4.73
2026-06-12,W05,Warehouse,P011,175,12,3,184,37,LOW,61.33,4.973
2026-06-13,W05,Warehouse,P011,184,1,7,178,37,LOW,25.43,4.811
2026-06-14,W05,Warehouse,P011,178,12,3,187,37,LOW,62.33,5.054
2026-06-15,W05,Warehouse,P011,187,8,17,178,37,HIGH,10.47,4.811
2026-06-16,W05,Warehouse,P011,178,7,16,169,37,HIGH,10.56,4.568
2026-06-17,W05,Warehouse,P011,169,17,5,181,37,LOW,36.2,4.892
2026-06-18,W05,Warehouse,P011,181,12,12,181,37,MEDIUM,15.08,4.892
2026-06-19,W05,Warehouse,P011,181,10,7,184,37,LOW,26.29,4.973
2026-06-20,W05,Warehouse,P011,184,7,2,189,37,LOW,94.5,5.108
2026-06-21,W05,Warehouse,P011,189,0,6,183,37,LOW,30.5,4.946
2026-06-22,W05,Warehouse,P011,183,17,4,196,37,LOW,49.0,5.297
2026-06-23,W05,Warehouse,P011,196,4,6,194,37,LOW,32.33,5.243
2026-06-24,W05,Warehouse,P011,194,14,4,204,37,LOW,51.0,5.514
2026-06-25,W05,Warehouse,P011,204,5,2,207,37,LOW,103.5,5.595
2026-06-26,W05,Warehouse,P011,207,8,4,211,37,LOW,52.75,5.703
2026-06-27,W05,Warehouse,P011,211,21,19,213,37,HIGH,11.21,5.757
2026-06-28,W05,Warehouse,P011,213,9,1,221,37,LOW,221.0,5.973
2026-06-29,W05,Warehouse,P011,221,2,7,216,37,LOW,30.86,5.838
2026-06-30,W05,Warehouse,P011,216,12,11,217,37,MEDIUM,19.73,5.865
2026-06-01,W05,Warehouse,P012,219,8,7,220,48,LOW,31.43,4.583
2026-06-02,W05,Warehouse,P012,220,7,11,216,48,MEDIUM,19.64,4.5
2026-06-03,W05,Warehouse,P012,216,18,0,234,48,LOW,999.0,4.875
2026-06-04,W05,Warehouse,P012,234,13,14,233,48,MEDIUM,16.64,4.854
2026-06-05,W05,Warehouse,P012,233,19,12,240,48,MEDIUM,20.0,5.0
2026-06-06,W05,Warehouse,P012,240,15,16,239,48,MEDIUM,14.94,4.979
2026-06-07,W05,Warehouse,P012,239,10,13,236,48,MEDIUM,18.15,4.917
2026-06-08,W05,Warehouse,P012,236,9,10,235,48,MEDIUM,23.5,4.896
2026-06-09,W05,Warehouse,P012,235,3,8,230,48,LOW,28.75,4.792
2026-06-10,W05,Warehouse,P012,230,3,5,228,48,LOW,45.6,4.75
2026-06-11,W05,Warehouse,P012,228,11,11,228,48,MEDIUM,20.73,4.75
2026-06-12,W05,Warehouse,P012,228,26,0,254,48,LOW,999.0,5.292
2026-06-13,W05,Warehouse,P012,254,27,8,273,48,LOW,34.12,5.688
2026-06-14,W05,Warehouse,P012,273,24,18,279,48,MEDIUM,15.5,5.812
2026-06-15,W05,Warehouse,P012,279,33,2,310,48,LOW,155.0,6.458
2026-06-16,W05,Warehouse,P012,310,36,1,345,48,LOW,345.0,7.188
2026-06-17,W05,Warehouse,P012,345,37,22,360,48,MEDIUM,16.36,7.5
2026-06-18,W05,Warehouse,P012,360,21,14,367,48,LOW,26.21,7.646
2026-06-19,W05,Warehouse,P012,367,4,28,343,48,MEDIUM,12.25,7.146
2026-06-20,W05,Warehouse,P012,343,30,31,342,48,HIGH,11.03,7.125
2026-06-21,W05,Warehouse,P012,342,30,32,340,48,HIGH,10.62,7.083
2026-06-22,W05,Warehouse,P012,340,37,14,363,48,LOW,25.93,7.562
2026-06-23,W05,Warehouse,P012,363,31,9,385,48,LOW,42.78,8.021
2026-06-24,W05,Warehouse,P012,385,38,23,400,48,MEDIUM,17.39,8.333
2026-06-25,W05,Warehouse,P012,400,22,25,397,48,MEDIUM,15.88,8.271
2026-06-26,W05,Warehouse,P012,397,13,24,386,48,MEDIUM,16.08,8.042
2026-06-27,W05,Warehouse,P012,386,22,12,396,48,LOW,33.0,8.25
2026-06-28,W05,Warehouse,P012,396,47,2,441,48,LOW,220.5,9.188
2026-06-29,W05,Warehouse,P012,441,41,9,473,48,LOW,52.56,9.854
2026-06-30,W05,Warehouse,P012,473,13,7,479,48,LOW,68.43,9.979
2026-06-01,W05,Warehouse,P013,229,2,2,229,50,LOW,114.5,4.58
2026-06-02,W05,Warehouse,P013,229,23,20,232,50,HIGH,11.6,4.64
2026-06-03,W05,Warehouse,P013,232,16,0,248,50,LOW,999.0,4.96
2026-06-04,W05,Warehouse,P013,248,26,14,260,50,MEDIUM,18.57,5.2
2026-06-05,W05,Warehouse,P013,260,16,24,252,50,HIGH,10.5,5.04
2026-06-06,W05,Warehouse,P013,252,12,9,255,50,LOW,28.33,5.1
2026-06-07,W05,Warehouse,P013,255,24,13,266,50,MEDIUM,20.46,5.32
2026-06-08,W05,Warehouse,P013,266,23,18,271,50,MEDIUM,15.06,5.42
2026-06-09,W05,Warehouse,P013,271,27,8,290,50,LOW,36.25,5.8
2026-06-10,W05,Warehouse,P013,290,2,13,279,50,MEDIUM,21.46,5.58
2026-06-11,W05,Warehouse,P013,279,22,22,279,50,MEDIUM,12.68,5.58
2026-06-12,W05,Warehouse,P013,279,9,20,268,50,MEDIUM,13.4,5.36
2026-06-13,W05,Warehouse,P013,268,27,21,274,50,MEDIUM,13.05,5.48
2026-06-14,W05,Warehouse,P013,274,27,26,275,50,HIGH,10.58,5.5
2026-06-15,W05,Warehouse,P013,275,22,9,288,50,LOW,32.0,5.76
2026-06-16,W05,Warehouse,P013,288,15,20,283,50,MEDIUM,14.15,5.66
2026-06-17,W05,Warehouse,P013,283,8,16,275,50,MEDIUM,17.19,5.5
2026-06-18,W05,Warehouse,P013,275,19,17,277,50,MEDIUM,16.29,5.54
2026-06-19,W05,Warehouse,P013,277,14,19,272,50,MEDIUM,14.32,5.44
2026-06-20,W05,Warehouse,P013,272,2,20,254,50,MEDIUM,12.7,5.08
2026-06-21,W05,Warehouse,P013,254,25,22,257,50,HIGH,11.68,5.14
2026-06-22,W05,Warehouse,P013,257,29,8,278,50,LOW,34.75,5.56
2026-06-23,W05,Warehouse,P013,278,1,17,262,50,MEDIUM,15.41,5.24
2026-06-24,W05,Warehouse,P013,262,2,7,257,50,LOW,36.71,5.14
2026-06-25,W05,Warehouse,P013,257,22,14,265,50,MEDIUM,18.93,5.3
2026-06-26,W05,Warehouse,P013,265,20,19,266,50,MEDIUM,14.0,5.32
2026-06-27,W05,Warehouse,P013,266,5,20,251,50,MEDIUM,12.55,5.02
2026-06-28,W05,Warehouse,P013,251,18,10,259,50,LOW,25.9,5.18
2026-06-29,W05,Warehouse,P013,259,14,12,261,50,MEDIUM,21.75,5.22
2026-06-30,W05,Warehouse,P013,261,17,8,270,50,LOW,33.75,5.4
2026-06-01,W05,Warehouse,P014,152,4,2,154,33,LOW,77.0,4.667
2026-06-02,W05,Warehouse,P014,154,6,3,157,33,LOW,52.33,4.758
2026-06-03,W05,Warehouse,P014,157,9,13,153,33,HIGH,11.77,4.636
2026-06-04,W05,Warehouse,P014,153,2,4,151,33,LOW,37.75,4.576
2026-06-05,W05,Warehouse,P014,151,0,14,137,33,HIGH,9.79,4.152
2026-06-06,W05,Warehouse,P014,137,11,3,145,33,LOW,48.33,4.394
2026-06-07,W05,Warehouse,P014,145,7,10,142,33,MEDIUM,14.2,4.303
2026-06-08,W05,Warehouse,P014,142,16,8,150,33,MEDIUM,18.75,4.545
2026-06-09,W05,Warehouse,P014,150,4,10,144,33,MEDIUM,14.4,4.364
2026-06-10,W05,Warehouse,P014,144,12,9,147,33,MEDIUM,16.33,4.455
2026-06-11,W05,Warehouse,P014,147,0,9,138,33,MEDIUM,15.33,4.182
2026-06-12,W05,Warehouse,P014,138,0,11,127,33,HIGH,11.55,3.848
2026-06-13,W05,Warehouse,P014,127,13,6,134,33,MEDIUM,22.33,4.061
2026-06-14,W05,Warehouse,P014,134,10,0,144,33,LOW,999.0,4.364
2026-06-15,W05,Warehouse,P014,144,15,3,156,33,LOW,52.0,4.727
2026-06-16,W05,Warehouse,P014,156,4,10,150,33,MEDIUM,15.0,4.545
2026-06-17,W05,Warehouse,P014,150,16,7,159,33,MEDIUM,22.71,4.818
2026-06-18,W05,Warehouse,P014,159,9,8,160,33,MEDIUM,20.0,4.848
2026-06-19,W05,Warehouse,P014,160,5,9,156,33,MEDIUM,17.33,4.727
2026-06-20,W05,Warehouse,P014,156,18,5,169,33,LOW,33.8,5.121
2026-06-21,W05,Warehouse,P014,169,16,12,173,33,MEDIUM,14.42,5.242
2026-06-22,W05,Warehouse,P014,173,17,12,178,33,MEDIUM,14.83,5.394
2026-06-23,W05,Warehouse,P014,178,20,12,186,33,MEDIUM,15.5,5.636
2026-06-24,W05,Warehouse,P014,186,22,12,196,33,MEDIUM,16.33,5.939
2026-06-25,W05,Warehouse,P014,196,20,16,200,33,MEDIUM,12.5,6.061
2026-06-26,W05,Warehouse,P014,200,24,11,213,33,MEDIUM,19.36,6.455
2026-06-27,W05,Warehouse,P014,213,18,20,211,33,HIGH,10.55,6.394
2026-06-28,W05,Warehouse,P014,211,9,2,218,33,LOW,109.0,6.606
2026-06-29,W05,Warehouse,P014,218,23,13,228,33,MEDIUM,17.54,6.909
2026-06-30,W05,Warehouse,P014,228,11,15,224,33,MEDIUM,14.93,6.788
2026-06-01,W05,Warehouse,P015,182,0,8,174,40,MEDIUM,21.75,4.35
2026-06-02,W05,Warehouse,P015,174,5,4,175,40,LOW,43.75,4.375
2026-06-03,W05,Warehouse,P015,175,20,9,186,40,MEDIUM,20.67,4.65
2026-06-04,W05,Warehouse,P015,186,3,6,183,40,LOW,30.5,4.575
2026-06-05,W05,Warehouse,P015,183,5,16,172,40,HIGH,10.75,4.3
2026-06-06,W05,Warehouse,P015,172,6,6,172,40,LOW,28.67,4.3
2026-06-07,W05,Warehouse,P015,172,7,2,177,40,LOW,88.5,4.425
2026-06-08,W05,Warehouse,P015,177,17,9,185,40,MEDIUM,20.56,4.625
2026-06-09,W05,Warehouse,P015,185,10,7,188,40,LOW,26.86,4.7
2026-06-10,W05,Warehouse,P015,188,15,1,202,40,LOW,202.0,5.05
2026-06-11,W05,Warehouse,P015,202,23,11,214,40,MEDIUM,19.45,5.35
2026-06-12,W05,Warehouse,P015,214,5,11,208,40,MEDIUM,18.91,5.2
2026-06-13,W05,Warehouse,P015,208,22,3,227,40,LOW,75.67,5.675
2026-06-14,W05,Warehouse,P015,227,14,13,228,40,MEDIUM,17.54,5.7
2026-06-15,W05,Warehouse,P015,228,22,12,238,40,MEDIUM,19.83,5.95
2026-06-16,W05,Warehouse,P015,238,21,17,242,40,MEDIUM,14.24,6.05
2026-06-17,W05,Warehouse,P015,242,26,8,260,40,LOW,32.5,6.5
2026-06-18,W05,Warehouse,P015,260,22,6,276,40,LOW,46.0,6.9
2026-06-19,W05,Warehouse,P015,276,28,25,279,40,HIGH,11.16,6.975
2026-06-20,W05,Warehouse,P015,279,10,15,274,40,MEDIUM,18.27,6.85
2026-06-21,W05,Warehouse,P015,274,27,0,301,40,LOW,999.0,7.525
2026-06-22,W05,Warehouse,P015,301,26,24,303,40,MEDIUM,12.62,7.575
2026-06-23,W05,Warehouse,P015,303,32,5,330,40,LOW,66.0,8.25
2026-06-24,W05,Warehouse,P015,330,31,25,336,40,MEDIUM,13.44,8.4
2026-06-25,W05,Warehouse,P015,336,0,23,313,40,MEDIUM,13.61,7.825
2026-06-26,W05,Warehouse,P015,313,24,30,307,40,HIGH,10.23,7.675
2026-06-27,W05,Warehouse,P015,307,1,28,280,40,HIGH,10.0,7.0
2026-06-28,W05,Warehouse,P015,280,19,7,292,40,LOW,41.71,7.3
2026-06-29,W05,Warehouse,P015,292,13,22,283,40,MEDIUM,12.86,7.075
2026-06-30,W05,Warehouse,P015,283,34,8,309,40,LOW,38.62,7.725
2026-06-01,F01,Factory,P001,280,34,17,297,61,MEDIUM,17.47,4.869
2026-06-02,F01,Factory,P001,297,7,17,287,61,MEDIUM,16.88,4.705
2026-06-03,F01,Factory,P001,287,28,1,314,61,LOW,314.0,5.148
2026-06-04,F01,Factory,P001,314,3,0,317,61,LOW,999.0,5.197
2026-06-05,F01,Factory,P001,317,22,1,338,61,LOW,338.0,5.541
2026-06-06,F01,Factory,P001,338,39,4,373,61,LOW,93.25,6.115
2026-06-07,F01,Factory,P001,373,3,9,367,61,LOW,40.78,6.016
2026-06-08,F01,Factory,P001,367,34,32,369,61,HIGH,11.53,6.049
2026-06-09,F01,Factory,P001,369,11,18,362,61,MEDIUM,20.11,5.934
2026-06-10,F01,Factory,P001,362,34,28,368,61,MEDIUM,13.14,6.033
2026-06-11,F01,Factory,P001,368,7,30,345,61,HIGH,11.5,5.656
2026-06-12,F01,Factory,P001,345,37,24,358,61,MEDIUM,14.92,5.869
2026-06-13,F01,Factory,P001,358,23,13,368,61,LOW,28.31,6.033
2026-06-14,F01,Factory,P001,368,40,31,377,61,MEDIUM,12.16,6.18
2026-06-15,F01,Factory,P001,377,24,27,374,61,MEDIUM,13.85,6.131
2026-06-16,F01,Factory,P001,374,18,27,365,61,MEDIUM,13.52,5.984
2026-06-17,F01,Factory,P001,365,4,32,337,61,HIGH,10.53,5.525
2026-06-18,F01,Factory,P001,337,21,19,339,61,MEDIUM,17.84,5.557
2026-06-19,F01,Factory,P001,339,7,17,329,61,MEDIUM,19.35,5.393
2026-06-20,F01,Factory,P001,329,0,28,301,61,HIGH,10.75,4.934
2026-06-21,F01,Factory,P001,301,27,13,315,61,MEDIUM,24.23,5.164
2026-06-22,F01,Factory,P001,315,32,25,322,61,MEDIUM,12.88,5.279
2026-06-23,F01,Factory,P001,322,4,1,325,61,LOW,325.0,5.328
2026-06-24,F01,Factory,P001,325,10,0,335,61,LOW,999.0,5.492
2026-06-25,F01,Factory,P001,335,23,17,341,61,MEDIUM,20.06,5.59
2026-06-26,F01,Factory,P001,341,22,2,361,61,LOW,180.5,5.918
2026-06-27,F01,Factory,P001,361,41,35,367,61,HIGH,10.49,6.016
2026-06-28,F01,Factory,P001,367,26,0,393,61,LOW,999.0,6.443
2026-06-29,F01,Factory,P001,393,19,28,384,61,MEDIUM,13.71,6.295
2026-06-30,F01,Factory,P001,384,35,9,410,61,LOW,45.56,6.721
2026-06-01,F01,Factory,P002,248,25,52,221,54,CRITICAL,4.25,4.093
2026-06-02,F01,Factory,P002,250,15,27,238,54,HIGH,8.81,4.407
2026-06-03,F01,Factory,P002,256,16,0,272,54,LOW,999.0,5.037
2026-06-04,F01,Factory,P002,272,17,0,289,54,LOW,999.0,5.352
2026-06-05,F01,Factory,P002,289,1,31,259,54,HIGH,8.35,4.796
2026-06-06,F01,Factory,P002,275,17,85,207,54,CRITICAL,2.44,3.833
2026-06-07,F01,Factory,P002,266,16,71,211,54,CRITICAL,2.97,3.907
2026-06-08,F01,Factory,P002,257,25,24,258,54,HIGH,10.75,4.778
2026-06-09,F01,Factory,P002,274,31,39,266,54,HIGH,6.82,4.926
2026-06-10,F01,Factory,P002,292,21,5,308,54,LOW,61.6,5.704
2026-06-11,F01,Factory,P002,311,8,39,280,54,HIGH,7.18,5.185
2026-06-12,F01,Factory,P002,303,10,35,278,54,HIGH,7.94,5.148
2026-06-13,F01,Factory,P002,296,2,15,283,54,MEDIUM,18.87,5.241
2026-06-14,F01,Factory,P002,291,23,74,240,54,CRITICAL,3.24,4.444
2026-06-15,F01,Factory,P002,297,36,68,265,54,CRITICAL,3.9,4.907
2026-06-16,F01,Factory,P002,307,30,0,337,54,LOW,999.0,6.241
2026-06-17,F01,Factory,P002,337,25,16,346,54,MEDIUM,21.62,6.407
2026-06-18,F01,Factory,P002,355,11,27,339,54,MEDIUM,12.56,6.278
2026-06-19,F01,Factory,P002,359,20,17,362,54,MEDIUM,21.29,6.704
2026-06-20,F01,Factory,P002,375,24,23,376,54,MEDIUM,16.35,6.963
2026-06-21,F01,Factory,P002,393,24,82,335,54,CRITICAL,4.09,6.204
2026-06-22,F01,Factory,P002,393,8,16,385,54,MEDIUM,24.06,7.13
2026-06-23,F01,Factory,P002,397,39,81,355,54,CRITICAL,4.38,6.574
2026-06-24,F01,Factory,P002,408,13,142,279,54,CRITICAL,1.96,5.167
2026-06-25,F01,Factory,P002,386,10,136,260,54,CRITICAL,1.91,4.815
2026-06-26,F01,Factory,P002,361,5,44,322,54,HIGH,7.32,5.963
2026-06-27,F01,Factory,P002,343,0,19,324,54,MEDIUM,17.05,6.0
2026-06-28,F01,Factory,P002,337,16,5,348,54,LOW,69.6,6.444
2026-06-29,F01,Factory,P002,351,19,17,353,54,MEDIUM,20.76,6.537
2026-06-30,F01,Factory,P002,362,4,137,229,54,CRITICAL,1.67,4.241
2026-06-01,F01,Factory,P003,131,15,12,134,28,HIGH,11.17,4.786
2026-06-02,F01,Factory,P003,134,2,4,132,28,LOW,33.0,4.714
2026-06-03,F01,Factory,P003,132,5,4,133,28,LOW,33.25,4.75
2026-06-04,F01,Factory,P003,133,6,6,133,28,MEDIUM,22.17,4.75
2026-06-05,F01,Factory,P003,133,7,3,137,28,LOW,45.67,4.893
2026-06-06,F01,Factory,P003,137,16,12,141,28,HIGH,11.75,5.036
2026-06-07,F01,Factory,P003,141,5,3,143,28,LOW,47.67,5.107
2026-06-08,F01,Factory,P003,143,9,5,147,28,LOW,29.4,5.25
2026-06-09,F01,Factory,P003,147,17,6,158,28,LOW,26.33,5.643
2026-06-10,F01,Factory,P003,158,0,1,157,28,LOW,157.0,5.607
2026-06-11,F01,Factory,P003,157,1,5,153,28,LOW,30.6,5.464
2026-06-12,F01,Factory,P003,153,6,12,147,28,MEDIUM,12.25,5.25
2026-06-13,F01,Factory,P003,147,16,1,162,28,LOW,162.0,5.786
2026-06-14,F01,Factory,P003,162,18,9,171,28,MEDIUM,19.0,6.107
2026-06-15,F01,Factory,P003,171,6,6,171,28,LOW,28.5,6.107
2026-06-16,F01,Factory,P003,171,9,2,178,28,LOW,89.0,6.357
2026-06-17,F01,Factory,P003,178,19,0,197,28,LOW,999.0,7.036
2026-06-18,F01,Factory,P003,197,1,5,193,28,LOW,38.6,6.893
2026-06-19,F01,Factory,P003,193,3,1,195,28,LOW,195.0,6.964
2026-06-20,F01,Factory,P003,195,9,7,197,28,LOW,28.14,7.036
2026-06-21,F01,Factory,P003,197,3,15,185,28,MEDIUM,12.33,6.607
2026-06-22,F01,Factory,P003,185,20,12,193,28,MEDIUM,16.08,6.893
2026-06-23,F01,Factory,P003,193,12,18,187,28,HIGH,10.39,6.679
2026-06-24,F01,Factory,P003,187,8,7,188,28,LOW,26.86,6.714
2026-06-25,F01,Factory,P003,188,0,12,176,28,MEDIUM,14.67,6.286
2026-06-26,F01,Factory,P003,176,2,11,167,28,MEDIUM,15.18,5.964
2026-06-27,F01,Factory,P003,167,15,3,179,28,LOW,59.67,6.393
2026-06-28,F01,Factory,P003,179,13,5,187,28,LOW,37.4,6.679
2026-06-29,F01,Factory,P003,187,9,9,187,28,MEDIUM,20.78,6.679
2026-06-30,F01,Factory,P003,187,5,14,178,28,MEDIUM,12.71,6.357
2026-06-01,F01,Factory,P004,91,4,4,91,20,MEDIUM,22.75,4.55
2026-06-02,F01,Factory,P004,91,8,2,97,20,LOW,48.5,4.85
2026-06-03,F01,Factory,P004,97,5,8,94,20,HIGH,11.75,4.7
2026-06-04,F01,Factory,P004,94,4,1,97,20,LOW,97.0,4.85
2026-06-05,F01,Factory,P004,97,3,8,92,20,HIGH,11.5,4.6
2026-06-06,F01,Factory,P004,92,8,7,93,20,MEDIUM,13.29,4.65
2026-06-07,F01,Factory,P004,93,2,7,88,20,MEDIUM,12.57,4.4
2026-06-08,F01,Factory,P004,88,4,6,86,20,MEDIUM,14.33,4.3
2026-06-09,F01,Factory,P004,86,8,1,93,20,LOW,93.0,4.65
2026-06-10,F01,Factory,P004,93,10,5,98,20,MEDIUM,19.6,4.9
2026-06-11,F01,Factory,P004,98,8,6,100,20,MEDIUM,16.67,5.0
2026-06-12,F01,Factory,P004,100,2,7,95,20,MEDIUM,13.57,4.75
2026-06-13,F01,Factory,P004,95,2,2,95,20,LOW,47.5,4.75
2026-06-14,F01,Factory,P004,95,1,1,95,20,LOW,95.0,4.75
2026-06-15,F01,Factory,P004,95,10,2,103,20,LOW,51.5,5.15
2026-06-16,F01,Factory,P004,103,4,4,103,20,LOW,25.75,5.15
2026-06-17,F01,Factory,P004,103,8,5,106,20,MEDIUM,21.2,5.3
2026-06-18,F01,Factory,P004,106,6,8,104,20,MEDIUM,13.0,5.2
2026-06-19,F01,Factory,P004,104,6,7,103,20,MEDIUM,14.71,5.15
2026-06-20,F01,Factory,P004,103,10,6,107,20,MEDIUM,17.83,5.35
2026-06-21,F01,Factory,P004,107,0,2,105,20,LOW,52.5,5.25
2026-06-22,F01,Factory,P004,105,8,4,109,20,LOW,27.25,5.45
2026-06-23,F01,Factory,P004,109,3,3,109,20,LOW,36.33,5.45
2026-06-24,F01,Factory,P004,109,1,2,108,20,LOW,54.0,5.4
2026-06-25,F01,Factory,P004,108,10,0,118,20,LOW,999.0,5.9
2026-06-26,F01,Factory,P004,118,11,3,126,20,LOW,42.0,6.3
2026-06-27,F01,Factory,P004,126,12,3,135,20,LOW,45.0,6.75
2026-06-28,F01,Factory,P004,135,13,7,141,20,MEDIUM,20.14,7.05
2026-06-29,F01,Factory,P004,141,14,0,155,20,LOW,999.0,7.75
2026-06-30,F01,Factory,P004,155,15,4,166,20,LOW,41.5,8.3
2026-06-01,F01,Factory,P005,87,3,0,90,19,LOW,999.0,4.737
2026-06-02,F01,Factory,P005,90,10,5,95,19,MEDIUM,19.0,5.0
2026-06-03,F01,Factory,P005,95,10,5,100,19,MEDIUM,20.0,5.263
2026-06-04,F01,Factory,P005,100,1,3,98,19,LOW,32.67,5.158
2026-06-05,F01,Factory,P005,98,5,1,102,19,LOW,102.0,5.368
2026-06-06,F01,Factory,P005,102,11,9,104,19,HIGH,11.56,5.474
2026-06-07,F01,Factory,P005,104,7,5,106,19,MEDIUM,21.2,5.579
2026-06-08,F01,Factory,P005,106,9,6,109,19,MEDIUM,18.17,5.737
2026-06-09,F01,Factory,P005,109,0,5,104,19,MEDIUM,20.8,5.474
2026-06-10,F01,Factory,P005,104,10,8,106,19,MEDIUM,13.25,5.579
2026-06-11,F01,Factory,P005,106,7,8,105,19,MEDIUM,13.12,5.526
2026-06-12,F01,Factory,P005,105,7,3,109,19,LOW,36.33,5.737
2026-06-13,F01,Factory,P005,109,5,6,108,19,MEDIUM,18.0,5.684
2026-06-14,F01,Factory,P005,108,11,2,117,19,LOW,58.5,6.158
2026-06-15,F01,Factory,P005,117,4,7,114,19,MEDIUM,16.29,6.0
2026-06-16,F01,Factory,P005,114,10,4,120,19,LOW,30.0,6.316
2026-06-17,F01,Factory,P005,120,9,0,129,19,LOW,999.0,6.789
2026-06-18,F01,Factory,P005,129,4,11,122,19,HIGH,11.09,6.421
2026-06-19,F01,Factory,P005,122,8,10,120,19,MEDIUM,12.0,6.316
2026-06-20,F01,Factory,P005,120,3,3,120,19,LOW,40.0,6.316
2026-06-21,F01,Factory,P005,120,14,11,123,19,HIGH,11.18,6.474
2026-06-22,F01,Factory,P005,123,13,3,133,19,LOW,44.33,7.0
2026-06-23,F01,Factory,P005,133,12,5,140,19,LOW,28.0,7.368
2026-06-24,F01,Factory,P005,140,14,11,143,19,MEDIUM,13.0,7.526
2026-06-25,F01,Factory,P005,143,7,4,146,19,LOW,36.5,7.684
2026-06-26,F01,Factory,P005,146,17,6,157,19,LOW,26.17,8.263
2026-06-27,F01,Factory,P005,157,8,9,156,19,MEDIUM,17.33,8.211
2026-06-28,F01,Factory,P005,156,17,1,172,19,LOW,172.0,9.053
2026-06-29,F01,Factory,P005,172,20,7,185,19,LOW,26.43,9.737
2026-06-30,F01,Factory,P005,185,0,5,180,19,LOW,36.0,9.474
2026-06-01,F01,Factory,P006,271,15,35,251,59,HIGH,7.17,4.254
2026-06-02,F01,Factory,P006,268,18,11,275,59,LOW,25.0,4.661
2026-06-03,F01,Factory,P006,283,17,26,274,59,HIGH,10.54,4.644
2026-06-04,F01,Factory,P006,294,9,62,241,59,CRITICAL,3.89,4.085
2026-06-05,F01,Factory,P006,283,28,11,300,59,LOW,27.27,5.085
2026-06-06,F01,Factory,P006,307,22,41,288,59,HIGH,7.02,4.881
2026-06-07,F01,Factory,P006,317,13,86,244,59,CRITICAL,2.84,4.136
2026-06-08,F01,Factory,P006,308,9,55,262,59,CRITICAL,4.76,4.441
2026-06-09,F01,Factory,P006,295,14,5,304,59,LOW,60.8,5.153
2026-06-10,F01,Factory,P006,307,30,85,252,59,CRITICAL,2.96,4.271
2026-06-11,F01,Factory,P006,312,21,93,240,59,CRITICAL,2.58,4.068
2026-06-12,F01,Factory,P006,311,5,26,290,59,HIGH,11.15,4.915
2026-06-13,F01,Factory,P006,306,13,63,256,59,CRITICAL,4.06,4.339
2026-06-14,F01,Factory,P006,297,13,92,218,59,CRITICAL,2.37,3.695
2026-06-15,F01,Factory,P006,289,11,37,263,59,HIGH,7.11,4.458
2026-06-16,F01,Factory,P006,284,7,31,260,59,HIGH,8.39,4.407
2026-06-17,F01,Factory,P006,276,2,64,214,59,CRITICAL,3.34,3.627
2026-06-18,F01,Factory,P006,259,0,47,212,59,CRITICAL,4.51,3.593
2026-06-19,F01,Factory,P006,235,24,31,228,59,HIGH,7.35,3.864
2026-06-20,F01,Factory,P006,246,27,66,207,59,CRITICAL,3.14,3.508
2026-06-21,F01,Factory,P006,254,4,64,194,59,CRITICAL,3.03,3.288
2026-06-22,F01,Factory,P006,240,11,64,187,59,CRITICAL,2.92,3.169
2026-06-23,F01,Factory,P006,231,24,60,195,59,CRITICAL,3.25,3.305
2026-06-24,F01,Factory,P006,234,13,13,234,59,MEDIUM,18.0,3.966
2026-06-25,F01,Factory,P006,243,3,11,235,59,MEDIUM,21.36,3.983
2026-06-26,F01,Factory,P006,243,29,55,217,59,CRITICAL,3.95,3.678
2026-06-27,F01,Factory,P006,258,11,43,226,59,HIGH,5.26,3.831
2026-06-28,F01,Factory,P006,258,5,50,213,59,CRITICAL,4.26,3.61
2026-06-29,F01,Factory,P006,249,13,79,183,59,CRITICAL,2.32,3.102
2026-06-30,F01,Factory,P006,243,0,88,155,59,CRITICAL,1.76,2.627
2026-06-01,F01,Factory,P007,193,1,16,178,42,HIGH,11.12,4.238
2026-06-02,F01,Factory,P007,187,7,52,142,42,CRITICAL,2.73,3.381
2026-06-03,F01,Factory,P007,182,14,12,184,42,MEDIUM,15.33,4.381
2026-06-04,F01,Factory,P007,193,11,27,177,42,HIGH,6.56,4.214
2026-06-05,F01,Factory,P007,194,11,0,205,42,LOW,999.0,4.881
2026-06-06,F01,Factory,P007,205,4,34,175,42,HIGH,5.15,4.167
2026-06-07,F01,Factory,P007,199,6,30,175,42,HIGH,5.83,4.167
2026-06-08,F01,Factory,P007,195,3,49,149,42,CRITICAL,3.04,3.548
2026-06-09,F01,Factory,P007,185,4,35,154,42,CRITICAL,4.4,3.667
2026-06-10,F01,Factory,P007,178,18,13,183,42,MEDIUM,14.08,4.357
2026-06-11,F01,Factory,P007,190,3,0,193,42,LOW,999.0,4.595
2026-06-12,F01,Factory,P007,193,8,8,193,42,MEDIUM,24.12,4.595
2026-06-13,F01,Factory,P007,199,21,36,184,42,HIGH,5.11,4.381
2026-06-14,F01,Factory,P007,202,24,67,159,42,CRITICAL,2.37,3.786
2026-06-15,F01,Factory,P007,208,15,16,207,42,MEDIUM,12.94,4.929
2026-06-16,F01,Factory,P007,217,12,15,214,42,MEDIUM,14.27,5.095
2026-06-17,F01,Factory,P007,224,23,29,218,42,HIGH,7.52,5.19
2026-06-18,F01,Factory,P007,238,11,38,211,42,HIGH,5.55,5.024
2026-06-19,F01,Factory,P007,234,10,28,216,42,HIGH,7.71,5.143
2026-06-20,F01,Factory,P007,236,6,4,238,42,LOW,59.5,5.667
2026-06-21,F01,Factory,P007,241,1,19,223,42,HIGH,11.74,5.31
2026-06-22,F01,Factory,P007,233,28,14,247,42,MEDIUM,17.64,5.881
2026-06-23,F01,Factory,P007,256,20,30,246,42,HIGH,8.2,5.857
2026-06-24,F01,Factory,P007,268,9,15,262,42,MEDIUM,17.47,6.238
2026-06-25,F01,Factory,P007,273,19,55,237,42,CRITICAL,4.31,5.643
2026-06-26,F01,Factory,P007,275,11,54,232,42,CRITICAL,4.3,5.524
2026-06-27,F01,Factory,P007,272,16,15,273,42,MEDIUM,18.2,6.5
2026-06-28,F01,Factory,P007,281,24,33,272,42,HIGH,8.24,6.476
2026-06-29,F01,Factory,P007,290,2,50,242,42,CRITICAL,4.84,5.762
2026-06-30,F01,Factory,P007,278,13,76,215,42,CRITICAL,2.83,5.119
2026-06-01,F01,Factory,P008,131,4,12,123,28,HIGH,10.25,4.393
2026-06-02,F01,Factory,P008,123,9,1,131,28,LOW,131.0,4.679
2026-06-03,F01,Factory,P008,131,6,11,126,28,HIGH,11.45,4.5
2026-06-04,F01,Factory,P008,126,3,8,121,28,MEDIUM,15.12,4.321
2026-06-05,F01,Factory,P008,121,11,8,124,28,MEDIUM,15.5,4.429
2026-06-06,F01,Factory,P008,124,1,4,121,28,LOW,30.25,4.321
2026-06-07,F01,Factory,P008,121,5,4,122,28,LOW,30.5,4.357
2026-06-08,F01,Factory,P008,122,13,0,135,28,LOW,999.0,4.821
2026-06-09,F01,Factory,P008,135,8,12,131,28,HIGH,10.92,4.679
2026-06-10,F01,Factory,P008,131,14,7,138,28,MEDIUM,19.71,4.929
2026-06-11,F01,Factory,P008,138,16,5,149,28,LOW,29.8,5.321
2026-06-12,F01,Factory,P008,149,11,7,153,28,MEDIUM,21.86,5.464
2026-06-13,F01,Factory,P008,153,0,0,153,28,LOW,999.0,5.464
2026-06-14,F01,Factory,P008,153,17,2,168,28,LOW,84.0,6.0
2026-06-15,F01,Factory,P008,168,7,9,166,28,MEDIUM,18.44,5.929
2026-06-16,F01,Factory,P008,166,11,8,169,28,MEDIUM,21.12,6.036
2026-06-17,F01,Factory,P008,169,20,12,177,28,MEDIUM,14.75,6.321
2026-06-18,F01,Factory,P008,177,20,11,186,28,MEDIUM,16.91,6.643
2026-06-19,F01,Factory,P008,186,22,10,198,28,MEDIUM,19.8,7.071
2026-06-20,F01,Factory,P008,198,13,15,196,28,MEDIUM,13.07,7.0
2026-06-21,F01,Factory,P008,196,20,1,215,28,LOW,215.0,7.679
2026-06-22,F01,Factory,P008,215,23,14,224,28,MEDIUM,16.0,8.0
2026-06-23,F01,Factory,P008,224,25,15,234,28,MEDIUM,15.6,8.357
2026-06-24,F01,Factory,P008,234,26,6,254,28,LOW,42.33,9.071
2026-06-25,F01,Factory,P008,254,5,4,255,28,LOW,63.75,9.107
2026-06-26,F01,Factory,P008,255,7,5,257,28,LOW,51.4,9.179
2026-06-27,F01,Factory,P008,257,14,4,267,28,LOW,66.75,9.536
2026-06-28,F01,Factory,P008,267,5,13,259,28,MEDIUM,19.92,9.25
2026-06-29,F01,Factory,P008,259,25,3,281,28,LOW,93.67,10.036
2026-06-30,F01,Factory,P008,281,17,18,280,28,MEDIUM,15.56,10.0
2026-06-01,F01,Factory,P009,142,11,4,149,31,LOW,37.25,4.806
2026-06-02,F01,Factory,P009,152,13,0,165,31,LOW,999.0,5.323
2026-06-03,F01,Factory,P009,165,4,16,153,31,HIGH,9.56,4.935
2026-06-04,F01,Factory,P009,164,17,11,170,31,MEDIUM,15.45,5.484
2026-06-05,F01,Factory,P009,178,17,39,156,31,CRITICAL,4.0,5.032
2026-06-06,F01,Factory,P009,179,21,16,184,31,HIGH,11.5,5.935
2026-06-07,F01,Factory,P009,195,2,14,183,31,MEDIUM,13.07,5.903
2026-06-08,F01,Factory,P009,193,18,7,204,31,LOW,29.14,6.581
2026-06-09,F01,Factory,P009,208,16,20,204,31,HIGH,10.2,6.581
2026-06-10,F01,Factory,P009,217,20,29,208,31,HIGH,7.17,6.71
2026-06-11,F01,Factory,P009,225,16,71,170,31,CRITICAL,2.39,5.484
2026-06-12,F01,Factory,P009,224,26,20,230,31,HIGH,11.5,7.419
2026-06-13,F01,Factory,P009,242,15,33,224,31,HIGH,6.79,7.226
2026-06-14,F01,Factory,P009,242,24,22,244,31,HIGH,11.09,7.871
2026-06-15,F01,Factory,P009,255,11,42,224,31,HIGH,5.33,7.226
2026-06-16,F01,Factory,P009,245,28,31,242,31,HIGH,7.81,7.806
2026-06-17,F01,Factory,P009,260,3,24,239,31,HIGH,9.96,7.71
2026-06-18,F01,Factory,P009,256,14,33,237,31,HIGH,7.18,7.645
2026-06-19,F01,Factory,P009,253,20,52,221,31,CRITICAL,4.25,7.129
2026-06-20,F01,Factory,P009,253,0,22,231,31,HIGH,10.5,7.452
2026-06-21,F01,Factory,P009,242,21,67,196,31,CRITICAL,2.93,6.323
2026-06-22,F01,Factory,P009,240,4,42,202,31,CRITICAL,4.81,6.516
2026-06-23,F01,Factory,P009,223,0,14,209,31,MEDIUM,14.93,6.742
2026-06-24,F01,Factory,P009,219,22,58,183,31,CRITICAL,3.16,5.903
2026-06-25,F01,Factory,P009,225,27,48,204,31,CRITICAL,4.25,6.581
2026-06-26,F01,Factory,P009,239,17,30,226,31,HIGH,7.53,7.29
2026-06-27,F01,Factory,P009,244,15,49,210,31,CRITICAL,4.29,6.774
2026-06-28,F01,Factory,P009,247,8,73,182,31,CRITICAL,2.49,5.871
2026-06-29,F01,Factory,P009,235,10,29,216,31,HIGH,7.45,6.968
2026-06-30,F01,Factory,P009,231,18,36,213,31,HIGH,5.92,6.871
2026-06-01,F01,Factory,P010,127,9,0,136,27,LOW,999.0,5.037
2026-06-02,F01,Factory,P010,136,5,13,128,27,HIGH,9.85,4.741
2026-06-03,F01,Factory,P010,136,6,31,111,27,CRITICAL,3.58,4.111
2026-06-04,F01,Factory,P010,131,14,31,114,27,CRITICAL,3.68,4.222
2026-06-05,F01,Factory,P010,136,5,0,141,27,LOW,999.0,5.222
2026-06-06,F01,Factory,P010,141,12,52,101,27,CRITICAL,1.94,3.741
2026-06-07,F01,Factory,P010,141,8,26,123,27,CRITICAL,4.73,4.556
2026-06-08,F01,Factory,P010,138,15,14,139,27,HIGH,9.93,5.148
2026-06-09,F01,Factory,P010,146,3,0,149,27,LOW,999.0,5.519
2026-06-10,F01,Factory,P010,149,13,20,142,27,HIGH,7.1,5.259
2026-06-11,F01,Factory,P010,155,2,0,157,27,LOW,999.0,5.815
2026-06-12,F01,Factory,P010,157,18,16,159,27,HIGH,9.94,5.889
2026-06-13,F01,Factory,P010,171,6,42,135,27,CRITICAL,3.21,5.0
2026-06-14,F01,Factory,P010,167,7,45,129,27,CRITICAL,2.87,4.778
2026-06-15,F01,Factory,P010,160,13,15,158,27,HIGH,10.53,5.852
2026-06-16,F01,Factory,P010,168,5,37,136,27,CRITICAL,3.68,5.037
2026-06-17,F01,Factory,P010,160,11,28,143,27,HIGH,5.11,5.296
2026-06-18,F01,Factory,P010,157,6,0,163,27,LOW,999.0,6.037
2026-06-19,F01,Factory,P010,163,17,9,171,27,MEDIUM,19.0,6.333
2026-06-20,F01,Factory,P010,177,18,36,159,27,CRITICAL,4.42,5.889
2026-06-21,F01,Factory,P010,183,5,41,147,27,CRITICAL,3.59,5.444
2026-06-22,F01,Factory,P010,175,1,23,153,27,HIGH,6.65,5.667
2026-06-23,F01,Factory,P010,170,7,27,150,27,HIGH,5.56,5.556
2026-06-24,F01,Factory,P010,166,10,33,143,27,CRITICAL,4.33,5.296
2026-06-25,F01,Factory,P010,167,9,40,136,27,CRITICAL,3.4,5.037
2026-06-26,F01,Factory,P010,165,3,44,124,27,CRITICAL,2.82,4.593
2026-06-27,F01,Factory,P010,157,0,2,155,27,LOW,77.5,5.741
2026-06-28,F01,Factory,P010,156,13,5,164,27,LOW,32.8,6.074
2026-06-29,F01,Factory,P010,167,15,6,176,27,LOW,29.33,6.519
2026-06-30,F01,Factory,P010,180,3,64,119,27,CRITICAL,1.86,4.407
2026-06-01,F01,Factory,P011,380,8,147,241,83,CRITICAL,1.64,2.904
2026-06-02,F01,Factory,P011,354,15,91,278,83,CRITICAL,3.05,3.349
2026-06-03,F01,Factory,P011,342,39,7,374,83,LOW,53.43,4.506
2026-06-04,F01,Factory,P011,378,15,50,343,83,HIGH,6.86,4.133
2026-06-05,F01,Factory,P011,372,39,21,390,83,MEDIUM,18.57,4.699
2026-06-06,F01,Factory,P011,405,9,34,380,83,HIGH,11.18,4.578
2026-06-07,F01,Factory,P011,400,10,33,377,83,HIGH,11.42,4.542
2026-06-08,F01,Factory,P011,400,6,132,274,83,CRITICAL,2.08,3.301
2026-06-09,F01,Factory,P011,373,36,14,395,83,LOW,28.21,4.759
2026-06-10,F01,Factory,P011,404,26,71,359,83,HIGH,5.06,4.325
2026-06-11,F01,Factory,P011,405,31,78,358,83,CRITICAL,4.59,4.313
2026-06-12,F01,Factory,P011,397,31,66,362,83,HIGH,5.48,4.361
2026-06-13,F01,Factory,P011,402,1,11,392,83,LOW,35.64,4.723
2026-06-14,F01,Factory,P011,400,30,101,329,83,CRITICAL,3.26,3.964
2026-06-15,F01,Factory,P011,394,19,57,356,83,HIGH,6.25,4.289
2026-06-16,F01,Factory,P011,388,10,37,361,83,HIGH,9.76,4.349
2026-06-17,F01,Factory,P011,381,35,53,363,83,HIGH,6.85,4.373
2026-06-18,F01,Factory,P011,391,5,121,275,83,CRITICAL,2.27,3.313
2026-06-19,F01,Factory,P011,362,41,58,345,83,HIGH,5.95,4.157
2026-06-20,F01,Factory,P011,386,16,64,338,83,HIGH,5.28,4.072
2026-06-21,F01,Factory,P011,382,37,54,365,83,HIGH,6.76,4.398
2026-06-22,F01,Factory,P011,402,1,5,398,83,LOW,79.6,4.795
2026-06-23,F01,Factory,P011,401,40,98,343,83,CRITICAL,3.5,4.133
2026-06-24,F01,Factory,P011,410,39,10,439,83,LOW,43.9,5.289
2026-06-25,F01,Factory,P011,444,9,72,381,83,HIGH,5.29,4.59
2026-06-26,F01,Factory,P011,436,12,33,415,83,MEDIUM,12.58,5.0
2026-06-27,F01,Factory,P011,432,30,36,426,83,HIGH,11.83,5.133
2026-06-28,F01,Factory,P011,450,6,34,422,83,MEDIUM,12.41,5.084
2026-06-29,F01,Factory,P011,438,39,100,377,83,CRITICAL,3.77,4.542
2026-06-30,F01,Factory,P011,451,18,32,437,83,MEDIUM,13.66,5.265
2026-06-01,F01,Factory,P012,314,22,5,331,69,LOW,66.2,4.797
2026-06-02,F01,Factory,P012,331,34,28,337,69,MEDIUM,12.04,4.884
2026-06-03,F01,Factory,P012,337,1,32,306,69,HIGH,9.56,4.435
2026-06-04,F01,Factory,P012,306,0,13,293,69,MEDIUM,22.54,4.246
2026-06-05,F01,Factory,P012,293,24,9,308,69,LOW,34.22,4.464
2026-06-06,F01,Factory,P012,308,7,1,314,69,LOW,314.0,4.551
2026-06-07,F01,Factory,P012,314,28,1,341,69,LOW,341.0,4.942
2026-06-08,F01,Factory,P012,341,20,13,348,69,LOW,26.77,5.043
2026-06-09,F01,Factory,P012,348,41,31,358,69,HIGH,11.55,5.188
2026-06-10,F01,Factory,P012,358,35,25,368,69,MEDIUM,14.72,5.333
2026-06-11,F01,Factory,P012,368,24,12,380,69,LOW,31.67,5.507
2026-06-12,F01,Factory,P012,380,7,36,351,69,HIGH,9.75,5.087
2026-06-13,F01,Factory,P012,351,16,15,352,69,MEDIUM,23.47,5.101
2026-06-14,F01,Factory,P012,352,6,9,349,69,LOW,38.78,5.058
2026-06-15,F01,Factory,P012,349,27,14,362,69,LOW,25.86,5.246
2026-06-16,F01,Factory,P012,362,26,7,381,69,LOW,54.43,5.522
2026-06-17,F01,Factory,P012,381,3,33,351,69,HIGH,10.64,5.087
2026-06-18,F01,Factory,P012,351,18,12,357,69,LOW,29.75,5.174
2026-06-19,F01,Factory,P012,357,12,23,346,69,MEDIUM,15.04,5.014
2026-06-20,F01,Factory,P012,346,24,13,357,69,LOW,27.46,5.174
2026-06-21,F01,Factory,P012,357,40,31,366,69,HIGH,11.81,5.304
2026-06-22,F01,Factory,P012,366,8,23,351,69,MEDIUM,15.26,5.087
2026-06-23,F01,Factory,P012,351,41,17,375,69,MEDIUM,22.06,5.435
2026-06-24,F01,Factory,P012,375,1,4,372,69,LOW,93.0,5.391
2026-06-25,F01,Factory,P012,372,30,33,369,69,HIGH,11.18,5.348
2026-06-26,F01,Factory,P012,369,5,19,355,69,MEDIUM,18.68,5.145
2026-06-27,F01,Factory,P012,355,21,9,367,69,LOW,40.78,5.319
2026-06-28,F01,Factory,P012,367,28,31,364,69,HIGH,11.74,5.275
2026-06-29,F01,Factory,P012,364,10,1,373,69,LOW,373.0,5.406
2026-06-30,F01,Factory,P012,373,16,11,378,69,LOW,34.36,5.478
2026-06-01,F01,Factory,P013,407,36,21,422,89,MEDIUM,20.1,4.742
2026-06-02,F01,Factory,P013,422,0,14,408,89,LOW,29.14,4.584
2026-06-03,F01,Factory,P013,408,37,19,426,89,MEDIUM,22.42,4.787
2026-06-04,F01,Factory,P013,426,29,11,444,89,LOW,40.36,4.989
2026-06-05,F01,Factory,P013,444,17,5,456,89,LOW,91.2,5.124
2026-06-06,F01,Factory,P013,456,4,1,459,89,LOW,459.0,5.157
2026-06-07,F01,Factory,P013,459,35,7,487,89,LOW,69.57,5.472
2026-06-08,F01,Factory,P013,487,34,45,476,89,HIGH,10.58,5.348
2026-06-09,F01,Factory,P013,476,41,27,490,89,MEDIUM,18.15,5.506
2026-06-10,F01,Factory,P013,490,7,23,474,89,MEDIUM,20.61,5.326
2026-06-11,F01,Factory,P013,474,52,18,508,89,LOW,28.22,5.708
2026-06-12,F01,Factory,P013,508,52,35,525,89,MEDIUM,15.0,5.899
2026-06-13,F01,Factory,P013,525,17,7,535,89,LOW,76.43,6.011
2026-06-14,F01,Factory,P013,535,1,14,522,89,LOW,37.29,5.865
2026-06-15,F01,Factory,P013,522,21,34,509,89,MEDIUM,14.97,5.719
2026-06-16,F01,Factory,P013,509,36,23,522,89,MEDIUM,22.7,5.865
2026-06-17,F01,Factory,P013,522,46,40,528,89,MEDIUM,13.2,5.933
2026-06-18,F01,Factory,P013,528,47,46,529,89,HIGH,11.5,5.944
2026-06-19,F01,Factory,P013,529,23,42,510,89,MEDIUM,12.14,5.73
2026-06-20,F01,Factory,P013,510,26,9,527,89,LOW,58.56,5.921
2026-06-21,F01,Factory,P013,527,9,4,532,89,LOW,133.0,5.978
2026-06-22,F01,Factory,P013,532,63,8,587,89,LOW,73.38,6.596
2026-06-23,F01,Factory,P013,587,60,45,602,89,MEDIUM,13.38,6.764
2026-06-24,F01,Factory,P013,602,32,54,580,89,HIGH,10.74,6.517
2026-06-25,F01,Factory,P013,580,65,53,592,89,HIGH,11.17,6.652
2026-06-26,F01,Factory,P013,592,36,17,611,89,LOW,35.94,6.865
2026-06-27,F01,Factory,P013,611,3,51,563,89,HIGH,11.04,6.326
2026-06-28,F01,Factory,P013,563,61,30,594,89,MEDIUM,19.8,6.674
2026-06-29,F01,Factory,P013,594,5,48,551,89,HIGH,11.48,6.191
2026-06-30,F01,Factory,P013,551,20,30,541,89,MEDIUM,18.03,6.079
2026-06-01,F01,Factory,P014,205,16,2,219,45,LOW,109.5,4.867
2026-06-02,F01,Factory,P014,219,1,1,219,45,LOW,219.0,4.867
2026-06-03,F01,Factory,P014,219,25,20,224,45,HIGH,11.2,4.978
2026-06-04,F01,Factory,P014,224,11,9,226,45,LOW,25.11,5.022
2026-06-05,F01,Factory,P014,226,11,7,230,45,LOW,32.86,5.111
2026-06-06,F01,Factory,P014,230,15,8,237,45,LOW,29.62,5.267
2026-06-07,F01,Factory,P014,237,17,8,246,45,LOW,30.75,5.467
2026-06-08,F01,Factory,P014,246,18,22,242,45,HIGH,11.0,5.378
2026-06-09,F01,Factory,P014,242,6,1,247,45,LOW,247.0,5.489
2026-06-10,F01,Factory,P014,247,15,2,260,45,LOW,130.0,5.778
2026-06-11,F01,Factory,P014,260,7,20,247,45,MEDIUM,12.35,5.489
2026-06-12,F01,Factory,P014,247,12,13,246,45,MEDIUM,18.92,5.467
2026-06-13,F01,Factory,P014,246,23,3,266,45,LOW,88.67,5.911
2026-06-14,F01,Factory,P014,266,15,0,281,45,LOW,999.0,6.244
2026-06-15,F01,Factory,P014,281,17,6,292,45,LOW,48.67,6.489
2026-06-16,F01,Factory,P014,292,32,7,317,45,LOW,45.29,7.044
2026-06-17,F01,Factory,P014,317,7,0,324,45,LOW,999.0,7.2
2026-06-18,F01,Factory,P014,324,5,6,323,45,LOW,53.83,7.178
2026-06-19,F01,Factory,P014,323,9,23,309,45,MEDIUM,13.43,6.867
2026-06-20,F01,Factory,P014,309,33,25,317,45,MEDIUM,12.68,7.044
2026-06-21,F01,Factory,P014,317,37,27,327,45,MEDIUM,12.11,7.267
2026-06-22,F01,Factory,P014,327,18,12,333,45,LOW,27.75,7.4
2026-06-23,F01,Factory,P014,333,26,10,349,45,LOW,34.9,7.756
2026-06-24,F01,Factory,P014,349,25,33,341,45,HIGH,10.33,7.578
2026-06-25,F01,Factory,P014,341,8,26,323,45,MEDIUM,12.42,7.178
2026-06-26,F01,Factory,P014,323,37,17,343,45,MEDIUM,20.18,7.622
2026-06-27,F01,Factory,P014,343,14,8,349,45,LOW,43.62,7.756
2026-06-28,F01,Factory,P014,349,7,10,346,45,LOW,34.6,7.689
2026-06-29,F01,Factory,P014,346,32,17,361,45,MEDIUM,21.24,8.022
2026-06-30,F01,Factory,P014,361,9,19,351,45,MEDIUM,18.47,7.8
2026-06-01,F01,Factory,P015,265,26,0,291,58,LOW,999.0,5.017
2026-06-02,F01,Factory,P015,291,0,27,264,58,HIGH,9.78,4.552
2026-06-03,F01,Factory,P015,264,24,14,274,58,MEDIUM,19.57,4.724
2026-06-04,F01,Factory,P015,274,30,15,289,58,MEDIUM,19.27,4.983
2026-06-05,F01,Factory,P015,289,18,5,302,58,LOW,60.4,5.207
2026-06-06,F01,Factory,P015,302,29,22,309,58,MEDIUM,14.05,5.328
2026-06-07,F01,Factory,P015,309,11,22,298,58,MEDIUM,13.55,5.138
2026-06-08,F01,Factory,P015,298,26,2,322,58,LOW,161.0,5.552
2026-06-09,F01,Factory,P015,322,6,19,309,58,MEDIUM,16.26,5.328
2026-06-10,F01,Factory,P015,309,23,19,313,58,MEDIUM,16.47,5.397
2026-06-11,F01,Factory,P015,313,14,25,302,58,MEDIUM,12.08,5.207
2026-06-12,F01,Factory,P015,302,16,6,312,58,LOW,52.0,5.379
2026-06-13,F01,Factory,P015,312,4,27,289,58,HIGH,10.7,4.983
2026-06-14,F01,Factory,P015,289,25,12,302,58,LOW,25.17,5.207
2026-06-15,F01,Factory,P015,302,7,2,307,58,LOW,153.5,5.293
2026-06-16,F01,Factory,P015,307,5,3,309,58,LOW,103.0,5.328
2026-06-17,F01,Factory,P015,309,20,5,324,58,LOW,64.8,5.586
2026-06-18,F01,Factory,P015,324,5,9,320,58,LOW,35.56,5.517
2026-06-19,F01,Factory,P015,320,27,15,332,58,MEDIUM,22.13,5.724
2026-06-20,F01,Factory,P015,332,6,24,314,58,MEDIUM,13.08,5.414
2026-06-21,F01,Factory,P015,314,19,5,328,58,LOW,65.6,5.655
2026-06-22,F01,Factory,P015,328,28,31,325,58,HIGH,10.48,5.603
2026-06-23,F01,Factory,P015,325,21,5,341,58,LOW,68.2,5.879
2026-06-24,F01,Factory,P015,341,13,20,334,58,MEDIUM,16.7,5.759
2026-06-25,F01,Factory,P015,334,40,30,344,58,HIGH,11.47,5.931
2026-06-26,F01,Factory,P015,344,40,28,356,58,MEDIUM,12.71,6.138
2026-06-27,F01,Factory,P015,356,25,22,359,58,MEDIUM,16.32,6.19
2026-06-28,F01,Factory,P015,359,32,25,366,58,MEDIUM,14.64,6.31
2026-06-29,F01,Factory,P015,366,28,4,390,58,LOW,97.5,6.724
2026-06-30,F01,Factory,P015,390,42,0,432,58,LOW,999.0,7.448
2026-06-01,F02,Factory,P001,89,4,3,90,19,LOW,30.0,4.737
2026-06-02,F02,Factory,P001,90,10,0,100,19,LOW,999.0,5.263
2026-06-03,F02,Factory,P001,100,5,3,102,19,LOW,34.0,5.368
2026-06-04,F02,Factory,P001,102,1,2,101,19,LOW,50.5,5.316
2026-06-05,F02,Factory,P001,101,5,9,97,19,HIGH,10.78,5.105
2026-06-06,F02,Factory,P001,97,4,7,94,19,MEDIUM,13.43,4.947
2026-06-07,F02,Factory,P001,94,8,7,95,19,MEDIUM,13.57,5.0
2026-06-08,F02,Factory,P001,95,9,6,98,19,MEDIUM,16.33,5.158
2026-06-09,F02,Factory,P001,98,8,1,105,19,LOW,105.0,5.526
2026-06-10,F02,Factory,P001,105,9,0,114,19,LOW,999.0,6.0
2026-06-11,F02,Factory,P001,114,10,7,117,19,MEDIUM,16.71,6.158
2026-06-12,F02,Factory,P001,117,10,7,120,19,MEDIUM,17.14,6.316
2026-06-13,F02,Factory,P001,120,5,4,121,19,LOW,30.25,6.368
2026-06-14,F02,Factory,P001,121,8,5,124,19,MEDIUM,24.8,6.526
2026-06-15,F02,Factory,P001,124,5,5,124,19,MEDIUM,24.8,6.526
2026-06-16,F02,Factory,P001,124,8,2,130,19,LOW,65.0,6.842
2026-06-17,F02,Factory,P001,130,10,4,136,19,LOW,34.0,7.158
2026-06-18,F02,Factory,P001,136,4,5,135,19,LOW,27.0,7.105
2026-06-19,F02,Factory,P001,135,1,7,129,19,MEDIUM,18.43,6.789
2026-06-20,F02,Factory,P001,129,11,11,129,19,HIGH,11.73,6.789
2026-06-21,F02,Factory,P001,129,4,6,127,19,MEDIUM,21.17,6.684
2026-06-22,F02,Factory,P001,127,7,8,126,19,MEDIUM,15.75,6.632
2026-06-23,F02,Factory,P001,126,9,9,126,19,MEDIUM,14.0,6.632
2026-06-24,F02,Factory,P001,126,12,1,137,19,LOW,137.0,7.211
2026-06-25,F02,Factory,P001,137,6,8,135,19,MEDIUM,16.88,7.105
2026-06-26,F02,Factory,P001,135,8,6,137,19,MEDIUM,22.83,7.211
2026-06-27,F02,Factory,P001,137,2,7,132,19,MEDIUM,18.86,6.947
2026-06-28,F02,Factory,P001,132,11,0,143,19,LOW,999.0,7.526
2026-06-29,F02,Factory,P001,143,10,12,141,19,HIGH,11.75,7.421
2026-06-30,F02,Factory,P001,141,9,13,137,19,HIGH,10.54,7.211
2026-06-01,F02,Factory,P002,293,12,0,305,64,LOW,999.0,4.766
2026-06-02,F02,Factory,P002,305,25,6,324,64,LOW,54.0,5.062
2026-06-03,F02,Factory,P002,324,0,5,319,64,LOW,63.8,4.984
2026-06-04,F02,Factory,P002,319,36,24,331,64,MEDIUM,13.79,5.172
2026-06-05,F02,Factory,P002,331,11,19,323,64,MEDIUM,17.0,5.047
2026-06-06,F02,Factory,P002,323,13,5,331,64,LOW,66.2,5.172
2026-06-07,F02,Factory,P002,331,40,26,345,64,MEDIUM,13.27,5.391
2026-06-08,F02,Factory,P002,345,15,12,348,64,LOW,29.0,5.438
2026-06-09,F02,Factory,P002,348,35,15,368,64,MEDIUM,24.53,5.75
2026-06-10,F02,Factory,P002,368,17,13,372,64,LOW,28.62,5.812
2026-06-11,F02,Factory,P002,372,20,19,373,64,MEDIUM,19.63,5.828
2026-06-12,F02,Factory,P002,373,1,17,357,64,MEDIUM,21.0,5.578
2026-06-13,F02,Factory,P002,357,19,9,367,64,LOW,40.78,5.734
2026-06-14,F02,Factory,P002,367,15,15,367,64,MEDIUM,24.47,5.734
2026-06-15,F02,Factory,P002,367,16,32,351,64,HIGH,10.97,5.484
2026-06-16,F02,Factory,P002,351,22,17,356,64,MEDIUM,20.94,5.562
2026-06-17,F02,Factory,P002,356,11,32,335,64,HIGH,10.47,5.234
2026-06-18,F02,Factory,P002,335,0,18,317,64,MEDIUM,17.61,4.953
2026-06-19,F02,Factory,P002,317,6,23,300,64,MEDIUM,13.04,4.688
2026-06-20,F02,Factory,P002,300,13,8,305,64,LOW,38.12,4.766
2026-06-21,F02,Factory,P002,305,2,23,284,64,MEDIUM,12.35,4.438
2026-06-22,F02,Factory,P002,284,13,7,290,64,LOW,41.43,4.531
2026-06-23,F02,Factory,P002,290,30,0,320,64,LOW,999.0,5.0
2026-06-24,F02,Factory,P002,320,18,5,333,64,LOW,66.6,5.203
2026-06-25,F02,Factory,P002,333,5,0,338,64,LOW,999.0,5.281
2026-06-26,F02,Factory,P002,338,7,31,314,64,HIGH,10.13,4.906
2026-06-27,F02,Factory,P002,314,17,30,301,64,HIGH,10.03,4.703
2026-06-28,F02,Factory,P002,301,9,22,288,64,MEDIUM,13.09,4.5
2026-06-29,F02,Factory,P002,288,3,3,288,64,LOW,96.0,4.5
2026-06-30,F02,Factory,P002,288,0,25,263,64,HIGH,10.52,4.109
2026-06-01,F02,Factory,P003,182,14,13,183,40,MEDIUM,14.08,4.575
2026-06-02,F02,Factory,P003,183,20,5,198,40,LOW,39.6,4.95
2026-06-03,F02,Factory,P003,198,17,9,206,40,MEDIUM,22.89,5.15
2026-06-04,F02,Factory,P003,206,13,13,206,40,MEDIUM,15.85,5.15
2026-06-05,F02,Factory,P003,206,11,0,217,40,LOW,999.0,5.425
2026-06-06,F02,Factory,P003,217,2,10,209,40,MEDIUM,20.9,5.225
2026-06-07,F02,Factory,P003,209,14,14,209,40,MEDIUM,14.93,5.225
2026-06-08,F02,Factory,P003,209,14,3,220,40,LOW,73.33,5.5
2026-06-09,F02,Factory,P003,220,9,9,220,40,MEDIUM,24.44,5.5
2026-06-10,F02,Factory,P003,220,26,11,235,40,MEDIUM,21.36,5.875
2026-06-11,F02,Factory,P003,235,18,16,237,40,MEDIUM,14.81,5.925
2026-06-12,F02,Factory,P003,237,10,22,225,40,HIGH,10.23,5.625
2026-06-13,F02,Factory,P003,225,18,18,225,40,MEDIUM,12.5,5.625
2026-06-14,F02,Factory,P003,225,20,13,232,40,MEDIUM,17.85,5.8
2026-06-15,F02,Factory,P003,232,0,13,219,40,MEDIUM,16.85,5.475
2026-06-16,F02,Factory,P003,219,3,12,210,40,MEDIUM,17.5,5.25
2026-06-17,F02,Factory,P003,210,18,11,217,40,MEDIUM,19.73,5.425
2026-06-18,F02,Factory,P003,217,8,1,224,40,LOW,224.0,5.6
2026-06-19,F02,Factory,P003,224,18,15,227,40,MEDIUM,15.13,5.675
2026-06-20,F02,Factory,P003,227,13,15,225,40,MEDIUM,15.0,5.625
2026-06-21,F02,Factory,P003,225,21,11,235,40,MEDIUM,21.36,5.875
2026-06-22,F02,Factory,P003,235,1,20,216,40,HIGH,10.8,5.4
2026-06-23,F02,Factory,P003,216,12,14,214,40,MEDIUM,15.29,5.35
2026-06-24,F02,Factory,P003,214,23,7,230,40,LOW,32.86,5.75
2026-06-25,F02,Factory,P003,230,17,0,247,40,LOW,999.0,6.175
2026-06-26,F02,Factory,P003,247,26,1,272,40,LOW,272.0,6.8
2026-06-27,F02,Factory,P003,272,18,9,281,40,LOW,31.22,7.025
2026-06-28,F02,Factory,P003,281,1,12,270,40,MEDIUM,22.5,6.75
2026-06-29,F02,Factory,P003,270,30,4,296,40,LOW,74.0,7.4
2026-06-30,F02,Factory,P003,296,10,5,301,40,LOW,60.2,7.525
2026-06-01,F02,Factory,P004,192,2,17,177,42,HIGH,10.41,4.214
2026-06-02,F02,Factory,P004,190,13,28,175,42,HIGH,6.25,4.167
2026-06-03,F02,Factory,P004,189,15,51,153,42,CRITICAL,3.0,3.643
2026-06-04,F02,Factory,P004,191,16,25,182,42,HIGH,7.28,4.333
2026-06-05,F02,Factory,P004,200,22,8,214,42,LOW,26.75,5.095
2026-06-06,F02,Factory,P004,219,18,5,232,42,LOW,46.4,5.524
2026-06-07,F02,Factory,P004,235,22,6,251,42,LOW,41.83,5.976
2026-06-08,F02,Factory,P004,255,6,36,225,42,HIGH,6.25,5.357
2026-06-09,F02,Factory,P004,252,21,4,269,42,LOW,67.25,6.405
2026-06-10,F02,Factory,P004,272,8,21,259,42,MEDIUM,12.33,6.167
2026-06-11,F02,Factory,P004,271,24,70,225,42,CRITICAL,3.21,5.357
2026-06-12,F02,Factory,P004,270,20,32,258,42,HIGH,8.06,6.143
2026-06-13,F02,Factory,P004,277,11,49,239,42,CRITICAL,4.88,5.69
2026-06-14,F02,Factory,P004,266,3,11,258,42,MEDIUM,23.45,6.143
2026-06-15,F02,Factory,P004,266,6,17,255,42,MEDIUM,15.0,6.071
2026-06-16,F02,Factory,P004,266,15,59,222,42,CRITICAL,3.76,5.286
2026-06-17,F02,Factory,P004,257,20,37,240,42,HIGH,6.49,5.714
2026-06-18,F02,Factory,P004,268,6,60,214,42,CRITICAL,3.57,5.095
2026-06-19,F02,Factory,P004,258,8,92,174,42,CRITICAL,1.89,4.143
2026-06-20,F02,Factory,P004,242,14,26,230,42,HIGH,8.85,5.476
2026-06-21,F02,Factory,P004,243,27,29,241,42,HIGH,8.31,5.738
2026-06-22,F02,Factory,P004,263,15,43,235,42,HIGH,5.47,5.595
2026-06-23,F02,Factory,P004,265,8,3,270,42,LOW,90.0,6.429
2026-06-24,F02,Factory,P004,272,9,6,275,42,LOW,45.83,6.548
2026-06-25,F02,Factory,P004,278,22,0,300,42,LOW,999.0,7.143
2026-06-26,F02,Factory,P004,300,11,85,226,42,CRITICAL,2.66,5.381
2026-06-27,F02,Factory,P004,285,19,71,233,42,CRITICAL,3.28,5.548
2026-06-28,F02,Factory,P004,286,23,28,281,42,HIGH,10.04,6.69
2026-06-29,F02,Factory,P004,301,23,23,301,42,MEDIUM,13.09,7.167
2026-06-30,F02,Factory,P004,318,24,76,266,42,CRITICAL,3.5,6.333
2026-06-01,F02,Factory,P005,159,16,55,120,34,CRITICAL,2.18,3.529
2026-06-02,F02,Factory,P005,162,0,10,152,34,MEDIUM,15.2,4.471
2026-06-03,F02,Factory,P005,158,10,10,158,34,MEDIUM,15.8,4.647
2026-06-04,F02,Factory,P005,164,12,48,128,34,CRITICAL,2.67,3.765
2026-06-05,F02,Factory,P005,163,5,44,124,34,CRITICAL,2.82,3.647
2026-06-06,F02,Factory,P005,154,16,44,126,34,CRITICAL,2.86,3.706
2026-06-07,F02,Factory,P005,157,1,15,143,34,HIGH,9.53,4.206
2026-06-08,F02,Factory,P005,154,2,3,153,34,LOW,51.0,4.5
2026-06-09,F02,Factory,P005,155,1,23,133,34,HIGH,5.78,3.912
2026-06-10,F02,Factory,P005,150,1,11,140,34,MEDIUM,12.73,4.118
2026-06-11,F02,Factory,P005,147,17,49,115,34,CRITICAL,2.35,3.382
2026-06-12,F02,Factory,P005,152,17,0,169,34,LOW,999.0,4.971
2026-06-13,F02,Factory,P005,169,13,35,147,34,CRITICAL,4.2,4.324
2026-06-14,F02,Factory,P005,172,2,62,112,34,CRITICAL,1.81,3.294
2026-06-15,F02,Factory,P005,159,7,35,131,34,CRITICAL,3.74,3.853
2026-06-16,F02,Factory,P005,152,2,24,130,34,HIGH,5.42,3.824
2026-06-17,F02,Factory,P005,145,2,35,112,34,CRITICAL,3.2,3.294
2026-06-18,F02,Factory,P005,134,9,0,143,34,LOW,999.0,4.206
2026-06-19,F02,Factory,P005,143,3,15,131,34,HIGH,8.73,3.853
2026-06-20,F02,Factory,P005,141,0,0,141,34,LOW,999.0,4.147
2026-06-21,F02,Factory,P005,141,15,54,102,34,CRITICAL,1.89,3.0
2026-06-22,F02,Factory,P005,143,9,29,123,34,CRITICAL,4.24,3.618
2026-06-23,F02,Factory,P005,140,11,0,151,34,LOW,999.0,4.441
2026-06-24,F02,Factory,P005,151,12,0,163,34,LOW,999.0,4.794
2026-06-25,F02,Factory,P005,163,16,10,169,34,MEDIUM,16.9,4.971
2026-06-26,F02,Factory,P005,174,2,9,167,34,MEDIUM,18.56,4.912
2026-06-27,F02,Factory,P005,172,14,61,125,34,CRITICAL,2.05,3.676
2026-06-28,F02,Factory,P005,172,11,7,176,34,LOW,25.14,5.176
2026-06-29,F02,Factory,P005,181,19,28,172,34,HIGH,6.14,5.059
2026-06-30,F02,Factory,P005,186,9,35,160,34,CRITICAL,4.57,4.706
2026-06-01,F02,Factory,P006,125,14,4,135,27,LOW,33.75,5.0
2026-06-02,F02,Factory,P006,135,0,1,134,27,LOW,134.0,4.963
2026-06-03,F02,Factory,P006,134,9,12,131,27,HIGH,10.92,4.852
2026-06-04,F02,Factory,P006,131,11,8,134,27,MEDIUM,16.75,4.963
2026-06-05,F02,Factory,P006,134,5,5,134,27,LOW,26.8,4.963
2026-06-06,F02,Factory,P006,134,0,4,130,27,LOW,32.5,4.815
2026-06-07,F02,Factory,P006,130,9,11,128,27,HIGH,11.64,4.741
2026-06-08,F02,Factory,P006,128,14,9,133,27,MEDIUM,14.78,4.926
2026-06-09,F02,Factory,P006,133,0,10,123,27,MEDIUM,12.3,4.556
2026-06-10,F02,Factory,P006,123,3,7,119,27,MEDIUM,17.0,4.407
2026-06-11,F02,Factory,P006,119,13,9,123,27,MEDIUM,13.67,4.556
2026-06-12,F02,Factory,P006,123,9,3,129,27,LOW,43.0,4.778
2026-06-13,F02,Factory,P006,129,8,8,129,27,MEDIUM,16.12,4.778
2026-06-14,F02,Factory,P006,129,8,4,133,27,LOW,33.25,4.926
2026-06-15,F02,Factory,P006,133,6,7,132,27,MEDIUM,18.86,4.889
2026-06-16,F02,Factory,P006,132,0,12,120,27,HIGH,10.0,4.444
2026-06-17,F02,Factory,P006,120,1,11,110,27,HIGH,10.0,4.074
2026-06-18,F02,Factory,P006,110,0,5,105,27,MEDIUM,21.0,3.889
2026-06-19,F02,Factory,P006,105,5,5,105,27,MEDIUM,21.0,3.889
2026-06-20,F02,Factory,P006,105,5,8,102,27,MEDIUM,12.75,3.778
2026-06-21,F02,Factory,P006,102,0,9,93,27,HIGH,10.33,3.444
2026-06-22,F02,Factory,P006,93,7,7,93,27,MEDIUM,13.29,3.444
2026-06-23,F02,Factory,P006,93,1,0,94,27,LOW,999.0,3.481
2026-06-24,F02,Factory,P006,94,4,2,96,27,LOW,48.0,3.556
2026-06-25,F02,Factory,P006,96,9,8,97,27,MEDIUM,12.12,3.593
2026-06-26,F02,Factory,P006,97,5,6,96,27,MEDIUM,16.0,3.556
2026-06-27,F02,Factory,P006,96,0,6,90,27,MEDIUM,15.0,3.333
2026-06-28,F02,Factory,P006,90,1,6,85,27,MEDIUM,14.17,3.148
2026-06-29,F02,Factory,P006,85,3,3,85,27,LOW,28.33,3.148
2026-06-30,F02,Factory,P006,85,2,3,84,27,LOW,28.0,3.111
2026-06-01,F02,Factory,P007,287,30,22,295,63,MEDIUM,13.41,4.683
2026-06-02,F02,Factory,P007,295,12,8,299,63,LOW,37.38,4.746
2026-06-03,F02,Factory,P007,299,18,19,298,63,MEDIUM,15.68,4.73
2026-06-04,F02,Factory,P007,298,6,21,283,63,MEDIUM,13.48,4.492
2026-06-05,F02,Factory,P007,283,33,23,293,63,MEDIUM,12.74,4.651
2026-06-06,F02,Factory,P007,293,19,9,303,63,LOW,33.67,4.81
2026-06-07,F02,Factory,P007,303,11,22,292,63,MEDIUM,13.27,4.635
2026-06-08,F02,Factory,P007,292,16,3,305,63,LOW,101.67,4.841
2026-06-09,F02,Factory,P007,305,25,4,326,63,LOW,81.5,5.175
2026-06-10,F02,Factory,P007,326,39,13,352,63,LOW,27.08,5.587
2026-06-11,F02,Factory,P007,352,15,1,366,63,LOW,366.0,5.81
2026-06-12,F02,Factory,P007,366,7,34,339,63,HIGH,9.97,5.381
2026-06-13,F02,Factory,P007,339,22,29,332,63,HIGH,11.45,5.27
2026-06-14,F02,Factory,P007,332,39,1,370,63,LOW,370.0,5.873
2026-06-15,F02,Factory,P007,370,17,31,356,63,HIGH,11.48,5.651
2026-06-16,F02,Factory,P007,356,21,17,360,63,MEDIUM,21.18,5.714
2026-06-17,F02,Factory,P007,360,25,25,360,63,MEDIUM,14.4,5.714
2026-06-18,F02,Factory,P007,360,42,31,371,63,HIGH,11.97,5.889
2026-06-19,F02,Factory,P007,371,28,21,378,63,MEDIUM,18.0,6.0
2026-06-20,F02,Factory,P007,378,16,4,390,63,LOW,97.5,6.19
2026-06-21,F02,Factory,P007,390,34,0,424,63,LOW,999.0,6.73
2026-06-22,F02,Factory,P007,424,37,20,441,63,MEDIUM,22.05,7.0
2026-06-23,F02,Factory,P007,441,43,41,443,63,HIGH,10.8,7.032
2026-06-24,F02,Factory,P007,443,30,25,448,63,MEDIUM,17.92,7.111
2026-06-25,F02,Factory,P007,448,27,16,459,63,LOW,28.69,7.286
2026-06-26,F02,Factory,P007,459,5,1,463,63,LOW,463.0,7.349
2026-06-27,F02,Factory,P007,463,41,42,462,63,HIGH,11.0,7.333
2026-06-28,F02,Factory,P007,462,3,15,450,63,LOW,30.0,7.143
2026-06-29,F02,Factory,P007,450,34,31,453,63,MEDIUM,14.61,7.19
2026-06-30,F02,Factory,P007,453,41,31,463,63,MEDIUM,14.94,7.349
2026-06-01,F02,Factory,P008,177,1,4,174,38,LOW,43.5,4.579
2026-06-02,F02,Factory,P008,174,9,1,182,38,LOW,182.0,4.789
2026-06-03,F02,Factory,P008,182,7,6,183,38,LOW,30.5,4.816
2026-06-04,F02,Factory,P008,183,21,5,199,38,LOW,39.8,5.237
2026-06-05,F02,Factory,P008,199,23,13,209,38,MEDIUM,16.08,5.5
2026-06-06,F02,Factory,P008,209,17,16,210,38,MEDIUM,13.12,5.526
2026-06-07,F02,Factory,P008,210,21,4,227,38,LOW,56.75,5.974
2026-06-08,F02,Factory,P008,227,11,11,227,38,MEDIUM,20.64,5.974
2026-06-09,F02,Factory,P008,227,27,0,254,38,LOW,999.0,6.684
2026-06-10,F02,Factory,P008,254,14,5,263,38,LOW,52.6,6.921
2026-06-11,F02,Factory,P008,263,6,19,250,38,MEDIUM,13.16,6.579
2026-06-12,F02,Factory,P008,250,6,19,237,38,MEDIUM,12.47,6.237
2026-06-13,F02,Factory,P008,237,28,17,248,38,MEDIUM,14.59,6.526
2026-06-14,F02,Factory,P008,248,5,3,250,38,LOW,83.33,6.579
2026-06-15,F02,Factory,P008,250,13,13,250,38,MEDIUM,19.23,6.579
2026-06-16,F02,Factory,P008,250,24,10,264,38,LOW,26.4,6.947
2026-06-17,F02,Factory,P008,264,5,25,244,38,HIGH,9.76,6.421
2026-06-18,F02,Factory,P008,244,27,15,256,38,MEDIUM,17.07,6.737
2026-06-19,F02,Factory,P008,256,22,23,255,38,HIGH,11.09,6.711
2026-06-20,F02,Factory,P008,255,14,3,266,38,LOW,88.67,7.0
2026-06-21,F02,Factory,P008,266,19,11,274,38,MEDIUM,24.91,7.211
2026-06-22,F02,Factory,P008,274,27,20,281,38,MEDIUM,14.05,7.395
2026-06-23,F02,Factory,P008,281,16,10,287,38,LOW,28.7,7.553
2026-06-24,F02,Factory,P008,287,14,17,284,38,MEDIUM,16.71,7.474
2026-06-25,F02,Factory,P008,284,22,14,292,38,MEDIUM,20.86,7.684
2026-06-26,F02,Factory,P008,292,19,28,283,38,HIGH,10.11,7.447
2026-06-27,F02,Factory,P008,283,8,4,287,38,LOW,71.75,7.553
2026-06-28,F02,Factory,P008,287,27,26,288,38,HIGH,11.08,7.579
2026-06-29,F02,Factory,P008,288,21,11,298,38,LOW,27.09,7.842
2026-06-30,F02,Factory,P008,298,12,13,297,38,MEDIUM,22.85,7.816
2026-06-01,F02,Factory,P009,221,1,35,187,48,HIGH,5.34,3.896
2026-06-02,F02,Factory,P009,211,7,10,208,48,MEDIUM,20.8,4.333
2026-06-03,F02,Factory,P009,213,14,72,155,48,CRITICAL,2.15,3.229
2026-06-04,F02,Factory,P009,207,5,57,155,48,CRITICAL,2.72,3.229
2026-06-05,F02,Factory,P009,194,12,43,163,48,CRITICAL,3.79,3.396
2026-06-06,F02,Factory,P009,188,8,70,126,48,CRITICAL,1.8,2.625
2026-06-07,F02,Factory,P009,179,14,29,164,48,HIGH,5.66,3.417
2026-06-08,F02,Factory,P009,182,12,21,173,48,HIGH,8.24,3.604
2026-06-09,F02,Factory,P009,186,12,39,159,48,CRITICAL,4.08,3.312
2026-06-10,F02,Factory,P009,183,17,0,200,48,LOW,999.0,4.167
2026-06-11,F02,Factory,P009,200,17,59,158,48,CRITICAL,2.68,3.292
2026-06-12,F02,Factory,P009,201,18,37,182,48,CRITICAL,4.92,3.792
2026-06-13,F02,Factory,P009,210,8,35,183,48,HIGH,5.23,3.812
2026-06-14,F02,Factory,P009,204,16,27,193,48,HIGH,7.15,4.021
2026-06-15,F02,Factory,P009,213,10,23,200,48,HIGH,8.7,4.167
2026-06-16,F02,Factory,P009,216,1,0,217,48,LOW,999.0,4.521
2026-06-17,F02,Factory,P009,217,2,16,203,48,MEDIUM,12.69,4.229
2026-06-18,F02,Factory,P009,211,13,32,192,48,HIGH,6.0,4.0
2026-06-19,F02,Factory,P009,216,25,10,231,48,MEDIUM,23.1,4.812
2026-06-20,F02,Factory,P009,237,11,17,231,48,MEDIUM,13.59,4.812
2026-06-21,F02,Factory,P009,243,8,46,205,48,CRITICAL,4.46,4.271
2026-06-22,F02,Factory,P009,237,8,13,232,48,MEDIUM,17.85,4.833
2026-06-23,F02,Factory,P009,238,19,83,174,48,CRITICAL,2.1,3.625
2026-06-24,F02,Factory,P009,238,6,8,236,48,LOW,29.5,4.917
2026-06-25,F02,Factory,P009,242,7,41,208,48,HIGH,5.07,4.333
2026-06-26,F02,Factory,P009,236,27,11,252,48,MEDIUM,22.91,5.25
2026-06-27,F02,Factory,P009,260,1,40,221,48,HIGH,5.52,4.604
2026-06-28,F02,Factory,P009,248,30,49,229,48,CRITICAL,4.67,4.771
2026-06-29,F02,Factory,P009,265,30,36,259,48,HIGH,7.19,5.396
2026-06-30,F02,Factory,P009,279,1,33,247,48,HIGH,7.48,5.146
2026-06-01,F02,Factory,P010,68,6,3,71,14,MEDIUM,23.67,5.071
2026-06-02,F02,Factory,P010,71,1,1,71,14,LOW,71.0,5.071
2026-06-03,F02,Factory,P010,71,5,3,73,14,MEDIUM,24.33,5.214
2026-06-04,F02,Factory,P010,73,5,2,76,14,LOW,38.0,5.429
2026-06-05,F02,Factory,P010,76,3,4,75,14,MEDIUM,18.75,5.357
2026-06-06,F02,Factory,P010,75,0,3,72,14,MEDIUM,24.0,5.143
2026-06-07,F02,Factory,P010,72,3,5,70,14,MEDIUM,14.0,5.0
2026-06-08,F02,Factory,P010,70,5,2,73,14,LOW,36.5,5.214
2026-06-09,F02,Factory,P010,73,2,1,74,14,LOW,74.0,5.286
2026-06-10,F02,Factory,P010,74,1,1,74,14,LOW,74.0,5.286
2026-06-11,F02,Factory,P010,74,6,0,80,14,LOW,999.0,5.714
2026-06-12,F02,Factory,P010,80,0,4,76,14,MEDIUM,19.0,5.429
2026-06-13,F02,Factory,P010,76,2,5,73,14,MEDIUM,14.6,5.214
2026-06-14,F02,Factory,P010,73,6,5,74,14,MEDIUM,14.8,5.286
2026-06-15,F02,Factory,P010,74,4,3,75,14,LOW,25.0,5.357
2026-06-16,F02,Factory,P010,75,3,1,77,14,LOW,77.0,5.5
2026-06-17,F02,Factory,P010,77,5,6,76,14,MEDIUM,12.67,5.429
2026-06-18,F02,Factory,P010,76,2,0,78,14,LOW,999.0,5.571
2026-06-19,F02,Factory,P010,78,5,2,81,14,LOW,40.5,5.786
2026-06-20,F02,Factory,P010,81,7,6,82,14,MEDIUM,13.67,5.857
2026-06-21,F02,Factory,P010,82,9,3,88,14,LOW,29.33,6.286
2026-06-22,F02,Factory,P010,88,9,0,97,14,LOW,999.0,6.929
2026-06-23,F02,Factory,P010,97,4,2,99,14,LOW,49.5,7.071
2026-06-24,F02,Factory,P010,99,11,5,105,14,MEDIUM,21.0,7.5
2026-06-25,F02,Factory,P010,105,4,1,108,14,LOW,108.0,7.714
2026-06-26,F02,Factory,P010,108,10,6,112,14,MEDIUM,18.67,8.0
2026-06-27,F02,Factory,P010,112,11,4,119,14,LOW,29.75,8.5
2026-06-28,F02,Factory,P010,119,2,3,118,14,LOW,39.33,8.429
2026-06-29,F02,Factory,P010,118,8,2,124,14,LOW,62.0,8.857
2026-06-30,F02,Factory,P010,124,1,9,116,14,MEDIUM,12.89,8.286
2026-06-01,F02,Factory,P011,196,12,19,189,43,HIGH,9.95,4.395
2026-06-02,F02,Factory,P011,201,13,43,171,43,CRITICAL,3.98,3.977
2026-06-03,F02,Factory,P011,200,0,24,176,43,HIGH,7.33,4.093
2026-06-04,F02,Factory,P011,192,6,2,196,43,LOW,98.0,4.558
2026-06-05,F02,Factory,P011,197,0,35,162,43,CRITICAL,4.63,3.767
2026-06-06,F02,Factory,P011,189,12,17,184,43,HIGH,10.82,4.279
2026-06-07,F02,Factory,P011,192,18,15,195,43,MEDIUM,13.0,4.535
2026-06-08,F02,Factory,P011,202,14,45,171,43,CRITICAL,3.8,3.977
2026-06-09,F02,Factory,P011,200,16,62,154,43,CRITICAL,2.48,3.581
2026-06-10,F02,Factory,P011,198,5,33,170,43,HIGH,5.15,3.953
2026-06-11,F02,Factory,P011,189,16,32,173,43,HIGH,5.41,4.023
2026-06-12,F02,Factory,P011,195,0,37,158,43,CRITICAL,4.27,3.674
2026-06-13,F02,Factory,P011,185,19,23,181,43,HIGH,7.87,4.209
2026-06-14,F02,Factory,P011,193,0,22,171,43,HIGH,7.77,3.977
2026-06-15,F02,Factory,P011,188,13,38,163,43,CRITICAL,4.29,3.791
2026-06-16,F02,Factory,P011,187,10,53,144,43,CRITICAL,2.72,3.349
2026-06-17,F02,Factory,P011,182,17,9,190,43,MEDIUM,21.11,4.419
2026-06-18,F02,Factory,P011,195,4,62,137,43,CRITICAL,2.21,3.186
2026-06-19,F02,Factory,P011,182,12,60,134,43,CRITICAL,2.23,3.116
2026-06-20,F02,Factory,P011,179,20,15,184,43,MEDIUM,12.27,4.279
2026-06-21,F02,Factory,P011,192,1,38,155,43,CRITICAL,4.08,3.605
2026-06-22,F02,Factory,P011,176,12,5,183,43,LOW,36.6,4.256
2026-06-23,F02,Factory,P011,186,12,0,198,43,LOW,999.0,4.605
2026-06-24,F02,Factory,P011,198,6,26,178,43,HIGH,6.85,4.14
2026-06-25,F02,Factory,P011,198,10,34,174,43,HIGH,5.12,4.047
2026-06-26,F02,Factory,P011,198,20,21,197,43,HIGH,9.38,4.581
2026-06-27,F02,Factory,P011,212,19,82,149,43,CRITICAL,1.82,3.465
2026-06-28,F02,Factory,P011,212,19,20,211,43,HIGH,10.55,4.907
2026-06-29,F02,Factory,P011,226,18,24,220,43,HIGH,9.17,5.116
2026-06-30,F02,Factory,P011,238,13,38,213,43,HIGH,5.61,4.953
2026-06-01,F02,Factory,P012,381,13,0,394,83,LOW,999.0,4.747
2026-06-02,F02,Factory,P012,394,41,28,407,83,MEDIUM,14.54,4.904
2026-06-03,F02,Factory,P012,407,6,15,398,83,LOW,26.53,4.795
2026-06-04,F02,Factory,P012,398,12,38,372,83,HIGH,9.79,4.482
2026-06-05,F02,Factory,P012,372,43,25,390,83,MEDIUM,15.6,4.699
2026-06-06,F02,Factory,P012,390,21,2,409,83,LOW,204.5,4.928
2026-06-07,F02,Factory,P012,409,12,3,418,83,LOW,139.33,5.036
2026-06-08,F02,Factory,P012,418,41,3,456,83,LOW,152.0,5.494
2026-06-09,F02,Factory,P012,456,38,42,452,83,HIGH,10.76,5.446
2026-06-10,F02,Factory,P012,452,17,30,439,83,MEDIUM,14.63,5.289
2026-06-11,F02,Factory,P012,439,47,18,468,83,LOW,26.0,5.639
2026-06-12,F02,Factory,P012,468,26,9,485,83,LOW,53.89,5.843
2026-06-13,F02,Factory,P012,485,25,41,469,83,HIGH,11.44,5.651
2026-06-14,F02,Factory,P012,469,38,9,498,83,LOW,55.33,6.0
2026-06-15,F02,Factory,P012,498,32,34,496,83,MEDIUM,14.59,5.976
2026-06-16,F02,Factory,P012,496,4,37,463,83,MEDIUM,12.51,5.578
2026-06-17,F02,Factory,P012,463,11,13,461,83,LOW,35.46,5.554
2026-06-18,F02,Factory,P012,461,23,23,461,83,MEDIUM,20.04,5.554
2026-06-19,F02,Factory,P012,461,52,10,503,83,LOW,50.3,6.06
2026-06-20,F02,Factory,P012,503,15,18,500,83,LOW,27.78,6.024
2026-06-21,F02,Factory,P012,500,53,48,505,83,HIGH,10.52,6.084
2026-06-22,F02,Factory,P012,505,28,34,499,83,MEDIUM,14.68,6.012
2026-06-23,F02,Factory,P012,499,56,41,514,83,MEDIUM,12.54,6.193
2026-06-24,F02,Factory,P012,514,43,27,530,83,MEDIUM,19.63,6.386
2026-06-25,F02,Factory,P012,530,64,12,582,83,LOW,48.5,7.012
2026-06-26,F02,Factory,P012,582,26,41,567,83,MEDIUM,13.83,6.831
2026-06-27,F02,Factory,P012,567,1,28,540,83,MEDIUM,19.29,6.506
2026-06-28,F02,Factory,P012,540,57,9,588,83,LOW,65.33,7.084
2026-06-29,F02,Factory,P012,588,58,23,623,83,LOW,27.09,7.506
2026-06-30,F02,Factory,P012,623,66,39,650,83,MEDIUM,16.67,7.831
2026-06-01,F02,Factory,P013,130,2,9,123,28,MEDIUM,13.67,4.393
2026-06-02,F02,Factory,P013,123,0,2,121,28,LOW,60.5,4.321
2026-06-03,F02,Factory,P013,121,13,10,124,28,MEDIUM,12.4,4.429
2026-06-04,F02,Factory,P013,124,0,4,120,28,LOW,30.0,4.286
2026-06-05,F02,Factory,P013,120,1,3,118,28,LOW,39.33,4.214
2026-06-06,F02,Factory,P013,118,13,2,129,28,LOW,64.5,4.607
2026-06-07,F02,Factory,P013,129,10,9,130,28,MEDIUM,14.44,4.643
2026-06-08,F02,Factory,P013,130,14,4,140,28,LOW,35.0,5.0
2026-06-09,F02,Factory,P013,140,11,6,145,28,MEDIUM,24.17,5.179
2026-06-10,F02,Factory,P013,145,1,3,143,28,LOW,47.67,5.107
2026-06-11,F02,Factory,P013,143,12,9,146,28,MEDIUM,16.22,5.214
2026-06-12,F02,Factory,P013,146,9,10,145,28,MEDIUM,14.5,5.179
2026-06-13,F02,Factory,P013,145,12,4,153,28,LOW,38.25,5.464
2026-06-14,F02,Factory,P013,153,5,14,144,28,HIGH,10.29,5.143
2026-06-15,F02,Factory,P013,144,17,0,161,28,LOW,999.0,5.75
2026-06-16,F02,Factory,P013,161,15,2,174,28,LOW,87.0,6.214
2026-06-17,F02,Factory,P013,174,18,10,182,28,MEDIUM,18.2,6.5
2026-06-18,F02,Factory,P013,182,15,12,185,28,MEDIUM,15.42,6.607
2026-06-19,F02,Factory,P013,185,13,4,194,28,LOW,48.5,6.929
2026-06-20,F02,Factory,P013,194,19,10,203,28,MEDIUM,20.3,7.25
2026-06-21,F02,Factory,P013,203,13,6,210,28,LOW,35.0,7.5
2026-06-22,F02,Factory,P013,210,0,11,199,28,MEDIUM,18.09,7.107
2026-06-23,F02,Factory,P013,199,8,12,195,28,MEDIUM,16.25,6.964
2026-06-24,F02,Factory,P013,195,8,18,185,28,HIGH,10.28,6.607
2026-06-25,F02,Factory,P013,185,15,8,192,28,MEDIUM,24.0,6.857
2026-06-26,F02,Factory,P013,192,16,12,196,28,MEDIUM,16.33,7.0
2026-06-27,F02,Factory,P013,196,14,10,200,28,MEDIUM,20.0,7.143
2026-06-28,F02,Factory,P013,200,23,6,217,28,LOW,36.17,7.75
2026-06-29,F02,Factory,P013,217,11,5,223,28,LOW,44.6,7.964
2026-06-30,F02,Factory,P013,223,15,21,217,28,HIGH,10.33,7.75
2026-06-01,F02,Factory,P014,135,9,2,142,29,LOW,71.0,4.897
2026-06-02,F02,Factory,P014,142,15,11,146,29,MEDIUM,13.27,5.034
2026-06-03,F02,Factory,P014,146,7,2,151,29,LOW,75.5,5.207
2026-06-04,F02,Factory,P014,151,7,12,146,29,MEDIUM,12.17,5.034
2026-06-05,F02,Factory,P014,146,10,2,154,29,LOW,77.0,5.31
2026-06-06,F02,Factory,P014,154,3,14,143,29,HIGH,10.21,4.931
2026-06-07,F02,Factory,P014,143,7,9,141,29,MEDIUM,15.67,4.862
2026-06-08,F02,Factory,P014,141,6,1,146,29,LOW,146.0,5.034
2026-06-09,F02,Factory,P014,146,7,9,144,29,MEDIUM,16.0,4.966
2026-06-10,F02,Factory,P014,144,6,8,142,29,MEDIUM,17.75,4.897
2026-06-11,F02,Factory,P014,142,7,4,145,29,LOW,36.25,5.0
2026-06-12,F02,Factory,P014,145,4,3,146,29,LOW,48.67,5.034
2026-06-13,F02,Factory,P014,146,4,10,140,29,MEDIUM,14.0,4.828
2026-06-14,F02,Factory,P014,140,5,10,135,29,MEDIUM,13.5,4.655
2026-06-15,F02,Factory,P014,135,4,4,135,29,LOW,33.75,4.655
2026-06-16,F02,Factory,P014,135,14,11,138,29,MEDIUM,12.55,4.759
2026-06-17,F02,Factory,P014,138,6,3,141,29,LOW,47.0,4.862
2026-06-18,F02,Factory,P014,141,12,0,153,29,LOW,999.0,5.276
2026-06-19,F02,Factory,P014,153,8,8,153,29,MEDIUM,19.12,5.276
2026-06-20,F02,Factory,P014,153,12,1,164,29,LOW,164.0,5.655
2026-06-21,F02,Factory,P014,164,0,4,160,29,LOW,40.0,5.517
2026-06-22,F02,Factory,P014,160,2,8,154,29,MEDIUM,19.25,5.31
2026-06-23,F02,Factory,P014,154,17,4,167,29,LOW,41.75,5.759
2026-06-24,F02,Factory,P014,167,9,3,173,29,LOW,57.67,5.966
2026-06-25,F02,Factory,P014,173,0,11,162,29,MEDIUM,14.73,5.586
2026-06-26,F02,Factory,P014,162,5,8,159,29,MEDIUM,19.88,5.483
2026-06-27,F02,Factory,P014,159,12,12,159,29,MEDIUM,13.25,5.483
2026-06-28,F02,Factory,P014,159,3,8,154,29,MEDIUM,19.25,5.31
2026-06-29,F02,Factory,P014,154,17,7,164,29,MEDIUM,23.43,5.655
2026-06-30,F02,Factory,P014,164,0,4,160,29,LOW,40.0,5.517
2026-06-01,F02,Factory,P015,383,37,82,338,84,CRITICAL,4.12,4.024
2026-06-02,F02,Factory,P015,390,15,18,387,84,MEDIUM,21.5,4.607
2026-06-03,F02,Factory,P015,398,14,25,387,84,MEDIUM,15.48,4.607
2026-06-04,F02,Factory,P015,403,37,93,347,84,CRITICAL,3.73,4.131
2026-06-05,F02,Factory,P015,407,2,65,344,84,HIGH,5.29,4.095
2026-06-06,F02,Factory,P015,380,35,64,351,84,HIGH,5.48,4.179
2026-06-07,F02,Factory,P015,392,42,3,431,84,LOW,143.67,5.131
2026-06-08,F02,Factory,P015,433,37,13,457,84,LOW,35.15,5.44
2026-06-09,F02,Factory,P015,465,52,51,466,84,HIGH,9.14,5.548
2026-06-10,F02,Factory,P015,495,5,102,398,84,CRITICAL,3.9,4.738
2026-06-11,F02,Factory,P015,464,43,65,442,84,HIGH,6.8,5.262
2026-06-12,F02,Factory,P015,486,18,0,504,84,LOW,999.0,6.0
2026-06-13,F02,Factory,P015,504,57,33,528,84,MEDIUM,16.0,6.286
2026-06-14,F02,Factory,P015,552,58,77,533,84,HIGH,6.92,6.345
2026-06-15,F02,Factory,P015,578,49,78,549,84,HIGH,7.04,6.536
2026-06-16,F02,Factory,P015,588,62,3,647,84,LOW,215.67,7.702
2026-06-17,F02,Factory,P015,649,80,5,724,84,LOW,144.8,8.619
2026-06-18,F02,Factory,P015,727,89,52,764,84,MEDIUM,14.69,9.095
2026-06-19,F02,Factory,P015,798,83,26,855,84,LOW,32.88,10.179
2026-06-20,F02,Factory,P015,875,50,111,814,84,HIGH,7.33,9.69
2026-06-21,F02,Factory,P015,878,104,27,955,84,LOW,35.37,11.369
2026-06-22,F02,Factory,P015,972,4,230,746,84,CRITICAL,3.24,8.881
2026-06-23,F02,Factory,P015,914,5,222,697,84,CRITICAL,3.14,8.298
2026-06-24,F02,Factory,P015,849,4,163,690,84,CRITICAL,4.23,8.214
2026-06-25,F02,Factory,P015,772,51,168,655,84,CRITICAL,3.9,7.798
2026-06-26,F02,Factory,P015,750,11,85,676,84,HIGH,7.95,8.048
2026-06-27,F02,Factory,P015,741,41,4,778,84,LOW,194.5,9.262
2026-06-28,F02,Factory,P015,780,9,87,702,84,HIGH,8.07,8.357
2026-06-29,F02,Factory,P015,764,70,206,628,84,CRITICAL,3.05,7.476
2026-06-30,F02,Factory,P015,781,8,10,779,84,LOW,77.9,9.274
2026-06-01,F03,Factory,P001,134,10,15,129,29,HIGH,8.6,4.448
2026-06-02,F03,Factory,P001,140,13,9,144,29,MEDIUM,16.0,4.966
2026-06-03,F03,Factory,P001,149,6,8,147,29,MEDIUM,18.38,5.069
2026-06-04,F03,Factory,P001,152,5,27,130,29,CRITICAL,4.81,4.483
2026-06-05,F03,Factory,P001,147,8,40,115,29,CRITICAL,2.88,3.966
2026-06-06,F03,Factory,P001,146,1,17,130,29,HIGH,7.65,4.483
2026-06-07,F03,Factory,P001,140,7,27,120,29,CRITICAL,4.44,4.138
2026-06-08,F03,Factory,P001,135,6,4,137,29,LOW,34.25,4.724
2026-06-09,F03,Factory,P001,140,11,5,146,29,LOW,29.2,5.034
2026-06-10,F03,Factory,P001,149,16,20,145,29,HIGH,7.25,5.0
2026-06-11,F03,Factory,P001,160,15,35,140,29,CRITICAL,4.0,4.828
2026-06-12,F03,Factory,P001,165,9,30,144,29,CRITICAL,4.8,4.966
2026-06-13,F03,Factory,P001,165,3,4,164,29,LOW,41.0,5.655
2026-06-14,F03,Factory,P001,167,15,56,126,29,CRITICAL,2.25,4.345
2026-06-15,F03,Factory,P001,167,17,9,175,29,MEDIUM,19.44,6.034
2026-06-16,F03,Factory,P001,180,7,26,161,29,HIGH,6.19,5.552
2026-06-17,F03,Factory,P001,181,15,47,149,29,CRITICAL,3.17,5.138
2026-06-18,F03,Factory,P001,185,18,70,133,29,CRITICAL,1.9,4.586
2026-06-19,F03,Factory,P001,186,9,38,157,29,CRITICAL,4.13,5.414
2026-06-20,F03,Factory,P001,184,11,55,140,29,CRITICAL,2.55,4.828
2026-06-21,F03,Factory,P001,178,7,10,175,29,MEDIUM,17.5,6.034
2026-06-22,F03,Factory,P001,182,8,21,169,29,HIGH,8.05,5.828
2026-06-23,F03,Factory,P001,179,20,44,155,29,CRITICAL,3.52,5.345
2026-06-24,F03,Factory,P001,185,0,31,154,29,CRITICAL,4.97,5.31
2026-06-25,F03,Factory,P001,176,3,21,158,29,HIGH,7.52,5.448
2026-06-26,F03,Factory,P001,173,19,44,148,29,CRITICAL,3.36,5.103
2026-06-27,F03,Factory,P001,176,3,6,173,29,LOW,28.83,5.966
2026-06-28,F03,Factory,P001,177,15,21,171,29,HIGH,8.14,5.897
2026-06-29,F03,Factory,P001,186,9,45,150,29,CRITICAL,3.33,5.172
2026-06-30,F03,Factory,P001,180,20,69,131,29,CRITICAL,1.9,4.517
2026-06-01,F03,Factory,P002,125,11,11,125,27,HIGH,11.36,4.63
2026-06-02,F03,Factory,P002,125,10,10,125,27,MEDIUM,12.5,4.63
2026-06-03,F03,Factory,P002,125,8,0,133,27,LOW,999.0,4.926
2026-06-04,F03,Factory,P002,133,13,12,134,27,HIGH,11.17,4.963
2026-06-05,F03,Factory,P002,134,4,5,133,27,LOW,26.6,4.926
2026-06-06,F03,Factory,P002,133,9,8,134,27,MEDIUM,16.75,4.963
2026-06-07,F03,Factory,P002,134,10,5,139,27,LOW,27.8,5.148
2026-06-08,F03,Factory,P002,139,14,10,143,27,MEDIUM,14.3,5.296
2026-06-09,F03,Factory,P002,143,16,8,151,27,MEDIUM,18.88,5.593
2026-06-10,F03,Factory,P002,151,1,12,140,27,HIGH,11.67,5.185
2026-06-11,F03,Factory,P002,140,1,2,139,27,LOW,69.5,5.148
2026-06-12,F03,Factory,P002,139,4,2,141,27,LOW,70.5,5.222
2026-06-13,F03,Factory,P002,141,12,6,147,27,MEDIUM,24.5,5.444
2026-06-14,F03,Factory,P002,147,3,0,150,27,LOW,999.0,5.556
2026-06-15,F03,Factory,P002,150,3,10,143,27,MEDIUM,14.3,5.296
2026-06-16,F03,Factory,P002,143,13,4,152,27,LOW,38.0,5.63
2026-06-17,F03,Factory,P002,152,1,8,145,27,MEDIUM,18.12,5.37
2026-06-18,F03,Factory,P002,145,14,0,159,27,LOW,999.0,5.889
2026-06-19,F03,Factory,P002,159,15,2,172,27,LOW,86.0,6.37
2026-06-20,F03,Factory,P002,172,5,10,167,27,MEDIUM,16.7,6.185
2026-06-21,F03,Factory,P002,167,1,4,164,27,LOW,41.0,6.074
2026-06-22,F03,Factory,P002,164,2,3,163,27,LOW,54.33,6.037
2026-06-23,F03,Factory,P002,163,15,3,175,27,LOW,58.33,6.481
2026-06-24,F03,Factory,P002,175,0,3,172,27,LOW,57.33,6.37
2026-06-25,F03,Factory,P002,172,1,10,163,27,MEDIUM,16.3,6.037
2026-06-26,F03,Factory,P002,163,19,2,180,27,LOW,90.0,6.667
2026-06-27,F03,Factory,P002,180,16,6,190,27,LOW,31.67,7.037
2026-06-28,F03,Factory,P002,190,1,13,178,27,MEDIUM,13.69,6.593
2026-06-29,F03,Factory,P002,178,4,8,174,27,MEDIUM,21.75,6.444
2026-06-30,F03,Factory,P002,174,10,10,174,27,MEDIUM,17.4,6.444
2026-06-01,F03,Factory,P003,195,3,4,194,42,LOW,48.5,4.619
2026-06-02,F03,Factory,P003,194,17,17,194,42,HIGH,11.41,4.619
2026-06-03,F03,Factory,P003,194,0,7,187,42,LOW,26.71,4.452
2026-06-04,F03,Factory,P003,187,20,5,202,42,LOW,40.4,4.81
2026-06-05,F03,Factory,P003,202,11,18,195,42,HIGH,10.83,4.643
2026-06-06,F03,Factory,P003,195,23,12,206,42,MEDIUM,17.17,4.905
2026-06-07,F03,Factory,P003,206,17,12,211,42,MEDIUM,17.58,5.024
2026-06-08,F03,Factory,P003,211,7,18,200,42,HIGH,11.11,4.762
2026-06-09,F03,Factory,P003,200,0,1,199,42,LOW,199.0,4.738
2026-06-10,F03,Factory,P003,199,14,15,198,42,MEDIUM,13.2,4.714
2026-06-11,F03,Factory,P003,198,19,12,205,42,MEDIUM,17.08,4.881
2026-06-12,F03,Factory,P003,205,9,7,207,42,LOW,29.57,4.929
2026-06-13,F03,Factory,P003,207,10,5,212,42,LOW,42.4,5.048
2026-06-14,F03,Factory,P003,212,10,2,220,42,LOW,110.0,5.238
2026-06-15,F03,Factory,P003,220,8,20,208,42,HIGH,10.4,4.952
2026-06-16,F03,Factory,P003,208,18,2,224,42,LOW,112.0,5.333
2026-06-17,F03,Factory,P003,224,8,5,227,42,LOW,45.4,5.405
2026-06-18,F03,Factory,P003,227,7,15,219,42,MEDIUM,14.6,5.214
2026-06-19,F03,Factory,P003,219,24,14,229,42,MEDIUM,16.36,5.452
2026-06-20,F03,Factory,P003,229,13,3,239,42,LOW,79.67,5.69
2026-06-21,F03,Factory,P003,239,4,18,225,42,MEDIUM,12.5,5.357
2026-06-22,F03,Factory,P003,225,18,11,232,42,MEDIUM,21.09,5.524
2026-06-23,F03,Factory,P003,232,16,19,229,42,MEDIUM,12.05,5.452
2026-06-24,F03,Factory,P003,229,22,1,250,42,LOW,250.0,5.952
2026-06-25,F03,Factory,P003,250,12,1,261,42,LOW,261.0,6.214
2026-06-26,F03,Factory,P003,261,12,16,257,42,MEDIUM,16.06,6.119
2026-06-27,F03,Factory,P003,257,6,3,260,42,LOW,86.67,6.19
2026-06-28,F03,Factory,P003,260,15,13,262,42,MEDIUM,20.15,6.238
2026-06-29,F03,Factory,P003,262,22,0,284,42,LOW,999.0,6.762
2026-06-30,F03,Factory,P003,284,8,21,271,42,MEDIUM,12.9,6.452
2026-06-01,F03,Factory,P004,106,8,8,106,23,MEDIUM,13.25,4.609
2026-06-02,F03,Factory,P004,106,10,8,108,23,MEDIUM,13.5,4.696
2026-06-03,F03,Factory,P004,108,6,9,105,23,HIGH,11.67,4.565
2026-06-04,F03,Factory,P004,105,5,9,101,23,HIGH,11.22,4.391
2026-06-05,F03,Factory,P004,101,4,4,101,23,LOW,25.25,4.391
2026-06-06,F03,Factory,P004,101,8,3,106,23,LOW,35.33,4.609
2026-06-07,F03,Factory,P004,106,1,8,99,23,MEDIUM,12.38,4.304
2026-06-08,F03,Factory,P004,99,5,8,96,23,MEDIUM,12.0,4.174
2026-06-09,F03,Factory,P004,96,4,8,92,23,HIGH,11.5,4.0
2026-06-10,F03,Factory,P004,92,6,6,92,23,MEDIUM,15.33,4.0
2026-06-11,F03,Factory,P004,92,8,1,99,23,LOW,99.0,4.304
2026-06-12,F03,Factory,P004,99,9,8,100,23,MEDIUM,12.5,4.348
2026-06-13,F03,Factory,P004,100,7,9,98,23,HIGH,10.89,4.261
2026-06-14,F03,Factory,P004,98,10,5,103,23,MEDIUM,20.6,4.478
2026-06-15,F03,Factory,P004,103,5,8,100,23,MEDIUM,12.5,4.348
2026-06-16,F03,Factory,P004,100,2,5,97,23,MEDIUM,19.4,4.217
2026-06-17,F03,Factory,P004,97,9,8,98,23,MEDIUM,12.25,4.261
2026-06-18,F03,Factory,P004,98,3,0,101,23,LOW,999.0,4.391
2026-06-19,F03,Factory,P004,101,4,8,97,23,MEDIUM,12.12,4.217
2026-06-20,F03,Factory,P004,97,6,0,103,23,LOW,999.0,4.478
2026-06-21,F03,Factory,P004,103,1,3,101,23,LOW,33.67,4.391
2026-06-22,F03,Factory,P004,101,4,1,104,23,LOW,104.0,4.522
2026-06-23,F03,Factory,P004,104,6,4,106,23,LOW,26.5,4.609
2026-06-24,F03,Factory,P004,106,2,2,106,23,LOW,53.0,4.609
2026-06-25,F03,Factory,P004,106,8,9,105,23,HIGH,11.67,4.565
2026-06-26,F03,Factory,P004,105,12,5,112,23,MEDIUM,22.4,4.87
2026-06-27,F03,Factory,P004,112,0,9,103,23,HIGH,11.44,4.478
2026-06-28,F03,Factory,P004,103,11,2,112,23,LOW,56.0,4.87
2026-06-29,F03,Factory,P004,112,5,0,117,23,LOW,999.0,5.087
2026-06-30,F03,Factory,P004,117,11,8,120,23,MEDIUM,15.0,5.217
2026-06-01,F03,Factory,P005,70,0,4,66,15,MEDIUM,16.5,4.4
2026-06-02,F03,Factory,P005,66,3,3,66,15,MEDIUM,22.0,4.4
2026-06-03,F03,Factory,P005,66,1,4,63,15,MEDIUM,15.75,4.2
2026-06-04,F03,Factory,P005,63,2,5,60,15,MEDIUM,12.0,4.0
2026-06-05,F03,Factory,P005,60,1,3,58,15,MEDIUM,19.33,3.867
2026-06-06,F03,Factory,P005,58,2,4,56,15,MEDIUM,14.0,3.733
2026-06-07,F03,Factory,P005,56,3,3,56,15,MEDIUM,18.67,3.733
2026-06-08,F03,Factory,P005,56,0,3,53,15,MEDIUM,17.67,3.533
2026-06-09,F03,Factory,P005,53,0,1,52,15,LOW,52.0,3.467
2026-06-10,F03,Factory,P005,52,1,0,53,15,LOW,999.0,3.533
2026-06-11,F03,Factory,P005,53,3,1,55,15,LOW,55.0,3.667
2026-06-12,F03,Factory,P005,55,3,3,55,15,MEDIUM,18.33,3.667
2026-06-13,F03,Factory,P005,55,1,3,53,15,MEDIUM,17.67,3.533
2026-06-14,F03,Factory,P005,53,1,1,53,15,LOW,53.0,3.533
2026-06-15,F03,Factory,P005,53,3,3,53,15,MEDIUM,17.67,3.533
2026-06-16,F03,Factory,P005,53,3,0,56,15,LOW,999.0,3.733
2026-06-17,F03,Factory,P005,56,4,1,59,15,LOW,59.0,3.933
2026-06-18,F03,Factory,P005,59,1,4,56,15,MEDIUM,14.0,3.733
2026-06-19,F03,Factory,P005,56,0,2,54,15,LOW,27.0,3.6
2026-06-20,F03,Factory,P005,54,2,1,55,15,LOW,55.0,3.667
2026-06-21,F03,Factory,P005,55,4,2,57,15,LOW,28.5,3.8
2026-06-22,F03,Factory,P005,57,5,1,61,15,LOW,61.0,4.067
2026-06-23,F03,Factory,P005,61,6,4,63,15,MEDIUM,15.75,4.2
2026-06-24,F03,Factory,P005,63,2,5,60,15,MEDIUM,12.0,4.0
2026-06-25,F03,Factory,P005,60,6,3,63,15,MEDIUM,21.0,4.2
2026-06-26,F03,Factory,P005,63,0,3,60,15,MEDIUM,20.0,4.0
2026-06-27,F03,Factory,P005,60,4,2,62,15,LOW,31.0,4.133
2026-06-28,F03,Factory,P005,62,1,3,60,15,MEDIUM,20.0,4.0
2026-06-29,F03,Factory,P005,60,5,1,64,15,LOW,64.0,4.267
2026-06-30,F03,Factory,P005,64,3,0,67,15,LOW,999.0,4.467
2026-06-01,F03,Factory,P006,61,4,18,47,13,CRITICAL,2.61,3.615
2026-06-02,F03,Factory,P006,60,5,4,61,13,MEDIUM,15.25,4.692
2026-06-03,F03,Factory,P006,63,0,4,59,13,MEDIUM,14.75,4.538
2026-06-04,F03,Factory,P006,61,6,0,67,13,LOW,999.0,5.154
2026-06-05,F03,Factory,P006,67,1,15,53,13,CRITICAL,3.53,4.077
2026-06-06,F03,Factory,P006,63,3,4,62,13,MEDIUM,15.5,4.769
2026-06-07,F03,Factory,P006,65,0,5,60,13,MEDIUM,12.0,4.615
2026-06-08,F03,Factory,P006,63,4,10,57,13,HIGH,5.7,4.385
2026-06-09,F03,Factory,P006,62,6,6,62,13,HIGH,10.33,4.769
2026-06-10,F03,Factory,P006,66,3,19,50,13,CRITICAL,2.63,3.846
2026-06-11,F03,Factory,P006,64,6,4,66,13,MEDIUM,16.5,5.077
2026-06-12,F03,Factory,P006,69,5,16,58,13,CRITICAL,3.62,4.462
2026-06-13,F03,Factory,P006,70,1,19,52,13,CRITICAL,2.74,4.0
2026-06-14,F03,Factory,P006,65,2,12,55,13,CRITICAL,4.58,4.231
2026-06-15,F03,Factory,P006,64,3,8,59,13,HIGH,7.38,4.538
2026-06-16,F03,Factory,P006,63,6,7,62,13,HIGH,8.86,4.769
2026-06-17,F03,Factory,P006,67,3,17,53,13,CRITICAL,3.12,4.077
2026-06-18,F03,Factory,P006,66,7,14,59,13,CRITICAL,4.21,4.538
2026-06-19,F03,Factory,P006,68,6,17,57,13,CRITICAL,3.35,4.385
2026-06-20,F03,Factory,P006,70,6,15,61,13,CRITICAL,4.07,4.692
2026-06-21,F03,Factory,P006,70,0,9,61,13,HIGH,6.78,4.692
2026-06-22,F03,Factory,P006,66,0,10,56,13,HIGH,5.6,4.308
2026-06-23,F03,Factory,P006,63,2,4,61,13,MEDIUM,15.25,4.692
2026-06-24,F03,Factory,P006,64,7,11,60,13,HIGH,5.45,4.615
2026-06-25,F03,Factory,P006,67,4,20,51,13,CRITICAL,2.55,3.923
2026-06-26,F03,Factory,P006,66,0,7,59,13,HIGH,8.43,4.538
2026-06-27,F03,Factory,P006,63,1,4,60,13,MEDIUM,15.0,4.615
2026-06-28,F03,Factory,P006,63,1,10,54,13,HIGH,5.4,4.154
2026-06-29,F03,Factory,P006,61,4,9,56,13,HIGH,6.22,4.308
2026-06-30,F03,Factory,P006,61,3,18,46,13,CRITICAL,2.56,3.538
2026-06-01,F03,Factory,P007,79,3,4,78,17,MEDIUM,19.5,4.588
2026-06-02,F03,Factory,P007,81,0,3,78,17,LOW,26.0,4.588
2026-06-03,F03,Factory,P007,80,4,7,77,17,HIGH,11.0,4.529
2026-06-04,F03,Factory,P007,81,8,2,87,17,LOW,43.5,5.118
2026-06-05,F03,Factory,P007,88,2,30,60,17,CRITICAL,2.0,3.529
2026-06-06,F03,Factory,P007,83,0,11,72,17,HIGH,6.55,4.235
2026-06-07,F03,Factory,P007,80,1,16,65,17,CRITICAL,4.06,3.824
2026-06-08,F03,Factory,P007,77,8,4,81,17,MEDIUM,20.25,4.765
2026-06-09,F03,Factory,P007,84,3,12,75,17,HIGH,6.25,4.412
2026-06-10,F03,Factory,P007,84,7,16,75,17,CRITICAL,4.69,4.412
2026-06-11,F03,Factory,P007,84,0,9,75,17,HIGH,8.33,4.412
2026-06-12,F03,Factory,P007,81,7,0,88,17,LOW,999.0,5.176
2026-06-13,F03,Factory,P007,88,8,2,94,17,LOW,47.0,5.529
2026-06-14,F03,Factory,P007,95,5,18,82,17,CRITICAL,4.56,4.824
2026-06-15,F03,Factory,P007,92,6,28,70,17,CRITICAL,2.5,4.118
2026-06-16,F03,Factory,P007,90,6,4,92,17,MEDIUM,23.0,5.412
2026-06-17,F03,Factory,P007,95,7,18,84,17,CRITICAL,4.67,4.941
2026-06-18,F03,Factory,P007,97,3,0,100,17,LOW,999.0,5.882
2026-06-19,F03,Factory,P007,100,7,22,85,17,CRITICAL,3.86,5.0
2026-06-20,F03,Factory,P007,102,9,2,109,17,LOW,54.5,6.412
2026-06-21,F03,Factory,P007,110,7,22,95,17,CRITICAL,4.32,5.588
2026-06-22,F03,Factory,P007,108,11,39,80,17,CRITICAL,2.05,4.706
2026-06-23,F03,Factory,P007,110,2,4,108,17,LOW,27.0,6.353
2026-06-24,F03,Factory,P007,111,7,21,97,17,CRITICAL,4.62,5.706
2026-06-25,F03,Factory,P007,113,3,4,112,17,LOW,28.0,6.588
2026-06-26,F03,Factory,P007,115,2,11,106,17,HIGH,9.64,6.235
2026-06-27,F03,Factory,P007,114,10,0,124,17,LOW,999.0,7.294
2026-06-28,F03,Factory,P007,124,1,8,117,17,MEDIUM,14.62,6.882
2026-06-29,F03,Factory,P007,122,13,47,88,17,CRITICAL,1.87,5.176
2026-06-30,F03,Factory,P007,124,6,0,130,17,LOW,999.0,7.647
2026-06-01,F03,Factory,P008,98,0,7,91,21,MEDIUM,13.0,4.333
2026-06-02,F03,Factory,P008,91,4,0,95,21,LOW,999.0,4.524
2026-06-03,F03,Factory,P008,95,9,4,100,21,LOW,25.0,4.762
2026-06-04,F03,Factory,P008,100,4,4,100,21,LOW,25.0,4.762
2026-06-05,F03,Factory,P008,100,2,9,93,21,HIGH,10.33,4.429
2026-06-06,F03,Factory,P008,93,8,1,100,21,LOW,100.0,4.762
2026-06-07,F03,Factory,P008,100,8,1,107,21,LOW,107.0,5.095
2026-06-08,F03,Factory,P008,107,5,7,105,21,MEDIUM,15.0,5.0
2026-06-09,F03,Factory,P008,105,0,7,98,21,MEDIUM,14.0,4.667
2026-06-10,F03,Factory,P008,98,2,6,94,21,MEDIUM,15.67,4.476
2026-06-11,F03,Factory,P008,94,5,0,99,21,LOW,999.0,4.714
2026-06-12,F03,Factory,P008,99,9,2,106,21,LOW,53.0,5.048
2026-06-13,F03,Factory,P008,106,12,8,110,21,MEDIUM,13.75,5.238
2026-06-14,F03,Factory,P008,110,2,6,106,21,MEDIUM,17.67,5.048
2026-06-15,F03,Factory,P008,106,4,6,104,21,MEDIUM,17.33,4.952
2026-06-16,F03,Factory,P008,104,7,2,109,21,LOW,54.5,5.19
2026-06-17,F03,Factory,P008,109,8,2,115,21,LOW,57.5,5.476
2026-06-18,F03,Factory,P008,115,12,10,117,21,HIGH,11.7,5.571
2026-06-19,F03,Factory,P008,117,2,8,111,21,MEDIUM,13.88,5.286
2026-06-20,F03,Factory,P008,111,12,1,122,21,LOW,122.0,5.81
2026-06-21,F03,Factory,P008,122,11,11,122,21,HIGH,11.09,5.81
2026-06-22,F03,Factory,P008,122,3,6,119,21,MEDIUM,19.83,5.667
2026-06-23,F03,Factory,P008,119,11,3,127,21,LOW,42.33,6.048
2026-06-24,F03,Factory,P008,127,3,4,126,21,LOW,31.5,6.0
2026-06-25,F03,Factory,P008,126,5,8,123,21,MEDIUM,15.38,5.857
2026-06-26,F03,Factory,P008,123,5,4,124,21,LOW,31.0,5.905
2026-06-27,F03,Factory,P008,124,14,6,132,21,MEDIUM,22.0,6.286
2026-06-28,F03,Factory,P008,132,14,9,137,21,MEDIUM,15.22,6.524
2026-06-29,F03,Factory,P008,137,15,2,150,21,LOW,75.0,7.143
2026-06-30,F03,Factory,P008,150,16,14,152,21,HIGH,10.86,7.238
2026-06-01,F03,Factory,P009,227,1,20,208,49,HIGH,10.4,4.245
2026-06-02,F03,Factory,P009,221,11,25,207,49,HIGH,8.28,4.224
2026-06-03,F03,Factory,P009,223,21,40,204,49,HIGH,5.1,4.163
2026-06-04,F03,Factory,P009,229,5,35,199,49,HIGH,5.69,4.061
2026-06-05,F03,Factory,P009,221,26,36,211,49,HIGH,5.86,4.306
2026-06-06,F03,Factory,P009,238,26,27,237,49,HIGH,8.78,4.837
2026-06-07,F03,Factory,P009,250,28,66,212,49,CRITICAL,3.21,4.327
2026-06-08,F03,Factory,P009,256,0,85,171,49,CRITICAL,2.01,3.49
2026-06-09,F03,Factory,P009,236,5,59,182,49,CRITICAL,3.08,3.714
2026-06-10,F03,Factory,P009,223,21,15,229,49,MEDIUM,15.27,4.673
2026-06-11,F03,Factory,P009,239,1,24,216,49,HIGH,9.0,4.408
2026-06-12,F03,Factory,P009,231,8,25,214,49,HIGH,8.56,4.367
2026-06-13,F03,Factory,P009,227,2,0,229,49,LOW,999.0,4.673
2026-06-14,F03,Factory,P009,229,12,34,207,49,HIGH,6.09,4.224
2026-06-15,F03,Factory,P009,225,8,16,217,49,MEDIUM,13.56,4.429
2026-06-16,F03,Factory,P009,226,4,14,216,49,MEDIUM,15.43,4.408
2026-06-17,F03,Factory,P009,224,8,13,219,49,MEDIUM,16.85,4.469
2026-06-18,F03,Factory,P009,227,9,12,224,49,MEDIUM,18.67,4.571
2026-06-19,F03,Factory,P009,230,19,30,219,49,HIGH,7.3,4.469
2026-06-20,F03,Factory,P009,242,22,31,233,49,HIGH,7.52,4.755
2026-06-21,F03,Factory,P009,250,19,40,229,49,HIGH,5.72,4.673
2026-06-22,F03,Factory,P009,255,28,25,258,49,HIGH,10.32,5.265
2026-06-23,F03,Factory,P009,277,33,11,299,49,LOW,27.18,6.102
2026-06-24,F03,Factory,P009,305,5,75,235,49,CRITICAL,3.13,4.796
2026-06-25,F03,Factory,P009,286,31,8,309,49,LOW,38.62,6.306
2026-06-26,F03,Factory,P009,315,23,49,289,49,HIGH,5.9,5.898
2026-06-27,F03,Factory,P009,323,8,39,292,49,HIGH,7.49,5.959
2026-06-28,F03,Factory,P009,315,26,64,277,49,CRITICAL,4.33,5.653
2026-06-29,F03,Factory,P009,324,20,101,243,49,CRITICAL,2.41,4.959
2026-06-30,F03,Factory,P009,316,8,53,271,49,HIGH,5.11,5.531
2026-06-01,F03,Factory,P010,131,5,12,124,28,HIGH,10.33,4.429
2026-06-02,F03,Factory,P010,124,3,10,117,28,HIGH,11.7,4.179
2026-06-03,F03,Factory,P010,117,8,2,123,28,LOW,61.5,4.393
2026-06-04,F03,Factory,P010,123,11,2,132,28,LOW,66.0,4.714
2026-06-05,F03,Factory,P010,132,4,4,132,28,LOW,33.0,4.714
2026-06-06,F03,Factory,P010,132,10,5,137,28,LOW,27.4,4.893
2026-06-07,F03,Factory,P010,137,9,7,139,28,MEDIUM,19.86,4.964
2026-06-08,F03,Factory,P010,139,3,3,139,28,LOW,46.33,4.964
2026-06-09,F03,Factory,P010,139,5,2,142,28,LOW,71.0,5.071
2026-06-10,F03,Factory,P010,142,15,5,152,28,LOW,30.4,5.429
2026-06-11,F03,Factory,P010,152,7,10,149,28,MEDIUM,14.9,5.321
2026-06-12,F03,Factory,P010,149,14,9,154,28,MEDIUM,17.11,5.5
2026-06-13,F03,Factory,P010,154,10,14,150,28,HIGH,10.71,5.357
2026-06-14,F03,Factory,P010,150,16,3,163,28,LOW,54.33,5.821
2026-06-15,F03,Factory,P010,163,3,6,160,28,LOW,26.67,5.714
2026-06-16,F03,Factory,P010,160,16,15,161,28,HIGH,10.73,5.75
2026-06-17,F03,Factory,P010,161,14,11,164,28,MEDIUM,14.91,5.857
2026-06-18,F03,Factory,P010,164,4,9,159,28,MEDIUM,17.67,5.679
2026-06-19,F03,Factory,P010,159,3,8,154,28,MEDIUM,19.25,5.5
2026-06-20,F03,Factory,P010,154,3,1,156,28,LOW,156.0,5.571
2026-06-21,F03,Factory,P010,156,18,13,161,28,MEDIUM,12.38,5.75
2026-06-22,F03,Factory,P010,161,13,10,164,28,MEDIUM,16.4,5.857
2026-06-23,F03,Factory,P010,164,4,9,159,28,MEDIUM,17.67,5.679
2026-06-24,F03,Factory,P010,159,14,8,165,28,MEDIUM,20.62,5.893
2026-06-25,F03,Factory,P010,165,5,6,164,28,LOW,27.33,5.857
2026-06-26,F03,Factory,P010,164,16,4,176,28,LOW,44.0,6.286
2026-06-27,F03,Factory,P010,176,21,12,185,28,MEDIUM,15.42,6.607
2026-06-28,F03,Factory,P010,185,20,9,196,28,MEDIUM,21.78,7.0
2026-06-29,F03,Factory,P010,196,5,0,201,28,LOW,999.0,7.179
2026-06-30,F03,Factory,P010,201,13,7,207,28,LOW,29.57,7.393
2026-06-01,F03,Factory,P011,125,1,11,115,27,HIGH,10.45,4.259
2026-06-02,F03,Factory,P011,115,13,4,124,27,LOW,31.0,4.593
2026-06-03,F03,Factory,P011,124,10,4,130,27,LOW,32.5,4.815
2026-06-04,F03,Factory,P011,130,7,8,129,27,MEDIUM,16.12,4.778
2026-06-05,F03,Factory,P011,129,6,9,126,27,MEDIUM,14.0,4.667
2026-06-06,F03,Factory,P011,126,2,8,120,27,MEDIUM,15.0,4.444
2026-06-07,F03,Factory,P011,120,14,10,124,27,MEDIUM,12.4,4.593
2026-06-08,F03,Factory,P011,124,0,1,123,27,LOW,123.0,4.556
2026-06-09,F03,Factory,P011,123,9,11,121,27,HIGH,11.0,4.481
2026-06-10,F03,Factory,P011,121,12,10,123,27,MEDIUM,12.3,4.556
2026-06-11,F03,Factory,P011,123,2,6,119,27,MEDIUM,19.83,4.407
2026-06-12,F03,Factory,P011,119,10,6,123,27,MEDIUM,20.5,4.556
2026-06-13,F03,Factory,P011,123,11,2,132,27,LOW,66.0,4.889
2026-06-14,F03,Factory,P011,132,7,5,134,27,LOW,26.8,4.963
2026-06-15,F03,Factory,P011,134,15,2,147,27,LOW,73.5,5.444
2026-06-16,F03,Factory,P011,147,5,0,152,27,LOW,999.0,5.63
2026-06-17,F03,Factory,P011,152,2,14,140,27,HIGH,10.0,5.185
2026-06-18,F03,Factory,P011,140,14,3,151,27,LOW,50.33,5.593
2026-06-19,F03,Factory,P011,151,12,8,155,27,MEDIUM,19.38,5.741
2026-06-20,F03,Factory,P011,155,17,4,168,27,LOW,42.0,6.222
2026-06-21,F03,Factory,P011,168,20,5,183,27,LOW,36.6,6.778
2026-06-22,F03,Factory,P011,183,15,7,191,27,LOW,27.29,7.074
2026-06-23,F03,Factory,P011,191,15,6,200,27,LOW,33.33,7.407
2026-06-24,F03,Factory,P011,200,21,12,209,27,MEDIUM,17.42,7.741
2026-06-25,F03,Factory,P011,209,7,19,197,27,HIGH,10.37,7.296
2026-06-26,F03,Factory,P011,197,17,8,206,27,LOW,25.75,7.63
2026-06-27,F03,Factory,P011,206,3,19,190,27,HIGH,10.0,7.037
2026-06-28,F03,Factory,P011,190,17,12,195,27,MEDIUM,16.25,7.222
2026-06-29,F03,Factory,P011,195,19,11,203,27,MEDIUM,18.45,7.519
2026-06-30,F03,Factory,P011,203,5,4,204,27,LOW,51.0,7.556
2026-06-01,F03,Factory,P012,105,1,0,106,23,LOW,999.0,4.609
2026-06-02,F03,Factory,P012,106,9,8,107,23,MEDIUM,13.38,4.652
2026-06-03,F03,Factory,P012,107,2,5,104,23,MEDIUM,20.8,4.522
2026-06-04,F03,Factory,P012,104,1,4,101,23,LOW,25.25,4.391
2026-06-05,F03,Factory,P012,101,9,8,102,23,MEDIUM,12.75,4.435
2026-06-06,F03,Factory,P012,102,11,3,110,23,LOW,36.67,4.783
2026-06-07,F03,Factory,P012,110,12,8,114,23,MEDIUM,14.25,4.957
2026-06-08,F03,Factory,P012,114,4,3,115,23,LOW,38.33,5.0
2026-06-09,F03,Factory,P012,115,1,10,106,23,HIGH,10.6,4.609
2026-06-10,F03,Factory,P012,106,2,2,106,23,LOW,53.0,4.609
2026-06-11,F03,Factory,P012,106,5,1,110,23,LOW,110.0,4.783
2026-06-12,F03,Factory,P012,110,10,7,113,23,MEDIUM,16.14,4.913
2026-06-13,F03,Factory,P012,113,2,1,114,23,LOW,114.0,4.957
2026-06-14,F03,Factory,P012,114,0,10,104,23,HIGH,10.4,4.522
2026-06-15,F03,Factory,P012,104,5,6,103,23,MEDIUM,17.17,4.478
2026-06-16,F03,Factory,P012,103,1,2,102,23,LOW,51.0,4.435
2026-06-17,F03,Factory,P012,102,6,2,106,23,LOW,53.0,4.609
2026-06-18,F03,Factory,P012,106,7,9,104,23,HIGH,11.56,4.522
2026-06-19,F03,Factory,P012,104,3,6,101,23,MEDIUM,16.83,4.391
2026-06-20,F03,Factory,P012,101,10,8,103,23,MEDIUM,12.88,4.478
2026-06-21,F03,Factory,P012,103,0,1,102,23,LOW,102.0,4.435
2026-06-22,F03,Factory,P012,102,11,9,104,23,HIGH,11.56,4.522
2026-06-23,F03,Factory,P012,104,4,5,103,23,MEDIUM,20.6,4.478
2026-06-24,F03,Factory,P012,103,6,6,103,23,MEDIUM,17.17,4.478
2026-06-25,F03,Factory,P012,103,9,3,109,23,LOW,36.33,4.739
2026-06-26,F03,Factory,P012,109,11,0,120,23,LOW,999.0,5.217
2026-06-27,F03,Factory,P012,120,0,11,109,23,HIGH,9.91,4.739
2026-06-28,F03,Factory,P012,109,2,9,102,23,HIGH,11.33,4.435
2026-06-29,F03,Factory,P012,102,3,3,102,23,LOW,34.0,4.435
2026-06-30,F03,Factory,P012,102,0,9,93,23,HIGH,10.33,4.043
2026-06-01,F03,Factory,P013,266,11,4,273,58,LOW,68.25,4.707
2026-06-02,F03,Factory,P013,273,16,4,285,58,LOW,71.25,4.914
2026-06-03,F03,Factory,P013,285,27,2,310,58,LOW,155.0,5.345
2026-06-04,F03,Factory,P013,310,18,12,316,58,LOW,26.33,5.448
2026-06-05,F03,Factory,P013,316,1,1,316,58,LOW,316.0,5.448
2026-06-06,F03,Factory,P013,316,20,12,324,58,LOW,27.0,5.586
2026-06-07,F03,Factory,P013,324,5,4,325,58,LOW,81.25,5.603
2026-06-08,F03,Factory,P013,325,32,23,334,58,MEDIUM,14.52,5.759
2026-06-09,F03,Factory,P013,334,24,27,331,58,MEDIUM,12.26,5.707
2026-06-10,F03,Factory,P013,331,2,22,311,58,MEDIUM,14.14,5.362
2026-06-11,F03,Factory,P013,311,28,6,333,58,LOW,55.5,5.741
2026-06-12,F03,Factory,P013,333,21,25,329,58,MEDIUM,13.16,5.672
2026-06-13,F03,Factory,P013,329,24,7,346,58,LOW,49.43,5.966
2026-06-14,F03,Factory,P013,346,28,25,349,58,MEDIUM,13.96,6.017
2026-06-15,F03,Factory,P013,349,0,19,330,58,MEDIUM,17.37,5.69
2026-06-16,F03,Factory,P013,330,20,12,338,58,LOW,28.17,5.828
2026-06-17,F03,Factory,P013,338,1,2,337,58,LOW,168.5,5.81
2026-06-18,F03,Factory,P013,337,31,27,341,58,MEDIUM,12.63,5.879
2026-06-19,F03,Factory,P013,341,17,31,327,58,HIGH,10.55,5.638
2026-06-20,F03,Factory,P013,327,37,21,343,58,MEDIUM,16.33,5.914
2026-06-21,F03,Factory,P013,343,24,32,335,58,HIGH,10.47,5.776
2026-06-22,F03,Factory,P013,335,25,30,330,58,HIGH,11.0,5.69
2026-06-23,F03,Factory,P013,330,40,6,364,58,LOW,60.67,6.276
2026-06-24,F03,Factory,P013,364,29,26,367,58,MEDIUM,14.12,6.328
2026-06-25,F03,Factory,P013,367,36,12,391,58,LOW,32.58,6.741
2026-06-26,F03,Factory,P013,391,41,19,413,58,MEDIUM,21.74,7.121
2026-06-27,F03,Factory,P013,413,19,6,426,58,LOW,71.0,7.345
2026-06-28,F03,Factory,P013,426,17,40,403,58,HIGH,10.07,6.948
2026-06-29,F03,Factory,P013,403,35,29,409,58,MEDIUM,14.1,7.052
2026-06-30,F03,Factory,P013,409,45,10,444,58,LOW,44.4,7.655
2026-06-01,F03,Factory,P014,394,32,28,398,86,MEDIUM,14.21,4.628
2026-06-02,F03,Factory,P014,412,43,33,422,86,MEDIUM,12.79,4.907
2026-06-03,F03,Factory,P014,438,46,127,357,86,CRITICAL,2.81,4.151
2026-06-04,F03,Factory,P014,452,43,111,384,86,CRITICAL,3.46,4.465
2026-06-05,F03,Factory,P014,454,44,31,467,86,MEDIUM,15.06,5.43
2026-06-06,F03,Factory,P014,484,31,70,445,86,HIGH,6.36,5.174
2026-06-07,F03,Factory,P014,493,3,122,374,86,CRITICAL,3.07,4.349
2026-06-08,F03,Factory,P014,467,25,35,457,86,MEDIUM,13.06,5.314
2026-06-09,F03,Factory,P014,474,6,47,433,86,HIGH,9.21,5.035
2026-06-10,F03,Factory,P014,457,33,12,478,86,LOW,39.83,5.558
2026-06-11,F03,Factory,P014,486,38,29,495,86,MEDIUM,17.07,5.756
2026-06-12,F03,Factory,P014,516,9,62,463,86,HIGH,7.47,5.384
2026-06-13,F03,Factory,P014,505,24,186,343,86,CRITICAL,1.84,3.988
2026-06-14,F03,Factory,P014,484,4,32,456,86,MEDIUM,14.25,5.302
2026-06-15,F03,Factory,P014,472,43,30,485,86,MEDIUM,16.17,5.64
2026-06-16,F03,Factory,P014,504,61,103,462,86,CRITICAL,4.49,5.372
2026-06-17,F03,Factory,P014,528,62,135,455,86,CRITICAL,3.37,5.291
2026-06-18,F03,Factory,P014,541,7,75,473,86,HIGH,6.31,5.5
2026-06-19,F03,Factory,P014,524,48,0,572,86,LOW,999.0,6.651
2026-06-20,F03,Factory,P014,572,32,105,499,86,CRITICAL,4.75,5.802
2026-06-21,F03,Factory,P014,565,55,87,533,86,HIGH,6.13,6.198
2026-06-22,F03,Factory,P014,597,63,88,572,86,HIGH,6.5,6.651
2026-06-23,F03,Factory,P014,621,3,56,568,86,HIGH,10.14,6.605
2026-06-24,F03,Factory,P014,607,70,0,677,86,LOW,999.0,7.872
2026-06-25,F03,Factory,P014,677,9,75,611,86,HIGH,8.15,7.105
2026-06-26,F03,Factory,P014,663,81,100,644,86,HIGH,6.44,7.488
2026-06-27,F03,Factory,P014,698,12,116,594,86,HIGH,5.12,6.907
2026-06-28,F03,Factory,P014,683,79,58,704,86,MEDIUM,12.14,8.186
2026-06-29,F03,Factory,P014,748,53,135,666,86,CRITICAL,4.93,7.744
2026-06-30,F03,Factory,P014,767,72,236,603,86,CRITICAL,2.56,7.012
2026-06-01,F03,Factory,P015,218,22,5,235,47,LOW,47.0,5.0
2026-06-02,F03,Factory,P015,238,13,47,204,47,CRITICAL,4.34,4.34
2026-06-03,F03,Factory,P015,236,12,40,208,47,HIGH,5.2,4.426
2026-06-04,F03,Factory,P015,233,18,33,218,47,HIGH,6.61,4.638
2026-06-05,F03,Factory,P015,243,3,55,191,47,CRITICAL,3.47,4.064
2026-06-06,F03,Factory,P015,223,22,47,198,47,CRITICAL,4.21,4.213
2026-06-07,F03,Factory,P015,226,8,22,212,47,HIGH,9.64,4.511
2026-06-08,F03,Factory,P015,228,9,0,237,47,LOW,999.0,5.043
2026-06-09,F03,Factory,P015,237,4,26,215,47,HIGH,8.27,4.574
2026-06-10,F03,Factory,P015,234,28,10,252,47,LOW,25.2,5.362
2026-06-11,F03,Factory,P015,258,16,46,228,47,CRITICAL,4.96,4.851
2026-06-12,F03,Factory,P015,261,11,94,178,47,CRITICAL,1.89,3.787
2026-06-13,F03,Factory,P015,249,2,68,183,47,CRITICAL,2.69,3.894
2026-06-14,F03,Factory,P015,231,20,17,234,47,MEDIUM,13.76,4.979
2026-06-15,F03,Factory,P015,244,23,20,247,47,MEDIUM,12.35,5.255
2026-06-16,F03,Factory,P015,257,31,0,288,47,LOW,999.0,6.128
2026-06-17,F03,Factory,P015,288,1,32,257,47,HIGH,8.03,5.468
2026-06-18,F03,Factory,P015,274,31,3,302,47,LOW,100.67,6.426
2026-06-19,F03,Factory,P015,304,29,78,255,47,CRITICAL,3.27,5.426
2026-06-20,F03,Factory,P015,305,18,65,258,47,CRITICAL,3.97,5.489
2026-06-21,F03,Factory,P015,297,28,15,310,47,MEDIUM,20.67,6.596
2026-06-22,F03,Factory,P015,319,33,90,262,47,CRITICAL,2.91,5.574
2026-06-23,F03,Factory,P015,331,0,40,291,47,HIGH,7.28,6.191
2026-06-24,F03,Factory,P015,313,25,64,274,47,CRITICAL,4.28,5.83
2026-06-25,F03,Factory,P015,314,30,43,301,47,HIGH,7.0,6.404
2026-06-26,F03,Factory,P015,330,12,11,331,47,LOW,30.09,7.043
2026-06-27,F03,Factory,P015,336,3,88,251,47,CRITICAL,2.85,5.34
2026-06-28,F03,Factory,P015,318,37,4,351,47,LOW,87.75,7.468
2026-06-29,F03,Factory,P015,353,30,72,311,47,CRITICAL,4.32,6.617
2026-06-30,F03,Factory,P015,363,7,24,346,47,MEDIUM,14.42,7.362
2026-06-01,F04,Factory,P001,75,2,4,73,16,MEDIUM,18.25,4.562
2026-06-02,F04,Factory,P001,73,2,5,70,16,MEDIUM,14.0,4.375
2026-06-03,F04,Factory,P001,70,2,0,72,16,LOW,999.0,4.5
2026-06-04,F04,Factory,P001,72,0,2,70,16,LOW,35.0,4.375
2026-06-05,F04,Factory,P001,70,3,5,68,16,MEDIUM,13.6,4.25
2026-06-06,F04,Factory,P001,68,3,0,71,16,LOW,999.0,4.438
2026-06-07,F04,Factory,P001,71,1,3,69,16,MEDIUM,23.0,4.312
2026-06-08,F04,Factory,P001,69,2,4,67,16,MEDIUM,16.75,4.188
2026-06-09,F04,Factory,P001,67,7,2,72,16,LOW,36.0,4.5
2026-06-10,F04,Factory,P001,72,4,5,71,16,MEDIUM,14.2,4.438
2026-06-11,F04,Factory,P001,71,1,3,69,16,MEDIUM,23.0,4.312
2026-06-12,F04,Factory,P001,69,2,3,68,16,MEDIUM,22.67,4.25
2026-06-13,F04,Factory,P001,68,5,0,73,16,LOW,999.0,4.562
2026-06-14,F04,Factory,P001,73,1,0,74,16,LOW,999.0,4.625
2026-06-15,F04,Factory,P001,74,0,0,74,16,LOW,999.0,4.625
2026-06-16,F04,Factory,P001,74,6,6,74,16,MEDIUM,12.33,4.625
2026-06-17,F04,Factory,P001,74,3,6,71,16,HIGH,11.83,4.438
2026-06-18,F04,Factory,P001,71,5,5,71,16,MEDIUM,14.2,4.438
2026-06-19,F04,Factory,P001,71,5,1,75,16,LOW,75.0,4.688
2026-06-20,F04,Factory,P001,75,4,3,76,16,LOW,25.33,4.75
2026-06-21,F04,Factory,P001,76,5,5,76,16,MEDIUM,15.2,4.75
2026-06-22,F04,Factory,P001,76,1,4,73,16,MEDIUM,18.25,4.562
2026-06-23,F04,Factory,P001,73,7,0,80,16,LOW,999.0,5.0
2026-06-24,F04,Factory,P001,80,4,7,77,16,HIGH,11.0,4.812
2026-06-25,F04,Factory,P001,77,0,1,76,16,LOW,76.0,4.75
2026-06-26,F04,Factory,P001,76,7,1,82,16,LOW,82.0,5.125
2026-06-27,F04,Factory,P001,82,7,7,82,16,HIGH,11.71,5.125
2026-06-28,F04,Factory,P001,82,4,3,83,16,LOW,27.67,5.188
2026-06-29,F04,Factory,P001,83,4,2,85,16,LOW,42.5,5.312
2026-06-30,F04,Factory,P001,85,3,4,84,16,MEDIUM,21.0,5.25
2026-06-01,F04,Factory,P002,114,12,10,116,25,HIGH,11.6,4.64
2026-06-02,F04,Factory,P002,116,12,1,127,25,LOW,127.0,5.08
2026-06-03,F04,Factory,P002,127,4,9,122,25,MEDIUM,13.56,4.88
2026-06-04,F04,Factory,P002,122,8,4,126,25,LOW,31.5,5.04
2026-06-05,F04,Factory,P002,126,4,1,129,25,LOW,129.0,5.16
2026-06-06,F04,Factory,P002,129,5,5,129,25,LOW,25.8,5.16
2026-06-07,F04,Factory,P002,129,6,6,129,25,MEDIUM,21.5,5.16
2026-06-08,F04,Factory,P002,129,4,2,131,25,LOW,65.5,5.24
2026-06-09,F04,Factory,P002,131,14,5,140,25,LOW,28.0,5.6
2026-06-10,F04,Factory,P002,140,4,8,136,25,MEDIUM,17.0,5.44
2026-06-11,F04,Factory,P002,136,9,7,138,25,MEDIUM,19.71,5.52
2026-06-12,F04,Factory,P002,138,3,9,132,25,MEDIUM,14.67,5.28
2026-06-13,F04,Factory,P002,132,3,10,125,25,MEDIUM,12.5,5.0
2026-06-14,F04,Factory,P002,125,6,4,127,25,LOW,31.75,5.08
2026-06-15,F04,Factory,P002,127,5,5,127,25,LOW,25.4,5.08
2026-06-16,F04,Factory,P002,127,9,5,131,25,LOW,26.2,5.24
2026-06-17,F04,Factory,P002,131,2,7,126,25,MEDIUM,18.0,5.04
2026-06-18,F04,Factory,P002,126,4,1,129,25,LOW,129.0,5.16
2026-06-19,F04,Factory,P002,129,13,3,139,25,LOW,46.33,5.56
2026-06-20,F04,Factory,P002,139,10,2,147,25,LOW,73.5,5.88
2026-06-21,F04,Factory,P002,147,6,5,148,25,LOW,29.6,5.92
2026-06-22,F04,Factory,P002,148,2,13,137,25,HIGH,10.54,5.48
2026-06-23,F04,Factory,P002,137,5,7,135,25,MEDIUM,19.29,5.4
2026-06-24,F04,Factory,P002,135,9,5,139,25,LOW,27.8,5.56
2026-06-25,F04,Factory,P002,139,9,7,141,25,MEDIUM,20.14,5.64
2026-06-26,F04,Factory,P002,141,1,9,133,25,MEDIUM,14.78,5.32
2026-06-27,F04,Factory,P002,133,1,5,129,25,LOW,25.8,5.16
2026-06-28,F04,Factory,P002,129,5,5,129,25,LOW,25.8,5.16
2026-06-29,F04,Factory,P002,129,1,8,122,25,MEDIUM,15.25,4.88
2026-06-30,F04,Factory,P002,122,6,0,128,25,LOW,999.0,5.12
2026-06-01,F04,Factory,P003,179,0,9,170,39,MEDIUM,18.89,4.359
2026-06-02,F04,Factory,P003,170,13,9,174,39,MEDIUM,19.33,4.462
2026-06-03,F04,Factory,P003,174,15,12,177,39,MEDIUM,14.75,4.538
2026-06-04,F04,Factory,P003,177,19,16,180,39,HIGH,11.25,4.615
2026-06-05,F04,Factory,P003,180,19,14,185,39,MEDIUM,13.21,4.744
2026-06-06,F04,Factory,P003,185,9,9,185,39,MEDIUM,20.56,4.744
2026-06-07,F04,Factory,P003,185,14,3,196,39,LOW,65.33,5.026
2026-06-08,F04,Factory,P003,196,16,11,201,39,MEDIUM,18.27,5.154
2026-06-09,F04,Factory,P003,201,13,16,198,39,MEDIUM,12.38,5.077
2026-06-10,F04,Factory,P003,198,16,17,197,39,HIGH,11.59,5.051
2026-06-11,F04,Factory,P003,197,23,15,205,39,MEDIUM,13.67,5.256
2026-06-12,F04,Factory,P003,205,7,3,209,39,LOW,69.67,5.359
2026-06-13,F04,Factory,P003,209,7,14,202,39,MEDIUM,14.43,5.179
2026-06-14,F04,Factory,P003,202,21,17,206,39,MEDIUM,12.12,5.282
2026-06-15,F04,Factory,P003,206,17,13,210,39,MEDIUM,16.15,5.385
2026-06-16,F04,Factory,P003,210,24,14,220,39,MEDIUM,15.71,5.641
2026-06-17,F04,Factory,P003,220,3,11,212,39,MEDIUM,19.27,5.436
2026-06-18,F04,Factory,P003,212,9,13,208,39,MEDIUM,16.0,5.333
2026-06-19,F04,Factory,P003,208,16,5,219,39,LOW,43.8,5.615
2026-06-20,F04,Factory,P003,219,8,1,226,39,LOW,226.0,5.795
2026-06-21,F04,Factory,P003,226,8,18,216,39,MEDIUM,12.0,5.538
2026-06-22,F04,Factory,P003,216,17,19,214,39,HIGH,11.26,5.487
2026-06-23,F04,Factory,P003,214,24,17,221,39,MEDIUM,13.0,5.667
2026-06-24,F04,Factory,P003,221,4,7,218,39,LOW,31.14,5.59
2026-06-25,F04,Factory,P003,218,1,1,218,39,LOW,218.0,5.59
2026-06-26,F04,Factory,P003,218,6,5,219,39,LOW,43.8,5.615
2026-06-27,F04,Factory,P003,219,0,17,202,39,HIGH,11.88,5.179
2026-06-28,F04,Factory,P003,202,13,13,202,39,MEDIUM,15.54,5.179
2026-06-29,F04,Factory,P003,202,16,19,199,39,HIGH,10.47,5.103
2026-06-30,F04,Factory,P003,199,3,6,196,39,LOW,32.67,5.026
2026-06-01,F04,Factory,P004,105,4,20,89,23,CRITICAL,4.45,3.87
2026-06-02,F04,Factory,P004,104,6,25,85,23,CRITICAL,3.4,3.696
2026-06-03,F04,Factory,P004,103,6,8,101,23,MEDIUM,12.62,4.391
2026-06-04,F04,Factory,P004,107,7,27,87,23,CRITICAL,3.22,3.783
2026-06-05,F04,Factory,P004,105,7,16,96,23,HIGH,6.0,4.174
2026-06-06,F04,Factory,P004,107,2,0,109,23,LOW,999.0,4.739
2026-06-07,F04,Factory,P004,109,2,0,111,23,LOW,999.0,4.826
2026-06-08,F04,Factory,P004,111,5,29,87,23,CRITICAL,3.0,3.783
2026-06-09,F04,Factory,P004,107,5,14,98,23,HIGH,7.0,4.261
2026-06-10,F04,Factory,P004,106,11,18,99,23,HIGH,5.5,4.304
2026-06-11,F04,Factory,P004,110,8,22,96,23,CRITICAL,4.36,4.174
2026-06-12,F04,Factory,P004,110,3,8,105,23,MEDIUM,13.12,4.565
2026-06-13,F04,Factory,P004,109,5,21,93,23,CRITICAL,4.43,4.043
2026-06-14,F04,Factory,P004,107,5,17,95,23,HIGH,5.59,4.13
2026-06-15,F04,Factory,P004,103,2,3,102,23,LOW,34.0,4.435
2026-06-16,F04,Factory,P004,104,9,26,87,23,CRITICAL,3.35,3.783
2026-06-17,F04,Factory,P004,106,8,10,104,23,HIGH,10.4,4.522
2026-06-18,F04,Factory,P004,111,0,11,100,23,HIGH,9.09,4.348
2026-06-19,F04,Factory,P004,108,6,8,106,23,MEDIUM,13.25,4.609
2026-06-20,F04,Factory,P004,110,11,18,103,23,HIGH,5.72,4.478
2026-06-21,F04,Factory,P004,112,10,0,122,23,LOW,999.0,5.304
2026-06-22,F04,Factory,P004,122,1,20,103,23,HIGH,5.15,4.478
2026-06-23,F04,Factory,P004,118,8,26,100,23,CRITICAL,3.85,4.348
2026-06-24,F04,Factory,P004,119,4,4,119,23,LOW,29.75,5.174
2026-06-25,F04,Factory,P004,122,4,33,93,23,CRITICAL,2.82,4.043
2026-06-26,F04,Factory,P004,117,13,37,93,23,CRITICAL,2.51,4.043
2026-06-27,F04,Factory,P004,120,8,4,124,23,LOW,31.0,5.391
2026-06-28,F04,Factory,P004,127,14,4,137,23,LOW,34.25,5.957
2026-06-29,F04,Factory,P004,140,4,27,117,23,CRITICAL,4.33,5.087
2026-06-30,F04,Factory,P004,131,8,4,135,23,LOW,33.75,5.87
2026-06-01,F04,Factory,P005,294,18,2,310,64,LOW,155.0,4.844
2026-06-02,F04,Factory,P005,310,11,29,292,64,HIGH,10.07,4.562
2026-06-03,F04,Factory,P005,292,10,25,277,64,HIGH,11.08,4.328
2026-06-04,F04,Factory,P005,277,18,17,278,64,MEDIUM,16.35,4.344
2026-06-05,F04,Factory,P005,278,23,14,287,64,MEDIUM,20.5,4.484
2026-06-06,F04,Factory,P005,287,1,25,263,64,HIGH,10.52,4.109
2026-06-07,F04,Factory,P005,263,15,17,261,64,MEDIUM,15.35,4.078
2026-06-08,F04,Factory,P005,261,17,17,261,64,MEDIUM,15.35,4.078
2026-06-09,F04,Factory,P005,261,11,21,251,64,HIGH,11.95,3.922
2026-06-10,F04,Factory,P005,251,6,16,241,64,MEDIUM,15.06,3.766
2026-06-11,F04,Factory,P005,241,17,12,246,64,MEDIUM,20.5,3.844
2026-06-12,F04,Factory,P005,246,0,9,237,64,LOW,26.33,3.703
2026-06-13,F04,Factory,P005,237,1,11,227,64,MEDIUM,20.64,3.547
2026-06-14,F04,Factory,P005,227,19,11,235,64,MEDIUM,21.36,3.672
2026-06-15,F04,Factory,P005,235,21,8,248,64,LOW,31.0,3.875
2026-06-16,F04,Factory,P005,248,9,10,247,64,MEDIUM,24.7,3.859
2026-06-17,F04,Factory,P005,247,6,19,234,64,MEDIUM,12.32,3.656
2026-06-18,F04,Factory,P005,234,23,9,248,64,LOW,27.56,3.875
2026-06-19,F04,Factory,P005,248,24,0,272,64,LOW,999.0,4.25
2026-06-20,F04,Factory,P005,272,5,7,270,64,LOW,38.57,4.219
2026-06-21,F04,Factory,P005,270,12,6,276,64,LOW,46.0,4.312
2026-06-22,F04,Factory,P005,276,17,21,272,64,MEDIUM,12.95,4.25
2026-06-23,F04,Factory,P005,272,15,12,275,64,MEDIUM,22.92,4.297
2026-06-24,F04,Factory,P005,275,2,7,270,64,LOW,38.57,4.219
2026-06-25,F04,Factory,P005,270,26,21,275,64,MEDIUM,13.1,4.297
2026-06-26,F04,Factory,P005,275,3,0,278,64,LOW,999.0,4.344
2026-06-27,F04,Factory,P005,278,28,4,302,64,LOW,75.5,4.719
2026-06-28,F04,Factory,P005,302,21,24,299,64,MEDIUM,12.46,4.672
2026-06-29,F04,Factory,P005,299,29,15,313,64,MEDIUM,20.87,4.891
2026-06-30,F04,Factory,P005,313,14,23,304,64,MEDIUM,13.22,4.75
2026-06-01,F04,Factory,P006,243,20,56,207,53,CRITICAL,3.7,3.906
2026-06-02,F04,Factory,P006,243,15,71,187,53,CRITICAL,2.63,3.528
2026-06-03,F04,Factory,P006,236,22,4,254,53,LOW,63.5,4.792
2026-06-04,F04,Factory,P006,257,9,52,214,53,CRITICAL,4.12,4.038
2026-06-05,F04,Factory,P006,247,3,44,206,53,CRITICAL,4.68,3.887
2026-06-06,F04,Factory,P006,233,9,15,227,53,MEDIUM,15.13,4.283
2026-06-07,F04,Factory,P006,238,15,53,200,53,CRITICAL,3.77,3.774
2026-06-08,F04,Factory,P006,232,26,36,222,53,HIGH,6.17,4.189
2026-06-09,F04,Factory,P006,249,0,49,200,53,CRITICAL,4.08,3.774
2026-06-10,F04,Factory,P006,228,25,36,217,53,HIGH,6.03,4.094
2026-06-11,F04,Factory,P006,240,18,35,223,53,HIGH,6.37,4.208
2026-06-12,F04,Factory,P006,246,0,8,238,53,LOW,29.75,4.491
2026-06-13,F04,Factory,P006,243,4,40,207,53,HIGH,5.18,3.906
2026-06-14,F04,Factory,P006,226,1,30,197,53,HIGH,6.57,3.717
2026-06-15,F04,Factory,P006,215,9,0,224,53,LOW,999.0,4.226
2026-06-16,F04,Factory,P006,224,25,0,249,53,LOW,999.0,4.698
2026-06-17,F04,Factory,P006,249,26,70,205,53,CRITICAL,2.93,3.868
2026-06-18,F04,Factory,P006,257,25,8,274,53,LOW,34.25,5.17
2026-06-19,F04,Factory,P006,278,29,46,261,53,HIGH,5.67,4.925
2026-06-20,F04,Factory,P006,291,14,38,267,53,HIGH,7.03,5.038
2026-06-21,F04,Factory,P006,286,11,30,267,53,HIGH,8.9,5.038
2026-06-22,F04,Factory,P006,290,10,62,238,53,CRITICAL,3.84,4.491
2026-06-23,F04,Factory,P006,284,21,26,279,53,HIGH,10.73,5.264
2026-06-24,F04,Factory,P006,299,9,113,195,53,CRITICAL,1.73,3.679
2026-06-25,F04,Factory,P006,281,18,65,234,53,CRITICAL,3.6,4.415
2026-06-26,F04,Factory,P006,275,11,25,261,53,HIGH,10.44,4.925
2026-06-27,F04,Factory,P006,279,9,37,251,53,HIGH,6.78,4.736
2026-06-28,F04,Factory,P006,274,26,54,246,53,CRITICAL,4.56,4.642
2026-06-29,F04,Factory,P006,287,10,76,221,53,CRITICAL,2.91,4.17
2026-06-30,F04,Factory,P006,271,18,28,261,53,HIGH,9.32,4.925
2026-06-01,F04,Factory,P007,142,0,29,113,31,CRITICAL,3.9,3.645
2026-06-02,F04,Factory,P007,135,9,48,96,31,CRITICAL,2.0,3.097
2026-06-03,F04,Factory,P007,132,3,9,126,31,MEDIUM,14.0,4.065
2026-06-04,F04,Factory,P007,133,15,14,134,31,HIGH,9.57,4.323
2026-06-05,F04,Factory,P007,141,0,3,138,31,LOW,46.0,4.452
2026-06-06,F04,Factory,P007,140,8,21,127,31,HIGH,6.05,4.097
2026-06-07,F04,Factory,P007,140,4,15,129,31,HIGH,8.6,4.161
2026-06-08,F04,Factory,P007,139,12,37,114,31,CRITICAL,3.08,3.677
2026-06-09,F04,Factory,P007,139,8,13,134,31,HIGH,10.31,4.323
2026-06-10,F04,Factory,P007,142,6,4,144,31,LOW,36.0,4.645
2026-06-11,F04,Factory,P007,147,0,27,120,31,CRITICAL,4.44,3.871
2026-06-12,F04,Factory,P007,136,0,36,100,31,CRITICAL,2.78,3.226
2026-06-13,F04,Factory,P007,126,3,32,97,31,CRITICAL,3.03,3.129
2026-06-14,F04,Factory,P007,121,14,27,108,31,CRITICAL,4.0,3.484
2026-06-15,F04,Factory,P007,127,10,8,129,31,MEDIUM,16.12,4.161
2026-06-16,F04,Factory,P007,134,9,19,124,31,HIGH,6.53,4.0
2026-06-17,F04,Factory,P007,135,6,0,141,31,LOW,999.0,4.548
2026-06-18,F04,Factory,P007,141,15,8,148,31,MEDIUM,18.5,4.774
2026-06-19,F04,Factory,P007,154,18,40,132,31,CRITICAL,3.3,4.258
2026-06-20,F04,Factory,P007,159,0,22,137,31,HIGH,6.23,4.419
2026-06-21,F04,Factory,P007,148,11,13,146,31,HIGH,11.23,4.71
2026-06-22,F04,Factory,P007,156,15,4,167,31,LOW,41.75,5.387
2026-06-23,F04,Factory,P007,170,5,64,111,31,CRITICAL,1.73,3.581
2026-06-24,F04,Factory,P007,159,14,3,170,31,LOW,56.67,5.484
2026-06-25,F04,Factory,P007,172,3,17,158,31,HIGH,9.29,5.097
2026-06-26,F04,Factory,P007,171,1,7,165,31,MEDIUM,23.57,5.323
2026-06-27,F04,Factory,P007,169,12,0,181,31,LOW,999.0,5.839
2026-06-28,F04,Factory,P007,181,6,21,166,31,HIGH,7.9,5.355
2026-06-29,F04,Factory,P007,182,21,70,133,31,CRITICAL,1.9,4.29
2026-06-30,F04,Factory,P007,186,19,19,186,31,HIGH,9.79,6.0
2026-06-01,F04,Factory,P008,288,18,14,292,63,MEDIUM,20.86,4.635
2026-06-02,F04,Factory,P008,292,30,21,301,63,MEDIUM,14.33,4.778
2026-06-03,F04,Factory,P008,301,33,16,318,63,MEDIUM,19.88,5.048
2026-06-04,F04,Factory,P008,318,35,23,330,63,MEDIUM,14.35,5.238
2026-06-05,F04,Factory,P008,330,30,21,339,63,MEDIUM,16.14,5.381
2026-06-06,F04,Factory,P008,339,14,20,333,63,MEDIUM,16.65,5.286
2026-06-07,F04,Factory,P008,333,14,21,326,63,MEDIUM,15.52,5.175
2026-06-08,F04,Factory,P008,326,10,25,311,63,MEDIUM,12.44,4.937
2026-06-09,F04,Factory,P008,311,21,22,310,63,MEDIUM,14.09,4.921
2026-06-10,F04,Factory,P008,310,8,24,294,63,MEDIUM,12.25,4.667
2026-06-11,F04,Factory,P008,294,28,4,318,63,LOW,79.5,5.048
2026-06-12,F04,Factory,P008,318,13,21,310,63,MEDIUM,14.76,4.921
2026-06-13,F04,Factory,P008,310,33,22,321,63,MEDIUM,14.59,5.095
2026-06-14,F04,Factory,P008,321,18,9,330,63,LOW,36.67,5.238
2026-06-15,F04,Factory,P008,330,37,28,339,63,MEDIUM,12.11,5.381
2026-06-16,F04,Factory,P008,339,37,10,366,63,LOW,36.6,5.81
2026-06-17,F04,Factory,P008,366,19,8,377,63,LOW,47.12,5.984
2026-06-18,F04,Factory,P008,377,44,32,389,63,MEDIUM,12.16,6.175
2026-06-19,F04,Factory,P008,389,8,9,388,63,LOW,43.11,6.159
2026-06-20,F04,Factory,P008,388,26,15,399,63,LOW,26.6,6.333
2026-06-21,F04,Factory,P008,399,22,14,407,63,LOW,29.07,6.46
2026-06-22,F04,Factory,P008,407,33,35,405,63,HIGH,11.57,6.429
2026-06-23,F04,Factory,P008,405,45,18,432,63,MEDIUM,24.0,6.857
2026-06-24,F04,Factory,P008,432,44,29,447,63,MEDIUM,15.41,7.095
2026-06-25,F04,Factory,P008,447,10,34,423,63,MEDIUM,12.44,6.714
2026-06-26,F04,Factory,P008,423,18,26,415,63,MEDIUM,15.96,6.587
2026-06-27,F04,Factory,P008,415,36,38,413,63,HIGH,10.87,6.556
2026-06-28,F04,Factory,P008,413,48,32,429,63,MEDIUM,13.41,6.81
2026-06-29,F04,Factory,P008,429,26,16,439,63,LOW,27.44,6.968
2026-06-30,F04,Factory,P008,439,23,40,422,63,HIGH,10.55,6.698
2026-06-01,F04,Factory,P009,138,3,13,128,30,HIGH,9.85,4.267
2026-06-02,F04,Factory,P009,135,10,0,145,30,LOW,999.0,4.833
2026-06-03,F04,Factory,P009,145,11,11,145,30,MEDIUM,13.18,4.833
2026-06-04,F04,Factory,P009,153,5,36,122,30,CRITICAL,3.39,4.067
2026-06-05,F04,Factory,P009,149,0,6,143,30,MEDIUM,23.83,4.767
2026-06-06,F04,Factory,P009,147,8,16,139,30,HIGH,8.69,4.633
2026-06-07,F04,Factory,P009,147,1,18,130,30,HIGH,7.22,4.333
2026-06-08,F04,Factory,P009,143,5,26,122,30,CRITICAL,4.69,4.067
2026-06-09,F04,Factory,P009,141,5,0,146,30,LOW,999.0,4.867
2026-06-10,F04,Factory,P009,146,9,37,118,30,CRITICAL,3.19,3.933
2026-06-11,F04,Factory,P009,144,10,22,132,30,HIGH,6.0,4.4
2026-06-12,F04,Factory,P009,149,8,3,154,30,LOW,51.33,5.133
2026-06-13,F04,Factory,P009,156,4,20,140,30,HIGH,7.0,4.667
2026-06-14,F04,Factory,P009,154,11,24,141,30,HIGH,5.88,4.7
2026-06-15,F04,Factory,P009,158,18,29,147,30,HIGH,5.07,4.9
2026-06-16,F04,Factory,P009,167,0,33,134,30,CRITICAL,4.06,4.467
2026-06-17,F04,Factory,P009,159,11,0,170,30,LOW,999.0,5.667
2026-06-18,F04,Factory,P009,170,8,44,134,30,CRITICAL,3.05,4.467
2026-06-19,F04,Factory,P009,164,7,15,156,30,HIGH,10.4,5.2
2026-06-20,F04,Factory,P009,164,4,4,164,30,LOW,41.0,5.467
2026-06-21,F04,Factory,P009,167,6,27,146,30,HIGH,5.41,4.867
2026-06-22,F04,Factory,P009,161,19,20,160,30,HIGH,8.0,5.333
2026-06-23,F04,Factory,P009,170,17,34,153,30,CRITICAL,4.5,5.1
2026-06-24,F04,Factory,P009,176,14,23,167,30,HIGH,7.26,5.567
2026-06-25,F04,Factory,P009,183,1,31,153,30,CRITICAL,4.94,5.1
2026-06-26,F04,Factory,P009,177,19,33,163,30,CRITICAL,4.94,5.433
2026-06-27,F04,Factory,P009,187,17,0,204,30,LOW,999.0,6.8
2026-06-28,F04,Factory,P009,204,5,14,195,30,MEDIUM,13.93,6.5
2026-06-29,F04,Factory,P009,204,8,60,152,30,CRITICAL,2.53,5.067
2026-06-30,F04,Factory,P009,193,11,52,152,30,CRITICAL,2.92,5.067
2026-06-01,F04,Factory,P010,93,7,3,97,20,LOW,32.33,4.85
2026-06-02,F04,Factory,P010,97,11,2,106,20,LOW,53.0,5.3
2026-06-03,F04,Factory,P010,106,0,7,99,20,MEDIUM,14.14,4.95
2026-06-04,F04,Factory,P010,99,7,2,104,20,LOW,52.0,5.2
2026-06-05,F04,Factory,P010,104,11,1,114,20,LOW,114.0,5.7
2026-06-06,F04,Factory,P010,114,3,1,116,20,LOW,116.0,5.8
2026-06-07,F04,Factory,P010,116,2,8,110,20,MEDIUM,13.75,5.5
2026-06-08,F04,Factory,P010,110,9,7,112,20,MEDIUM,16.0,5.6
2026-06-09,F04,Factory,P010,112,12,0,124,20,LOW,999.0,6.2
2026-06-10,F04,Factory,P010,124,9,1,132,20,LOW,132.0,6.6
2026-06-11,F04,Factory,P010,132,15,8,139,20,MEDIUM,17.38,6.95
2026-06-12,F04,Factory,P010,139,12,7,144,20,MEDIUM,20.57,7.2
2026-06-13,F04,Factory,P010,144,6,9,141,20,MEDIUM,15.67,7.05
2026-06-14,F04,Factory,P010,141,14,2,153,20,LOW,76.5,7.65
2026-06-15,F04,Factory,P010,153,16,10,159,20,MEDIUM,15.9,7.95
2026-06-16,F04,Factory,P010,159,1,14,146,20,HIGH,10.43,7.3
2026-06-17,F04,Factory,P010,146,3,8,141,20,MEDIUM,17.62,7.05
2026-06-18,F04,Factory,P010,141,2,2,141,20,LOW,70.5,7.05
2026-06-19,F04,Factory,P010,141,10,9,142,20,MEDIUM,15.78,7.1
2026-06-20,F04,Factory,P010,142,11,4,149,20,LOW,37.25,7.45
2026-06-21,F04,Factory,P010,149,14,0,163,20,LOW,999.0,8.15
2026-06-22,F04,Factory,P010,163,17,4,176,20,LOW,44.0,8.8
2026-06-23,F04,Factory,P010,176,13,15,174,20,HIGH,11.6,8.7
2026-06-24,F04,Factory,P010,174,5,6,173,20,LOW,28.83,8.65
2026-06-25,F04,Factory,P010,173,17,14,176,20,MEDIUM,12.57,8.8
2026-06-26,F04,Factory,P010,176,5,8,173,20,MEDIUM,21.62,8.65
2026-06-27,F04,Factory,P010,173,6,8,171,20,MEDIUM,21.38,8.55
2026-06-28,F04,Factory,P010,171,7,0,178,20,LOW,999.0,8.9
2026-06-29,F04,Factory,P010,178,20,10,188,20,MEDIUM,18.8,9.4
2026-06-30,F04,Factory,P010,188,10,1,197,20,LOW,197.0,9.85
2026-06-01,F04,Factory,P011,428,3,59,372,94,HIGH,6.31,3.957
2026-06-02,F04,Factory,P011,411,33,39,405,94,HIGH,10.38,4.309
2026-06-03,F04,Factory,P011,434,40,51,423,94,HIGH,8.29,4.5
2026-06-04,F04,Factory,P011,458,0,59,399,94,HIGH,6.76,4.245
2026-06-05,F04,Factory,P011,434,9,0,443,94,LOW,999.0,4.713
2026-06-06,F04,Factory,P011,443,7,29,421,94,MEDIUM,14.52,4.479
2026-06-07,F04,Factory,P011,438,27,80,385,94,CRITICAL,4.81,4.096
2026-06-08,F04,Factory,P011,423,11,5,429,94,LOW,85.8,4.564
2026-06-09,F04,Factory,P011,432,10,31,411,94,MEDIUM,13.26,4.372
2026-06-10,F04,Factory,P011,429,10,37,402,94,HIGH,10.86,4.277
2026-06-11,F04,Factory,P011,426,51,62,415,94,HIGH,6.69,4.415
2026-06-12,F04,Factory,P011,462,36,89,409,94,CRITICAL,4.6,4.351
2026-06-13,F04,Factory,P011,467,7,44,430,94,HIGH,9.77,4.574
2026-06-14,F04,Factory,P011,463,23,69,417,94,HIGH,6.04,4.436
2026-06-15,F04,Factory,P011,465,0,56,409,94,HIGH,7.3,4.351
2026-06-16,F04,Factory,P011,436,16,31,421,94,MEDIUM,13.58,4.479
2026-06-17,F04,Factory,P011,439,32,169,302,94,CRITICAL,1.79,3.213
2026-06-18,F04,Factory,P011,431,45,143,333,94,CRITICAL,2.33,3.543
2026-06-19,F04,Factory,P011,434,22,21,435,94,MEDIUM,20.71,4.628
2026-06-20,F04,Factory,P011,451,12,40,423,94,HIGH,10.58,4.5
2026-06-21,F04,Factory,P011,448,16,33,431,94,MEDIUM,13.06,4.585
2026-06-22,F04,Factory,P011,455,8,31,432,94,MEDIUM,13.94,4.596
2026-06-23,F04,Factory,P011,455,36,95,396,94,CRITICAL,4.17,4.213
2026-06-24,F04,Factory,P011,469,2,49,422,94,HIGH,8.61,4.489
2026-06-25,F04,Factory,P011,446,46,77,415,94,HIGH,5.39,4.415
2026-06-26,F04,Factory,P011,474,18,35,457,94,MEDIUM,13.06,4.862
2026-06-27,F04,Factory,P011,480,22,52,450,94,HIGH,8.65,4.787
2026-06-28,F04,Factory,P011,489,56,153,392,94,CRITICAL,2.56,4.17
2026-06-29,F04,Factory,P011,498,21,149,370,94,CRITICAL,2.48,3.936
2026-06-30,F04,Factory,P011,474,50,8,516,94,LOW,64.5,5.489
2026-06-01,F04,Factory,P012,435,26,28,433,95,MEDIUM,15.46,4.558
2026-06-02,F04,Factory,P012,433,22,19,436,95,MEDIUM,22.95,4.589
2026-06-03,F04,Factory,P012,436,26,29,433,95,MEDIUM,14.93,4.558
2026-06-04,F04,Factory,P012,433,15,25,423,95,MEDIUM,16.92,4.453
2026-06-05,F04,Factory,P012,423,12,37,398,95,HIGH,10.76,4.189
2026-06-06,F04,Factory,P012,398,4,2,400,95,LOW,200.0,4.211
2026-06-07,F04,Factory,P012,400,1,13,388,95,LOW,29.85,4.084
2026-06-08,F04,Factory,P012,388,29,37,380,95,HIGH,10.27,4.0
2026-06-09,F04,Factory,P012,380,21,6,395,95,LOW,65.83,4.158
2026-06-10,F04,Factory,P012,395,18,4,409,95,LOW,102.25,4.305
2026-06-11,F04,Factory,P012,409,24,29,404,95,MEDIUM,13.93,4.253
2026-06-12,F04,Factory,P012,404,1,31,374,95,MEDIUM,12.06,3.937
2026-06-13,F04,Factory,P012,374,10,24,360,95,MEDIUM,15.0,3.789
2026-06-14,F04,Factory,P012,360,36,27,369,95,MEDIUM,13.67,3.884
2026-06-15,F04,Factory,P012,369,30,24,375,95,MEDIUM,15.62,3.947
2026-06-16,F04,Factory,P012,375,8,5,378,95,LOW,75.6,3.979
2026-06-17,F04,Factory,P012,378,17,22,373,95,MEDIUM,16.95,3.926
2026-06-18,F04,Factory,P012,373,28,28,373,95,MEDIUM,13.32,3.926
2026-06-19,F04,Factory,P012,373,14,32,355,95,HIGH,11.09,3.737
2026-06-20,F04,Factory,P012,355,19,8,366,95,LOW,45.75,3.853
2026-06-21,F04,Factory,P012,366,33,4,395,95,LOW,98.75,4.158
2026-06-22,F04,Factory,P012,395,19,30,384,95,MEDIUM,12.8,4.042
2026-06-23,F04,Factory,P012,384,37,9,412,95,LOW,45.78,4.337
2026-06-24,F04,Factory,P012,412,8,1,419,95,LOW,419.0,4.411
2026-06-25,F04,Factory,P012,419,4,33,390,95,HIGH,11.82,4.105
2026-06-26,F04,Factory,P012,390,37,19,408,95,MEDIUM,21.47,4.295
2026-06-27,F04,Factory,P012,408,29,13,424,95,LOW,32.62,4.463
2026-06-28,F04,Factory,P012,424,10,0,434,95,LOW,999.0,4.568
2026-06-29,F04,Factory,P012,434,36,1,469,95,LOW,469.0,4.937
2026-06-30,F04,Factory,P012,469,6,36,439,95,MEDIUM,12.19,4.621
2026-06-01,F04,Factory,P013,209,15,9,215,45,MEDIUM,23.89,4.778
2026-06-02,F04,Factory,P013,215,5,3,217,45,LOW,72.33,4.822
2026-06-03,F04,Factory,P013,217,12,7,222,45,LOW,31.71,4.933
2026-06-04,F04,Factory,P013,222,14,3,233,45,LOW,77.67,5.178
2026-06-05,F04,Factory,P013,233,6,2,237,45,LOW,118.5,5.267
2026-06-06,F04,Factory,P013,237,12,6,243,45,LOW,40.5,5.4
2026-06-07,F04,Factory,P013,243,6,13,236,45,MEDIUM,18.15,5.244
2026-06-08,F04,Factory,P013,236,14,4,246,45,LOW,61.5,5.467
2026-06-09,F04,Factory,P013,246,20,8,258,45,LOW,32.25,5.733
2026-06-10,F04,Factory,P013,258,10,11,257,45,MEDIUM,23.36,5.711
2026-06-11,F04,Factory,P013,257,4,10,251,45,LOW,25.1,5.578
2026-06-12,F04,Factory,P013,251,18,3,266,45,LOW,88.67,5.911
2026-06-13,F04,Factory,P013,266,18,1,283,45,LOW,283.0,6.289
2026-06-14,F04,Factory,P013,283,21,0,304,45,LOW,999.0,6.756
2026-06-15,F04,Factory,P013,304,6,10,300,45,LOW,30.0,6.667
2026-06-16,F04,Factory,P013,300,22,21,301,45,MEDIUM,14.33,6.689
2026-06-17,F04,Factory,P013,301,17,3,315,45,LOW,105.0,7.0
2026-06-18,F04,Factory,P013,315,15,24,306,45,MEDIUM,12.75,6.8
2026-06-19,F04,Factory,P013,306,3,21,288,45,MEDIUM,13.71,6.4
2026-06-20,F04,Factory,P013,288,13,0,301,45,LOW,999.0,6.689
2026-06-21,F04,Factory,P013,301,25,0,326,45,LOW,999.0,7.244
2026-06-22,F04,Factory,P013,326,14,6,334,45,LOW,55.67,7.422
2026-06-23,F04,Factory,P013,334,23,1,356,45,LOW,356.0,7.911
2026-06-24,F04,Factory,P013,356,4,18,342,45,MEDIUM,19.0,7.6
2026-06-25,F04,Factory,P013,342,41,1,382,45,LOW,382.0,8.489
2026-06-26,F04,Factory,P013,382,21,30,373,45,MEDIUM,12.43,8.289
2026-06-27,F04,Factory,P013,373,13,18,368,45,MEDIUM,20.44,8.178
2026-06-28,F04,Factory,P013,368,38,26,380,45,MEDIUM,14.62,8.444
2026-06-29,F04,Factory,P013,380,13,28,365,45,MEDIUM,13.04,8.111
2026-06-30,F04,Factory,P013,365,30,18,377,45,MEDIUM,20.94,8.378
2026-06-01,F04,Factory,P014,308,16,27,297,67,HIGH,11.0,4.433
2026-06-02,F04,Factory,P014,297,32,28,301,67,HIGH,10.75,4.493
2026-06-03,F04,Factory,P014,301,24,10,315,67,LOW,31.5,4.701
2026-06-04,F04,Factory,P014,315,4,3,316,67,LOW,105.33,4.716
2026-06-05,F04,Factory,P014,316,37,11,342,67,LOW,31.09,5.104
2026-06-06,F04,Factory,P014,342,4,7,339,67,LOW,48.43,5.06
2026-06-07,F04,Factory,P014,339,0,17,322,67,MEDIUM,18.94,4.806
2026-06-08,F04,Factory,P014,322,23,12,333,67,LOW,27.75,4.97
2026-06-09,F04,Factory,P014,333,30,15,348,67,MEDIUM,23.2,5.194
2026-06-10,F04,Factory,P014,348,41,25,364,67,MEDIUM,14.56,5.433
2026-06-11,F04,Factory,P014,364,3,9,358,67,LOW,39.78,5.343
2026-06-12,F04,Factory,P014,358,33,18,373,67,MEDIUM,20.72,5.567
2026-06-13,F04,Factory,P014,373,34,12,395,67,LOW,32.92,5.896
2026-06-14,F04,Factory,P014,395,1,30,366,67,MEDIUM,12.2,5.463
2026-06-15,F04,Factory,P014,366,35,23,378,67,MEDIUM,16.43,5.642
2026-06-16,F04,Factory,P014,378,19,0,397,67,LOW,999.0,5.925
2026-06-17,F04,Factory,P014,397,35,25,407,67,MEDIUM,16.28,6.075
2026-06-18,F04,Factory,P014,407,33,6,434,67,LOW,72.33,6.478
2026-06-19,F04,Factory,P014,434,39,31,442,67,MEDIUM,14.26,6.597
2026-06-20,F04,Factory,P014,442,47,24,465,67,MEDIUM,19.38,6.94
2026-06-21,F04,Factory,P014,465,42,18,489,67,LOW,27.17,7.299
2026-06-22,F04,Factory,P014,489,42,33,498,67,MEDIUM,15.09,7.433
2026-06-23,F04,Factory,P014,498,48,41,505,67,MEDIUM,12.32,7.537
2026-06-24,F04,Factory,P014,505,0,38,467,67,MEDIUM,12.29,6.97
2026-06-25,F04,Factory,P014,467,45,25,487,67,MEDIUM,19.48,7.269
2026-06-26,F04,Factory,P014,487,31,34,484,67,MEDIUM,14.24,7.224
2026-06-27,F04,Factory,P014,484,27,19,492,67,LOW,25.89,7.343
2026-06-28,F04,Factory,P014,492,49,38,503,67,MEDIUM,13.24,7.507
2026-06-29,F04,Factory,P014,503,12,41,474,67,HIGH,11.56,7.075
2026-06-30,F04,Factory,P014,474,19,6,487,67,LOW,81.17,7.269
2026-06-01,F04,Factory,P015,160,17,3,174,35,LOW,58.0,4.971
2026-06-02,F04,Factory,P015,174,4,4,174,35,LOW,43.5,4.971
2026-06-03,F04,Factory,P015,174,10,2,182,35,LOW,91.0,5.2
2026-06-04,F04,Factory,P015,182,3,7,178,35,LOW,25.43,5.086
2026-06-05,F04,Factory,P015,178,4,3,179,35,LOW,59.67,5.114
2026-06-06,F04,Factory,P015,179,20,10,189,35,MEDIUM,18.9,5.4
2026-06-07,F04,Factory,P015,189,0,1,188,35,LOW,188.0,5.371
2026-06-08,F04,Factory,P015,188,18,4,202,35,LOW,50.5,5.771
2026-06-09,F04,Factory,P015,202,3,13,192,35,MEDIUM,14.77,5.486
2026-06-10,F04,Factory,P015,192,20,7,205,35,LOW,29.29,5.857
2026-06-11,F04,Factory,P015,205,18,8,215,35,LOW,26.88,6.143
2026-06-12,F04,Factory,P015,215,2,16,201,35,MEDIUM,12.56,5.743
2026-06-13,F04,Factory,P015,201,22,19,204,35,HIGH,10.74,5.829
2026-06-14,F04,Factory,P015,204,2,11,195,35,MEDIUM,17.73,5.571
2026-06-15,F04,Factory,P015,195,14,1,208,35,LOW,208.0,5.943
2026-06-16,F04,Factory,P015,208,24,2,230,35,LOW,115.0,6.571
2026-06-17,F04,Factory,P015,230,7,22,215,35,HIGH,9.77,6.143
2026-06-18,F04,Factory,P015,215,14,14,215,35,MEDIUM,15.36,6.143
2026-06-19,F04,Factory,P015,215,12,15,212,35,MEDIUM,14.13,6.057
2026-06-20,F04,Factory,P015,212,2,14,200,35,MEDIUM,14.29,5.714
2026-06-21,F04,Factory,P015,200,1,3,198,35,LOW,66.0,5.657
2026-06-22,F04,Factory,P015,198,12,8,202,35,LOW,25.25,5.771
2026-06-23,F04,Factory,P015,202,3,15,190,35,MEDIUM,12.67,5.429
2026-06-24,F04,Factory,P015,190,6,16,180,35,HIGH,11.25,5.143
2026-06-25,F04,Factory,P015,180,0,4,176,35,LOW,44.0,5.029
2026-06-26,F04,Factory,P015,176,6,10,172,35,MEDIUM,17.2,4.914
2026-06-27,F04,Factory,P015,172,8,2,178,35,LOW,89.0,5.086
2026-06-28,F04,Factory,P015,178,12,16,174,35,HIGH,10.88,4.971
2026-06-29,F04,Factory,P015,174,2,4,172,35,LOW,43.0,4.914
2026-06-30,F04,Factory,P015,172,10,12,170,35,MEDIUM,14.17,4.857
